,symptom_cough,symptom_dry_cough,symptom_productive_cough,symptom_shortness_of_breath,symptom_wheezing,symptom_chest_tightness,symptom_sore_throat,symptom_runny_nose,symptom_nasal_congestion,symptom_sinus_pain,symptom_loss_of_smell,symptom_loss_of_taste,symptom_pleuritic_chest_pain,symptom_hemoptysis,symptom_exercise_dyspnea,symptom_orthopnea,symptom_chest_pain,symptom_exertional_chest_pain,symptom_palpitations,symptom_orthopnea_symptom,symptom_paroxysmal_nocturnal_dyspnea,symptom_leg_swelling,symptom_exercise_intolerance,symptom_syncope,symptom_fatigue_on_exertion,symptom_resting_tachycardia,symptom_bradycardia,symptom_clammy_skin,symptom_cyanosis,symptom_peripheral_edema,symptom_claudication,symptom_headache,symptom_migraine_symptom,symptom_dizziness,symptom_vertigo,symptom_seizures_symptom,symptom_focal_weakness,symptom_numbness,symptom_tingling,symptom_vision_blur,symptom_double_vision,symptom_speech_difficulty,symptom_confusion_symptom,symptom_memory_loss_symptom,symptom_tremor_symptom,symptom_gait_instability_symptom,symptom_ataxia_symptom,symptom_paresthesia,symptom_facial_droop,symptom_photophobia,symptom_phonophobia,symptom_muscle_weakness,symptom_spasticity,symptom_nausea,symptom_vomiting,symptom_diarrhea,symptom_constipation,symptom_abdominal_pain,symptom_abdominal_bloating,symptom_heartburn,symptom_loss_of_appetite,symptom_gi_bleeding,symptom_dark_stools,symptom_jaundice_symptom,symptom_dysphagia,symptom_early_satiety,symptom_hematemesis,symptom_melena,symptom_weight_loss_unintentional,symptom_weight_gain_symptom,symptom_bitter_regurgitation,symptom_fatigue,symptom_fever,symptom_chills,symptom_night_sweats,symptom_unintentional_weight_loss,symptom_polyuria,symptom_polydipsia,symptom_polyphagia,symptom_heat_intolerance_symptom,symptom_cold_intolerance_symptom,symptom_hair_loss_symptom,symptom_muscle_cramps_symptom,symptom_joint_pain_symptom,symptom_myalgia,symptom_arthralgia,symptom_photosensitivity_symptom,symptom_facial_puffiness,symptom_cold_extremities,symptom_hot_flashes,symptom_low_back_pain,symptom_neck_pain,symptom_joint_swelling,symptom_morning_stiffness,symptom_reduced_range_of_motion,symptom_muscle_weakness_msk,symptom_bone_pain,symptom_limp,symptom_spine_rigidity,symptom_tendon_tenderness,symptom_enthesitis,symptom_rash_maculopapular,symptom_rash_psoriasiform,symptom_urticaria,symptom_ecchymosis,symptom_petechiae,symptom_alopecia_patchy,symptom_hyperpigmentation,symptom_hypopigmentation,symptom_photosensitive_rash_derm,symptom_livedo_reticularis,symptom_digital_ulcers,symptom_skin_thickening,symptom_telangiectasia,symptom_pruritus,symptom_easy_bruising,symptom_frequent_nosebleeds,symptom_prolonged_bleeding,symptom_fatigue_anemia,symptom_shortness_of_breath_on_exertion,symptom_pallor,symptom_recurrent_infections,symptom_night_sweats_heme,symptom_lymph_node_swelling,symptom_splenomegaly_symptom,symptom_low_mood,symptom_anhedonia,symptom_insomnia,symptom_hypersomnia,symptom_anxiety_symptom,symptom_panic_attacks,symptom_obsessions,symptom_compulsions,symptom_social_withdrawal,symptom_suicidal_ideation,rare_symptom_digital_clubbing,rare_symptom_butterfly_rash,rare_symptom_malar_rash,rare_symptom_raynaud_phenomenon,rare_symptom_erythema_nodosum,rare_symptom_oral_ulcers,rare_symptom_hematuria,rare_symptom_proteinuria,rare_symptom_bloody_sputum_rare,rare_symptom_neuropathic_pain_rare,rare_symptom_foot_drop_rare,rare_symptom_optic_neuritis_rare,rare_symptom_spastic_paraparesis_rare,rare_symptom_bronchiectasis_rare,rare_symptom_steatorrhea_rare,rare_symptom_massive_splenomegaly_rare,rare_symptom_portal_hypertension_signs_rare,rare_symptom_hemolytic_anemia_rare,rare_symptom_pancytopenia_rare,rare_symptom_bone_fractures_pathologic_rare,rare_symptom_bone_marrow_failure_rare,rare_symptom_hepatosplenomegaly_rare,rare_symptom_arrhythmia_persistent_rare,rare_symptom_cardiomyopathy_rare,rare_symptom_dysautonomia_rare,rare_symptom_skin_calcifications_rare,rare_symptom_angiokeratomas_rare,rare_symptom_kyphoscoliosis_rare,rare_symptom_lens_dislocation_rare,rare_symptom_tall_stature_rare,rare_symptom_hyperextensible_skin_rare,rare_symptom_joint_hypermobility_rare,rare_symptom_macroglossia_rare,rare_symptom_hearing_loss_early_onset_rare,rare_symptom_developmental_delay_rare,rare_symptom_proximal_muscle_weakness_rare,rare_symptom_bulbar_symptoms_rare,rare_symptom_respiratory_failure_rare,rare_symptom_renal_cysts_rare
symptom_cough,1.0,0.49710839603405943,0.4936012994583038,0.49380372152245045,0.49711147670025096,0.4995877457610586,0.4942973041863363,0.4983358794002874,0.49866737399801525,0.49328721147123605,0.4958722680569192,0.49577419668392947,0.4959553798953677,0.4955145610162741,0.49493345316730203,0.4937023687506079,0.0067331273991204955,0.0032001450560033484,0.004772956883543257,0.004511512953835846,0.007968613324143376,0.00515525470145828,0.004008769016720278,0.002890359111879086,0.005969163576520917,0.008797524605803282,0.005263014398358232,0.0013185331632456292,0.009386963472324945,0.00960819236229698,0.005051398465119454,0.006403213280286165,-0.005076137939202963,-0.00232673806834656,0.002294274198303821,-0.002931121906693417,-0.002152097733390899,-0.00010708717307824283,0.001123180710617768,-0.0018404798416300418,0.000583440724035634,0.0017729148190059917,-0.003675789617693315,0.005556919720819155,0.0017668658013547584,0.0009620496595244023,-0.0007489578561913583,-0.0006637900991646599,0.0014488965819841357,-0.0017707152625357962,0.0008074609449095119,0.0020922733252911204,-0.0036480914858839663,0.002431045885202932,0.00304343219154048,0.0030097678276010003,0.00087194670307625,0.0023502487365927613,0.005748311835309215,0.002399731119003852,0.004109380553167809,0.00569233745443794,0.0027012190592616368,0.00549324761137111,0.002361043088453061,0.0041133462979936865,0.001109274271993081,0.001771045004344746,0.0011997656404128727,0.001996728709388022,0.007771138583258183,-0.0016830157899041433,-0.0021757021632137154,-0.0025176835874553575,0.002712992484462087,-0.003679572807958765,-0.0031272475821633046,-0.0050771012506903145,-0.003528272350823315,-0.00254497501826078,-0.005077325629110451,-0.005603078665338579,-0.001576641134157799,-0.0023891792317345026,-0.0014601827937743964,-0.004607801404822154,0.0002913953963288808,-0.005190008021823138,-0.0004764598799078307,-0.0007954140886345126,-8.691491844786987e-05,-0.0019624597948802547,-0.00260283057297109,0.00017615545376311565,0.002646638409412418,-0.0012833213465851196,-0.0009982408335545727,0.0010520341809587802,-0.003620090205086098,0.0006735768868173371,-0.0027646031940985775,-0.0006136274186991942,0.00026384574415090904,0.0024892455948533755,-0.0012322802540509156,-0.0017544462881444057,-0.003784698980985451,0.0009389938135840878,0.0013617870802703344,0.0009047373782707081,-0.001121209785592745,0.0026535767424851475,-0.004608783878013105,0.0029379718694893687,0.0017984540482087839,0.0019639445605376927,0.0039045338928444203,0.004287558871746237,-0.000207297110092333,0.002996074388769849,0.007692329581498579,0.001109451996950928,0.002905689603862073,0.002017247295350186,0.004605086462727427,-0.0030027147744158965,0.0011983253897030596,0.0008101788347920949,0.0019374686800102167,-0.002229592710421053,0.003848169836143577,0.004922809476808174,0.0029802488316553227,0.0033041525334217806,0.00494179056506148,0.00526882434127353,-0.003065679616393016,0.0044424886937555735,0.0017450361631387223,0.006749020937750906,-0.0063773811118994035,-0.004207756307043761,-0.0003470843599416016,0.003698445475275539,0.001679136977145468,-0.004799096212221035,0.0028887910168342345,0.0016828650447218573,-0.0015426815595658697,0.0009152980778934373,-0.0043340141657555245,0.008594918334118502,-0.0022185917340245094,0.004733859932500305,-0.0054274486203732975,0.0034819762236672153,0.0035786943584997107,0.0041760551970469965,0.0009329628092210491,-0.0003691230629054238,-0.0014646471337647334,-0.0002035636387530269,0.0044460415251636924,-0.003996510821894278,0.006346126646439923,0.006064871228815215,0.0026075367844536827,-0.0005312376088600296,-0.005384758300424925,0.0029349351883678964,0.0012243095854550404,0.00032284388849628085,-0.001429148306003641,0.00197144853813674
symptom_dry_cough,0.49710839603405943,1.0,0.4962009864459009,0.4942973095795535,0.4997214053019814,0.5020752909475624,0.4935925015033171,0.5027927207586758,0.4999478288152135,0.4954255238605134,0.501975960691221,0.5018765074128096,0.4979093926436216,0.4980461938714829,0.49476581567014055,0.4964985945451314,0.0036160887568755956,-0.006973811385031052,-0.0006137658655857317,-0.0018122224802743505,0.00442972099202758,-0.005725831214926508,-0.0006920932107989267,-0.0038407990652572226,-0.0016226737398734397,-0.0022491692454340738,-0.004114148050840294,-0.004565275918226322,0.002100092024237101,-0.00020012649899772873,-0.003778191312871831,0.002576207543497067,-0.002264440026086197,-0.0005801962753612868,0.0016177225375968184,0.0014495346698087989,-0.004392243725703958,0.005134249194245473,0.005084565205542268,0.0008341811697898062,-0.0025851509568826517,0.0031035226043033457,0.0013457291155175174,0.005190433776191364,0.0036623866013325217,0.003422673708544568,-0.002566315126046458,-0.00019883126049192787,0.0007227680432136157,-0.001444015612875905,0.006193476426337187,0.007124087410897827,-0.0010483708800787866,-0.001746436508134369,-0.00523417668468961,-0.005058909428437706,-0.002432331833082271,-0.004242880826312305,0.0025910659771342915,0.00024043085698892535,-8.446248962747213e-05,0.0030136294083706744,-0.0014217421601289272,-0.0001102719025213825,-0.0032872649257680185,0.003607403641173979,-0.0026636671295752843,-0.0016526132412454147,-0.0018661506545786886,6.627694259972657e-07,0.00403873161243171,0.001808191985594536,-0.0013971309740059583,-0.0014059199990837919,0.005619850473438395,0.0005336948323613783,0.004071044186289078,-0.004111711773517208,-0.001495087943575921,-0.0005713370024295456,0.000791842206717767,-0.003111612529285182,-0.0056879684092076,0.0008395725876542332,-0.0017357347547609404,-0.0012473889437858337,0.002135040713056518,-0.003351816414063507,-0.0012059189957892593,0.0005720931805076478,0.009278925135888539,0.0022774791643638713,0.00548950463572858,0.004278423397651284,0.005328255966829678,0.004739917960701973,0.004094484199883975,0.005865807478050386,0.0018281170534609511,0.009319440098049891,0.004455138714766856,0.0015256011935747935,0.0008732496431309656,0.0005815355777471553,0.0027527511862013867,0.0025582533184767713,-0.005264919288335031,-8.994831354624985e-05,-0.0012410689013154076,0.001189258667487206,-0.0009219872995878588,0.0027844044026325114,-0.0017565255142977566,0.006045325994815657,0.0014483764647650861,-0.0029616433429815315,-0.003511910783831816,-0.0029804412654470653,-0.0030340942190683414,-0.0027963504895888646,0.004942801365577095,-0.00250291875182758,-0.007390969206194655,-0.010978726325997112,-0.0018407681042712748,-0.004165928436256443,0.004410416285123934,0.0021000840038395193,-0.0016235106498797142,0.00023800308767925476,0.0026781852659098215,0.0016272516995162864,-0.0022624715936318067,0.0020606159754319345,-0.004277981329893656,0.0101136576926743,0.0003747929390523032,-0.0005391278233525371,-0.001773837336060953,0.0039253012530438185,0.000725459456947746,-0.005105785455976428,0.003714258266898947,-0.0016852059426465348,-0.002595745300805693,-0.0002151083014568954,-0.00397090533823579,-0.0071392467167543765,0.004955204526163593,0.00034977153192093847,-0.0021030131091228765,0.010053518932822397,-0.0008557402734862856,0.003219243391027603,-0.000989482683732748,-0.00031011283270673964,-0.000493363965049009,-0.0010321108573827272,0.004948826408764671,0.0013867350060117623,-8.524266392697024e-05,-9.246518332641148e-05,0.0016678910049412574,-6.87327671802997e-05,-0.00032140944103742504,0.008547705636386446,-0.0007118497276712958,-0.0016429028060131793,-0.0005283783788276267,0.002560729388662824,0.0023477344656372624,0.0057597334665346524,-0.0012646593981555825,0.0020892127512869884
symptom_productive_cough,0.4936012994583038,0.4962009864459009,1.0,0.489673579063374,0.4953525702765101,0.49585982745029633,0.4881142175827503,0.49611379791439236,0.4933376091258228,0.49014187041631024,0.4969438415730661,0.4962533672049896,0.4934102168648446,0.49744511119983986,0.48823138546209727,0.496224938821825,0.010283169121496941,-0.002850337523560694,0.005334303059379361,0.0037521517123174455,0.006791778009492097,0.007450225572960374,-7.547511438016858e-05,-0.002727371599097146,0.0033984962407203035,0.007761425305245067,0.004226753417056095,-0.0019334446885502141,0.007517225702594894,0.007318312807277898,0.001581316865166753,0.005036630088872697,-0.0018891839135211609,0.0017171588156968912,0.001500970988798717,-0.0021588237441620564,0.0029574900941068266,0.003656064287405667,0.0036705452944856484,0.0029822872885378634,0.001997530815942508,0.001907137706856148,0.0046470401421240684,0.0025696835553870017,0.0014735805690127895,0.005370566229761374,0.0023019907808304483,0.0016038065608898935,-0.0026010031556998993,0.0040463539938349734,0.0049994896052812585,0.005003173907960466,-0.0033732992708687473,-0.0007462796965240921,-0.0026921313958149042,-0.006974904029514558,-0.004011473516299586,-0.006711936111692458,-0.0051885540795533125,-0.0008589449634062983,-0.002277661857178302,0.002989450500586067,-0.005792951770257661,-0.0006077526567154916,-0.003925896508161877,0.00024970012246182345,-0.004516985563734404,-0.0047326142266998035,0.0007448477319079615,-0.004032943519442633,0.004132294728586448,0.001129048242724896,-0.00029034711264988984,0.0011496735114873114,0.004532597887165722,-0.0024537701342244736,0.003390840790442622,0.001044106864032611,-0.0011805397513168306,-0.003234854720962413,0.0018310740800091437,-0.0013379469403485035,0.001826846957302437,0.0016077208138671778,0.0014812133499327836,4.283096769808751e-05,0.0012521400735165417,-0.0032413024527584563,-0.0016928654827370652,0.0020199129190953727,0.002248823801344643,-0.0038934721469628744,-0.000262152384589026,0.0034289124903676732,0.005055744724285219,0.001696219598235079,0.0018255901729123138,0.0011868010278313942,-0.0033455222622518176,0.002013203890058682,-0.0019218800926741443,-0.00044366676835923063,0.0003529646720565885,0.00047796089050479787,0.005365706945258712,0.0036682157141278843,-0.005459219655260081,0.002077454212732523,0.0019328552759134044,0.00026980408978135895,0.0022652034048078213,0.001378043442983236,-0.004360270183221281,0.0025467472671678575,0.0010056186503042946,3.66251364350455e-05,0.0006466325464852072,-0.007499792350968563,-0.007132046832594024,-0.0002807314278127311,0.006515530278508311,-0.0031733475329005474,-0.0011436995037398397,-0.002762671148814775,-4.470959634170363e-06,0.0032519474426258776,0.007618139348617613,0.0017411374825538927,0.003094157101704681,0.0016580511216925454,0.004410708570401374,0.0024540470361421535,0.006802105274709042,0.003272942917584701,0.001733599758869319,0.009996943119355632,-0.004682047491160711,0.0025401535797771615,0.0005425834589922998,0.002334601382783299,-0.0025644816925619054,0.005890169868326875,0.00489235533432553,-0.00021282724798965514,-0.0027175255092015686,0.0008410508851672425,-0.0020601236835722622,0.0023001911950892512,0.0010338939660496727,0.00023536474293301004,0.001998738971300734,0.005361486320139541,0.0038747906010900487,-0.005341787430167648,-0.004873196582202875,0.0027158306257075476,0.00047104209841129796,0.002190466608313171,0.003529039136206438,0.0012338548217370583,0.002250587899981286,-0.0018223289495434528,0.005189670463694912,-0.003979065724550589,0.004854239702649958,0.004930945945612853,-0.004228312988992634,-0.003020947223886216,0.0013793088717675103,0.0029568252563251097,0.00020434733319057058,0.004308190580050953,0.00459372655935774,0.003579609652590559
symptom_shortness_of_breath,0.49380372152245045,0.4942973095795535,0.489673579063374,1.0,0.49633960169500885,0.4935558259936002,0.4961666819415234,0.5018438979013126,0.497174031216993,0.49126900247807587,0.49713252704648714,0.4938857853247273,0.49386796925529597,0.4953421055178651,0.48942560208117764,0.49629561355858703,0.006223012991668168,-0.0002948128773715966,0.0023217311072713975,0.006016788646809224,0.0030813024578402568,0.0027726375414237584,0.00017247855931532715,-0.0009474246402625527,0.002610958812883773,0.00655016693569752,0.00017327827323695717,-0.003484816719244233,0.004709530017330582,0.004093564365524194,0.0012791675633179852,0.00300691036338686,-0.0030624667991289555,-0.00031078899793463087,0.003958358129388008,0.002414365585784002,0.00021797716061634534,-0.00043570092007584886,0.005326808816269063,-0.0008218221050851393,0.0016048684718320176,0.002787287012278716,0.006032329953354882,0.007204578551080493,0.003994135010289639,0.0019870992811310585,0.0034024963340443175,0.002917392726086737,-0.0007286582756354672,-0.0010362816217178354,0.004818581585932368,0.008167033018869334,-0.00014191615803201075,-0.0015733289060952062,-0.0038631896964067235,-0.0040555359610784545,-5.624714439611869e-06,-0.004830720380090719,0.0017398056004629605,-0.0009295903665920446,-0.0025546411393828406,0.0011405594241516472,-0.004775437892680599,-7.607894307950538e-05,-0.001774017948314117,0.0009210966080349448,-0.004864449708981615,-0.005421387265480536,-0.007470431637669877,-0.0007165997863505511,0.0036330106899386187,-0.0051737062707033835,-0.0024967275451830365,-0.0007948287040397269,-0.0028902398902506594,-0.0024045876743955235,-0.0005365414681275096,-0.005393009258150381,-0.007478961512746226,-0.006032789247645655,-0.0034805764806758554,-0.006382746579951693,-0.004604100401537328,-0.0025798795152413546,-0.003498199192328302,-0.007039176943556527,-0.0037932099231186176,-0.004325917476389255,-0.0031086714188374724,-0.005346890375109208,-0.0004896998437445387,-0.003569791056440098,-0.0029992594230049165,-0.0038408034114317926,0.0003963607114152062,-0.0030333199771333265,-0.00529376221562554,-0.003462385165364606,-0.006007967052239372,-0.0032731501365898526,-0.006354497101717985,-0.0017434481793497773,0.0014604174212944927,0.002488396810217504,0.00044933863887300807,0.0009153521442587175,-0.0030701497199893918,0.0015075501045168334,-0.0008913892449641306,0.001461943397697844,0.0008848292555120657,0.00529264709573369,-0.003085974217476754,0.006694178953105683,0.0022704600386172515,0.0009243820485036966,-0.004052154068903356,0.0017438131817791474,-0.0027446489555181404,0.0068138092693945445,0.007985931416206248,-0.0023570351886601348,0.000858141705291188,0.0005599997054803121,-0.001368916867272255,-0.0025351848736336244,0.0038908863558158317,0.0025277755100858263,0.0018178108578787585,0.0010432924855012416,0.0006850218926252448,0.003611290215716157,0.0029290828517830603,0.0028846442783032355,-0.002721941109178423,0.006784639719147345,-0.0020443549961626116,0.005658205179841351,-0.005643402676946661,0.0015262618981269661,-0.002641589614385716,0.0004908195002832433,-0.0004062822389570713,0.0005078774483582052,-0.002794724489179366,-0.0014546203670075563,-0.00012627222207871498,-0.003756254553275509,0.002276403492522262,-0.0005332062103717422,0.0033274845270669868,0.005928790177526007,-0.004708364833346544,-0.007107636260721281,-0.0006968371063669834,0.005772600607700228,-0.0006166421900547305,0.0027802039528596785,0.0008720324685030816,-0.003075108226103974,-0.005219693252162059,0.0013803654992491467,0.0022113154733767724,0.0035067789142084393,-0.000492379874680118,0.004261752920033893,-5.9316639074845545e-06,-0.0005927444931443495,-0.005438190531277848,0.0006811332619127437,0.00015536702967774489,0.005549081825673735,-0.0004090620413173537,-0.002057814090115016
symptom_wheezing,0.49711147670025096,0.4997214053019814,0.4953525702765101,0.49633960169500885,1.0,0.49790770775722937,0.4953265460547949,0.5009383911629384,0.49699270384385796,0.4910879812855017,0.4992491456995428,0.5000897475081477,0.497234549498908,0.49898497715152423,0.4957603177870986,0.49486281016990313,0.002026895463349424,-0.004496422130802689,-0.003038374115436341,0.0007788613419617785,0.004996349987714764,0.0003175436516517509,-0.0013818110917088301,-0.005000211399980383,0.0032063967870622806,0.004784125201825096,-0.002008251231189362,-0.005454148812188356,0.0032212810320304277,0.0030902040474276448,0.00215145125282124,0.008827346834563484,-0.002594870905115298,0.0010098148092074334,0.0002990432087607589,0.0016046885015663704,0.001822343422410427,0.0007440807037245435,0.0026740994031237146,0.0027690936219720535,1.1571438111778813e-05,0.0018356936830542625,0.0028722525505949855,0.003984755331759527,0.0016197945073080104,0.0018155891872368736,0.0008846127771141906,-0.00016855982727273896,0.0022179043365494304,-0.0032657105748157434,0.0032953592003033467,0.0077107572901974715,-0.003295307882203085,-0.0016727874183290249,-0.0061949993172420595,-0.004970604101817418,-0.0056804393998314846,-0.006284201995119107,-0.0021663540311830467,-0.0029373026251698934,-0.0013609567913854474,0.0007012043034036615,-0.007119497807824436,-0.002960562496531189,-0.004921873721764462,-0.0023753787418403626,-0.004624160174576829,-0.005588583608359515,-0.005741433133367205,-0.0035993356473467,-0.0002582191890556639,-0.0007811121721494185,4.4255100003451994e-05,0.0018763020505060998,0.0008362017923245144,-0.0009150699597660744,0.0005537951319853493,-0.0023193406022236187,-0.001438815419054955,0.0007900953662689561,0.0007780619286517703,-0.0019910724936052023,-0.00298825003323906,-0.0010304096037399145,-0.0016184254122764764,-9.218643273775485e-05,0.0005278494355734826,-0.006599848052559807,-0.003603329986927407,-0.0006831587835523793,0.005158013394529518,0.0005952058615817766,0.0022391188908620152,0.0017225097053553372,0.00548112678256718,0.004261072721289679,0.0061276319958601085,0.0035200563084294948,0.0024197042960067074,0.006113731397040284,-0.001145296681424483,0.0004714536432020383,0.005206249579486452,0.003916116822235478,-0.0016621585616850543,-0.0008855431075646947,-0.005256146588333788,0.002130036142295734,0.002772651603470559,0.00015246611908001552,0.0006196086202935286,0.004305647383507345,0.0005016960858494054,0.006589627630322185,0.0036889060589847173,0.004989832466921673,0.00042403068093176073,0.0033068499006029092,-0.004099857561648183,0.004278564990019121,0.008297125099592772,0.0017233414005054003,-0.0016871065694955775,-0.0028086109887314986,0.0014509344914140692,0.006080574661448601,0.003789449721034636,0.004197897974231763,0.0016421361192339493,0.00131130394100433,-0.0008251998619127911,0.005060982837624305,0.004677898425326197,0.0031538438311926047,-0.0006811211874523187,0.005213179935043605,-0.0015022384340871806,0.005015624697418937,0.004118519753246614,4.82745516892615e-05,-0.005804278960991054,-0.00216147420730543,0.0028515073583643014,-0.0010633805646880227,-0.00027673289086177857,-0.0003309868921434122,0.005819489577102184,-0.0031619317489929117,0.0022750459225479537,-0.0005355587992732393,-0.0022846109658214387,0.004626117047099492,-0.00046286748654344025,-0.0020667961196057286,0.00036656191240832956,0.0010846982275815457,-0.0037346201855147335,0.00411219087250591,0.0002256185663182223,0.0032397606129467406,0.000932841196049269,0.0013782997548539928,0.000757036229614736,-0.0027972532256653375,0.0025196965900161224,0.0059900067179376616,-0.0008632327809101358,-0.001848111646401908,-0.0013956882037764991,0.003948562856485613,-0.0008766360234784609,-0.0010598426999324107,-0.0015022384340872342,-0.005242982059602026
symptom_chest_tightness,0.4995877457610586,0.5020752909475624,0.49585982745029633,0.4935558259936002,0.49790770775722937,1.0,0.4953110079911956,0.5030814810693043,0.4977033427409159,0.49232223395774594,0.5007854082103083,0.4998008522326266,0.4985154042918983,0.501075138262774,0.49718518209762946,0.49932038955388053,0.0013968139182988786,0.0010650764928245796,0.0006847915218902637,-0.0024152117291344507,0.003531916106060291,0.0019668241098529057,0.004350448766595149,-0.0018840402295699857,0.004106701760303607,0.00921158041917881,-0.0018029462386034097,-0.002416144558467421,0.007373052197453215,0.005237752535977317,-0.002015221976126298,0.0037696737594953545,-0.0009658742772955761,0.0041295853890712195,-0.0005492658681391237,0.0021644717178212715,0.00047078185607293707,0.001526619881709329,0.00677087797735123,0.0024787460147515723,0.0017173393034388231,-0.0011474957512162386,0.0005986664433393209,0.006026155047598245,-0.00015642616405433385,0.004165539091382015,0.002092721515210953,-0.0015871212284143737,-0.00012900758958977687,-0.0031234497936793028,0.005639528091058083,0.006354982247441318,0.001245084997654209,0.0018468973862075103,-0.0022919601048155833,-0.0022555064873876493,-0.0011972436090627032,-0.0019689668974389217,0.00013801975883347053,0.0008804342511186797,-0.0011575492931128243,0.0013717719721985074,-0.0006608936206367142,0.001647250795096753,-0.0006719147866182211,-0.0007462501855592346,0.0009358512217804207,-0.00023888472347718972,-0.001967318012901554,5.5052064055791854e-05,0.004252360320358002,-0.0019469161154494236,-0.00573937400546849,-0.004171937481231929,-0.0014555426911015755,-0.0025375193746810694,-0.0031865486454073313,-0.004405594739920455,-0.004649442024082335,-0.004926312438007899,-0.0027649021208680934,-0.005398583569332357,-0.004352747071452191,-0.0028589817342629395,-0.0026550752399659688,-0.005937100284299543,-0.003146908504976916,-0.006580288831215015,-0.004904105229328999,-0.0028361462630282987,0.007060925847273807,-0.002386264155776152,0.0036633659568303042,0.0012845502747437436,0.006891672894262914,0.0002808691273416481,0.0008090495085480941,0.0027981529961724908,-0.0027643030710279614,0.0011451223937555593,-0.0005899940716209879,0.002400587105549299,-0.00022802679951441638,0.0026549318351418725,0.00413495966514242,-0.0001225764323002898,-0.00419420811559089,0.004666128044438743,-0.002336880776119591,-0.0009476191659257174,0.004254845210390612,0.004560824120747858,0.0027668489502364994,0.00715920712436942,0.004983249550290409,0.003926149004111248,0.00019660303959870181,0.0019122491697210668,0.0010833982033803102,-0.0007949736138820275,0.006479813565884867,0.00125294537038622,-0.002818282827339914,0.0014866905895598486,0.0013958516931183442,-0.0017802684972388926,0.004129540973415203,0.00010332118372174193,0.0011760074188210037,-0.0015265349973115979,-0.003438562920719045,-0.0005108992340440945,0.0008747802802101148,0.0023862788769126483,-0.000934590740299284,0.009042763047221835,0.003825637527690504,-0.002759334831936322,-0.0008680785191647617,0.002171948115154838,-0.004004989025811018,-0.0006926734836644443,-0.0005068416039334744,0.004341221069893118,0.002138988617370707,-0.00038761945368334763,0.0037674655591809106,-0.0002845655921627992,0.0009411184812903555,0.004934158558407423,-0.005174695354601373,0.004521469395737931,-0.000568213591449527,-0.0027386632833715633,-0.007210518909050584,0.0033409801399544212,-0.00482925232128965,0.005343640353451546,-0.0011605204641854596,0.004165199606710508,-0.0010169631415331308,0.00048324884121609524,-0.0007825188019939732,0.0033976750332079713,-0.0020844137247123234,0.0058711093780236725,-0.0052087513294834485,0.002430741643063988,-0.007548845423943497,0.002192439149132592,0.0011203888950778135,0.0047824098381700035,0.0011036402300939555,-0.0029327457567446796
symptom_sore_throat,0.4942973041863363,0.4935925015033171,0.4881142175827503,0.4961666819415234,0.4953265460547949,0.4953110079911956,1.0,0.5005043970411994,0.49535122971076456,0.4934070817981911,0.4978447615429429,0.49477532723223105,0.49647905674930376,0.4959612465296508,0.4917588645436504,0.49916505031781955,0.0011534006802041883,-0.004622592176627666,-0.0009920838935809312,-0.0011405138473212166,-0.002975515279691842,-0.0026980826652354194,-2.828077733724322e-05,-0.00574113552285873,0.0005157253867141581,-0.0009517727398169199,-0.002955566160530762,-0.006465454597233573,-0.0009175660280215585,0.004649731403765159,0.001555617692965211,0.001962634881219189,-0.002454944507955111,0.0026457895237650313,-0.0012085114942213485,0.0009001070072989984,4.526417110580451e-05,0.0003112487550268928,0.003607867016812948,0.00426800054209529,-0.0024157181743462955,0.0028369980059473558,-0.00019701146145939248,0.0035005637276156708,-0.0006591870367007542,0.0023776651200643046,0.003942582798648027,0.0008227994168805866,-0.001602337590522574,-0.0023457793898354826,0.0035063179399728024,0.004150915920838797,-0.002661276532399322,0.00144617339400841,-0.002873624060625903,-0.0007693519655239604,-0.00039083794498436837,-0.002693030243458227,0.0002693349351627743,-0.0006456272890447606,-0.0031538455240958385,0.005116616548820531,0.0006889417161098499,0.0035580948590289156,-0.0011933037744831444,-0.0010318306097153048,-8.165683038704898e-05,-0.00288306337638825,-0.0026920578553348996,0.002849188244970149,0.004767690002663381,-0.001046848817244137,-0.0037203229783221254,-0.003002443233043834,0.0019029341183974026,-0.003846072568308917,-0.0034869339899492044,-0.002790292816745384,-0.0025617321499272422,-0.00679189981452733,-0.00398040262795876,-0.004837790433105851,-0.0049019938953844345,-0.002278558431211048,-0.002869332124350196,-0.00653992237641169,-0.0038922841835666118,-0.00699413278333924,-0.0064341069585368785,-0.0029449164880509253,0.0018281277565723307,-0.0010467347292309026,0.0022321613473428536,-0.0006023616737004979,0.0032832024733526447,0.0009859896674166665,-0.0022687557747368514,-0.0006494206964411004,0.001779258636509165,0.0016682571192882575,0.0016307411731878705,-0.0016713549240453724,-0.0028103610420448194,0.0001180558902609317,-0.001979766408863007,-0.00033267911613420057,-0.009099880868719898,0.00017762709379971517,-0.0006651480255754702,-0.0002446096821845442,-0.0017100269604872866,-0.0009010413589404278,-0.0038311832475821884,0.004928195306307033,0.002583332820168345,0.0020450850541407616,-0.0016854810552467895,0.0032832474344438537,-0.006047856105075376,0.0018143824355350432,0.0038420171140077838,-0.002170813016572884,-0.006036704551537893,0.0015919448801346692,-0.001428162157774988,-0.004504865544812203,0.005181421224918598,0.0016066883252127127,-0.0017341395986679427,-0.0015106750940077785,0.0006306834855511359,0.0020969955383762675,0.0010323798246471235,0.0034293498134786156,-0.0016575312029424246,0.007692600216986374,-0.00516464620400296,3.5090000676598566e-05,-0.000620102093083794,0.00460290190411873,-0.005674402037788957,0.001186324402919408,0.00037927980494486526,-0.0017385175362313694,-0.0013993143523848453,0.0031279183964799365,-0.0010320012806438786,-0.0006272355990811817,0.0062024438832102725,0.0016822398257047122,-0.001460083086286208,0.0021657664632163875,0.004545397042941867,-0.005842032083675371,-0.0021376242558674963,0.0011997272611272078,-0.00781846128758328,0.0015780828717619202,0.002298156696968558,0.0018312666532469912,-0.00015499887029181346,0.0014890129945961251,0.00015286872889883925,0.0004943441312646353,0.007170518675703467,-0.000205235843355965,0.0009522637937336005,-0.0048474204685900225,-0.005318726590383262,0.003025691294214741,-0.002856802766659105,0.00502806098553038,-0.0018885112047159936,0.0004391539431317052
symptom_runny_nose,0.4983358794002874,0.5027927207586758,0.49611379791439236,0.5018438979013126,0.5009383911629384,0.5030814810693043,0.5005043970411994,1.0,0.503361695625279,0.5008716597732955,0.5059337469274655,0.504808377928563,0.4976080265933665,0.5025835811923038,0.4936245770132795,0.4967433500453005,0.004555523959441478,-0.0009290811200428851,0.0030871923444938886,0.0024725918011505566,0.006136954470306884,1.4717912707028596e-06,0.004470651540827512,-0.002061364091430395,0.00392717462421326,0.004258037458488515,0.005308876054867037,0.003027724436720937,0.009085625277604264,0.004089887482003366,0.00023259780352987252,0.005733051940976462,-0.0019786830271197263,0.0037603922614363617,0.001981833951018535,0.0035737838822644755,-0.0013975655024394693,0.0030681173137453452,0.00421839240691282,0.0012580715260254577,0.004611924903867841,0.0052250477686874245,-0.000356452910025637,0.007233102157028031,0.004726716295964803,0.0017182523524061058,0.005130168270028744,0.0012297155959211216,-0.000776254751333961,0.00047514682033725014,0.006404868734657043,0.008545309794052287,-0.002538483255409653,-0.00010437912596777772,-0.0007002263198677257,-0.00020819314165260253,0.0012595619845250528,-0.0020743845103006918,0.005387752617256629,0.002651595239298431,0.00047852950346173747,0.006692231123507379,-0.0005871749809166925,0.00302555305953723,0.002476614029281575,0.003003537360262485,0.001836597637012418,-0.001985154648650408,-0.0006500229960863701,0.0021801784872885932,0.0038888830481048535,0.003788110850288667,-0.001465048817507566,-0.00022293919938115182,0.00428170414178234,-0.0038286874528018614,0.002545413352092949,0.00304383241054502,-0.0005712717702517571,-0.0008453420431068914,-0.00013722137765799798,-0.0004637647244432645,0.0017084954133795216,0.003007471110951237,0.0005046325983630766,-0.0012622925732013732,0.001662198881477526,-0.0032932435843568675,-0.0023386611490619482,-0.0006793357023198027,0.002655743977785403,-0.00611634730389481,0.0017150855974991251,-0.0016927613144102922,0.004183384862652987,0.0004681953884118427,-0.003500845283042002,0.003931459492050682,-0.0010871780340283293,0.0030559361541045256,-0.00435018297340017,0.0008634273116620812,-0.002509692650006225,0.0033325879647193106,0.0010536912638967873,-0.0004252047686779436,-0.0020656457672403607,0.0015410629905172706,-0.0017314093860205605,0.0002977940860539866,0.0010865258362386149,0.005259239128977516,-0.0014399733469787567,0.004177434144460389,0.0033590077424403646,-0.000256279200358477,0.0010206824362289375,0.0029854243470531284,-0.000672937669430806,0.002527504159459597,0.005552384256725432,-0.004387528611585921,-0.0010997335342405015,-0.00230162771599428,0.0027149908287024383,-0.002148519848159475,0.0012392710528132637,0.0007774705204432934,0.0008638229539448141,0.004168044745772741,0.0026275665542914947,0.00651645603114522,0.0036879679634934342,-0.0004383784520141729,-0.003222278548003285,0.0076279167972793886,-0.0036068171730730607,0.0025255073461950793,-0.0019155547814255817,0.0037988235549483535,-0.007638895232659632,0.0021600329693293964,0.0016145203404967351,-0.00022435772095800356,-0.001470140906480149,-0.0014191481181858355,-0.00306097680466207,-0.003092638599922633,-0.004108296343561929,0.00022227850530964058,-0.00222531651411447,0.009249661890444833,-0.0009998666891940554,-0.0025527311925988426,-0.002220960588381325,0.002703725950226068,-0.0005774478703853619,0.00017296861118792792,0.004158668545002308,0.0038510353753836964,0.0010033889244708061,0.003064647548253398,-0.0020895213380940072,-0.003362115111000908,-0.00043802364214844494,0.0043367572914339726,4.2283763275746604e-05,-0.0017811100674081145,-0.006730733302812836,0.005121772432986831,-0.000835754508362867,0.00297132221500065,-0.0008791329211793472,0.001974654378267228
symptom_nasal_congestion,0.49866737399801525,0.4999478288152135,0.4933376091258228,0.497174031216993,0.49699270384385796,0.4977033427409159,0.49535122971076456,0.503361695625279,1.0,0.4965884739676964,0.4996473170765214,0.5007296042310991,0.495381559845798,0.49577383721364615,0.4933552705087972,0.4949547597948304,0.012092475312442133,-0.0006461496870323376,0.006171322526726639,0.003532527023391573,0.006016598803944565,0.0014817501057521948,0.0017230792493779137,-0.00024045463421035784,0.005612061178826889,0.009775861330913675,0.007071359268230483,0.00014045090891985426,0.007721931095722526,0.004661787657628492,0.004142635169076899,0.003419862119750402,-0.004413296205166382,0.0021116213068538866,0.004100757949080025,-0.0005566121557925108,0.0037106520223967707,0.00012907169030665946,-0.000687728479658587,0.002883281289107889,0.0047419529725905895,0.001097304608339635,-0.0005949612386042173,0.008303091551399067,0.0030777596990429435,0.0041931827031742395,0.0012685924353032295,-0.001995146421822913,-0.00028641359444778083,0.0014588235565438825,0.0054655545487260725,0.00361389786437163,-0.00298501941628721,0.004774382087855406,0.0027531101051390095,0.0061696915052215475,0.007435890899862786,0.002189951261631598,0.008844896498034625,0.010405034087544951,0.010612455460447092,0.010696976717502782,0.007973401197750408,0.011314711620746426,0.00966886301728025,0.009388019470918255,0.004948040622094413,0.004251160908566703,0.003820376236968095,0.006926726437802532,0.01243997677732032,0.0009305193461928592,-0.0008844350708011607,-0.004001855109958827,-0.002597126417416556,-0.001075857652849199,-0.0015119397925205094,-0.0030679974115169007,0.00040750769288603564,-0.00435543410840069,0.00024551623877630465,-0.0067698990216622686,-0.004117412102969761,0.0034676041595814193,0.0019512388818023656,-0.002848681877939837,0.0007953695333571822,-0.0032364212863439904,-0.0015530035913958787,0.001550241162256531,0.0027901046510674385,-0.006289197963373728,-0.002446403563190772,-0.005672532195475517,0.001681889586304379,0.0025867480741713672,-0.0006682086198427037,0.0010936150105426083,-0.00039514977497183645,0.002135700300351121,-0.0023017485319172157,-9.005796031691106e-05,0.0016653108994429374,0.0021867233014052595,0.0024186541163235425,0.0005218040168688917,-0.0059191720720060985,0.0024094736956916498,0.0025248477182079343,-0.0031718817580743863,0.0027720745229349517,0.004863356133286721,-0.0020904656925847614,0.007880841068557382,0.001275511882925848,-0.00029628306056321877,-0.0033562855742316606,0.0003555350049889446,-0.0010418757836017998,0.0008863835780272944,0.010712198422195021,-0.004025388686061576,0.0009436750507463343,-0.0026040585250131725,-0.002522731732514872,-0.0035130227074840576,0.0020944599395689018,-0.0005775887658209082,0.0034983694539425006,-0.0006642206157932418,0.0007316668287030749,0.00020660424543531754,0.0012111576936752401,-0.0018174145079261786,-0.0005151008880490085,0.006966127120684295,-0.00181263253398834,-0.0011818691220843458,0.0074024326219151,0.0017048966657420533,-0.0005431617311606457,-0.0067008295291150965,0.001098008542020026,-0.0016862319687036094,0.0005616985587212068,-0.00021583894439098785,3.420715055554603e-06,-0.004148043124932008,-0.00018928905246220159,-0.001744881167540962,-0.0014011587663620342,0.0028840905524474595,-0.0014655092215153148,-0.0035242408271149136,-0.005802433031703997,0.0012546997722690182,-0.0057014639118850505,0.003649541363613506,-0.0008617779807856661,0.0013851399763595944,-0.0013207454421064152,0.0031773258491712628,-0.00197240628020334,0.00308866993881292,0.0026994624712525245,0.003917646684841949,-0.0007128041978521294,-0.0010162175004124101,-0.00390886872554302,-0.00017320689599792908,-0.0038513214217575768,0.000459862242609541,0.0036521195926464876,0.0020881401499220054
symptom_sinus_pain,0.49328721147123605,0.4954255238605134,0.49014187041631024,0.49126900247807587,0.4910879812855017,0.49232223395774594,0.4934070817981911,0.5008716597732955,0.4965884739676964,1.0,0.49807200946319974,0.49732182109794765,0.49532994509789424,0.4955475585708473,0.49384634214367845,0.49221907409902005,0.0047960810270497225,-0.002009043951732545,0.00020936828844049654,0.0015322319972458421,0.004917603535988534,0.0062030938631132,0.0034623093404228386,-0.0021676441995165676,0.005003617282966779,0.007416281208305005,0.0016603270539869888,-0.0009601311061396045,0.010923320084839311,0.005235118441769735,0.002419340923718097,0.0017760651585127755,-0.0008026059678659238,-0.0008920408190876742,-0.0003995791523206655,-0.0012145996722114903,-0.0039161647537726075,-0.0005211674092041671,0.0005678825877042215,0.00044529705809052234,0.00045395980161058535,-0.0006285538020204326,0.00032497813070591654,0.0032986131594687856,-0.003980710272776028,0.0036111363873087853,0.0018967310866312508,-0.0022870957694454326,0.001248358175434337,-0.0033206378666724573,0.0012475278462395717,0.006021462759822515,-0.003990503711462101,0.00046462954450562975,-0.0010824184881083356,-0.002087242498753454,-0.0007561466423063593,-0.004285905334373485,0.0024196571860267487,-0.0014142203897743774,-0.0005171607165145414,0.0020242879965746605,-0.0028756934350027937,-8.358671930812379e-06,-0.00387170653758343,-0.0015316243793297788,-0.003848424586973404,-0.002095733668686747,-0.0015743711011585754,0.0007784439123060681,0.002964066910709402,-0.0022784733723880462,-0.0036956130665691156,-0.005224931924228793,-0.004153038667098919,-0.0026857813554744163,-0.0023338359912856263,-0.006334110981905319,-0.006501586875198471,-0.005514602812638486,-0.006663558157215112,-0.004083317764558434,-0.00613236398854184,0.00044799775072927546,-0.005025877979642883,-0.006585751133561386,-0.0057175937210214986,-0.00967516230506381,-0.009577325572384224,-0.003642306404328383,0.000635749205317722,-0.0023763270107993975,-2.52573502381429e-05,-0.0008035356844262264,0.0012375821643617227,-0.0038318712925611773,-0.0020473325867532114,-0.001274743423292572,-0.0012602662228725764,0.0028819922872483084,-0.006223456404442977,-0.00018201407709243488,-0.0017110705938120578,0.0017953851963202908,-0.002083920811663662,-0.0019638884144981255,-0.005515621574533418,0.0035596090987973284,0.001794713302966021,-0.001796470101634556,-0.0030994773881733396,0.0004374752376042826,-0.002327579170705499,0.0017666810547304693,0.0018301195628294365,0.0003316185894161785,-0.005062668931720551,-0.0026915768048589085,-0.0012531776693825902,-0.0010722076677811977,0.004886433740419956,-0.0054722977393824165,-0.00042153335342424677,-0.0035530721735140586,0.0009614713250560671,0.002117523251295813,0.004108923247473151,0.0003121301846228497,0.0021058917526634905,-0.0016929702470540957,-0.00013932079551771687,0.0031677480374236833,0.0027032821624103625,0.003323664047593481,-0.0028742654707685075,0.010760249446352668,-0.0014351190324932727,0.0012356226700133272,0.0029609517275445713,0.0015754068404395976,-0.0006897769838577695,-0.002623074489076344,0.003563077977810891,0.0021237230986205402,0.0004126139956638589,-0.0014241174414111846,-0.0030664542602670307,-0.004894171174207778,0.003589203935083289,0.0016070388918223125,-0.0022333038652999296,0.0033857373518656015,-0.0010092785468728339,-0.0008803570007338994,-0.0011643103162629488,0.0026960253979041366,-0.002662052404865121,0.002835321703877795,0.0028606432367787172,0.0001514963507036311,-0.0033177713909166087,-0.0026562094022336245,0.0008087356618389425,-0.003370907009184588,0.004833120440580989,0.005481252778502151,-0.004244441744244698,-0.0017901357443743282,-0.0020162197110974943,0.003474158046061464,0.0022521753661583544,0.007589966181003028,0.0034741580460614526,-0.00042192759165520096
symptom_loss_of_smell,0.4958722680569192,0.501975960691221,0.4969438415730661,0.49713252704648714,0.4992491456995428,0.5007854082103083,0.4978447615429429,0.5059337469274655,0.4996473170765214,0.49807200946319974,1.0,0.4970707189303008,0.5027365883513379,0.5024237702536952,0.4936686655948983,0.49770813958814336,0.0028773973411444797,-0.004457565165883791,0.0012576548157200022,-0.00010012307961754535,0.00147701286503616,-0.0016765485905335393,-0.00019305240378923404,-0.0062189247786356115,-0.002043179014570958,-0.0005376072678582868,0.0013403893531080996,-0.005019127566140915,-0.0005039402404170414,0.0015169816421647274,-0.002402886649900304,0.008399633574722423,0.004200548205393472,0.0031317864347507425,0.006840363758278549,0.003574377312653404,-0.0030056102712643445,0.005854291479513092,0.004425306837728286,0.0024733229929910488,0.005901726049891955,0.006495699384577776,0.0010248322679444614,0.0065114508767040976,0.0012604268650625438,0.004164049002958456,0.006064617949070591,0.0019602453239728444,0.0018442737146351698,0.00034593814169422423,0.006132772492792539,0.007700318147561635,-0.00017625388066645637,-0.0009493838334531036,-0.0048796908695351165,-0.004642548412218523,0.000689976698575387,-0.006246804445361597,0.0011414066687805628,-0.002258067068267848,0.00019010034467386975,0.0005423126970233923,-0.004746545627563847,0.0031897952209044744,-0.0029911260940131907,-1.1820670665077852e-05,-0.0032836666393357564,-5.277282581929822e-05,-0.005366775158978551,0.0010545114883592761,0.008484701488249698,-0.0003042616836746754,-0.005546240100839711,-0.0008213546222688538,-0.0008062752390840446,-0.0053128608566736304,-0.00035334632194437566,-0.0008453356255553607,-0.0043909505390479185,-0.003157667111450782,-0.004945483294583184,-0.005072600809889498,-0.003767098171735531,-0.0015509218687845738,-0.0020046390171255027,-0.002660507748539119,-0.002166613325644843,-0.004614729698191021,-0.0053076391763360615,-0.0025737739014404853,0.002094162082643263,0.00016829233055196902,0.0030225394846479575,0.0021938010557462327,0.004474031044232201,0.003118375999227611,-0.0008956157214335909,0.0035662136759944995,0.0009949939974142309,0.006788918152412485,-0.0027881651246340795,0.004419897604196377,0.003484497572704271,0.003253485402264013,-0.0017664110345506998,0.0033020329709558863,0.0003111947325898001,0.0031699294550497172,0.001454923228964485,0.004777166097376535,0.000915382783696868,0.0077901102610812385,0.0012734215434353768,0.009661800006437057,0.0065283389330306795,0.0027550675592227223,0.005513943367393563,0.005074622277584826,0.0006622505787779903,0.006562407815307648,0.009393807317215622,0.003008858885161285,0.0014704636425341313,0.0021539811307022152,0.0033974373292607217,0.0017491202065400943,0.0020499987091941348,0.002153721723394522,0.0030983508308269044,0.0006008805264186592,0.0024052893186112586,0.002205809622414046,0.0013832307198480686,0.0017872141126396269,-0.0040410811018846,0.00820723843407467,-0.00657989721501492,0.0035717063376706063,0.0002913320054180123,0.0013849372910206556,-0.00027469828682789036,-0.0007606276314797774,0.005295073539352974,0.002725951434675933,-0.00043561532491905394,-0.001542363511503471,0.0037283192412696704,-0.0027282843243444654,0.004752735966987196,0.0007105766691105575,-0.003823039558375507,0.004462565494331675,-0.00244457667893822,-0.0028014302052764006,-0.006209069137794512,0.005630515090458489,-0.004860697780138083,0.0032876892595077906,0.0007117298994227762,0.0014660723878483963,0.001996407332042594,0.001252550206156974,-0.003005510711882027,-0.003580125384772448,-0.002131000900427963,0.006380145806246233,0.0015822410808470117,-0.004505511824321275,-0.0028875760513533883,-0.0022277547134411206,5.609731034547907e-05,0.0014275382352548426,0.0004923343500425376,0.0033777353902971134
symptom_loss_of_taste,0.49577419668392947,0.5018765074128096,0.4962533672049896,0.4938857853247273,0.5000897475081477,0.4998008522326266,0.49477532723223105,0.504808377928563,0.5007296042310991,0.49732182109794765,0.4970707189303008,1.0,0.5011652615008264,0.501403563314487,0.4968598043428834,0.49820150877915775,0.00392338871932596,-0.0013526331001158316,0.0003784499095851047,0.005801199686964202,0.004391829674161458,0.0006878055870071812,0.0020372809004169106,-0.0017208547697635853,0.00301610412963316,0.0044596274644650435,0.0029407802760586794,-0.00120685059501812,0.006508063746967806,0.007352037230062503,0.0011295016095844259,0.001019823903383249,-0.0036139322417064437,-0.005199601440100515,0.00027059359612640796,0.001867446514809737,-0.0029630820021169443,0.00036193042211552575,0.00024242237760970387,0.0031028717787098146,-0.0005841290150398223,-0.0014512905767882914,-0.0007140283885403694,0.001270464170970689,-0.0008225498117079049,-0.0006345032950201547,0.0009297203649557421,-0.0023291546577235843,-0.005529343176383297,0.001183352525045515,0.0007783175974277463,0.0027751810315410777,-0.0019007252256929383,-0.004057558502359268,-0.003217048322865797,-0.0030761170384137446,-0.0034463351238420868,-0.005338386761761435,-0.002650666148794235,-0.0009054394893105202,0.0004678699617398146,0.0008997248812260117,-0.002980405011968831,0.0013148247631984801,0.0007021403005731361,-0.005244059034331205,-0.001505615576296431,-0.002947090816108697,-0.005337407672903668,-0.004217123635098261,0.0027926855943704184,-0.0005925222138655279,-0.001812704158477854,-0.002815121474001911,0.0024814065348729743,0.000461181046011254,0.0006098161185244052,0.0011741804052652855,-0.0016457127562063225,-0.0009290303357225989,-0.000551094259529888,-0.003983975387232405,-0.004976838691286385,-0.0016305595506826576,-0.0016916489320128996,-0.0016756449051131786,0.0023047149055794784,-0.005619063035742122,-0.0013012899584687232,-0.0004976472673589375,-0.0028857477697331545,-0.01024365938487818,-0.0017770253397239536,-0.0039622294251950695,0.001835466182780878,-0.007360598820248032,-0.0037156347749577596,-0.0018124723401933272,-0.0010177821388897357,-0.0025441175680204218,-0.008036183415504152,-0.0028787176167465412,-0.0008039188100688448,0.00044727762916094675,-0.003425665156632529,0.0004040936473965699,-0.010379458889619546,-0.0005405875646993679,-0.00026723732922558,-0.0016116060360571328,0.0015890923095344097,0.0011039350872217271,-0.004873765921854042,0.002191922769614817,0.0023356622379649976,-0.0020669514766163133,-0.001037787549298616,8.783783126467406e-05,-0.0034803394382701557,0.0038950697614330274,0.007418352022896737,-0.001343536398276338,0.002293901092037812,-0.00545567180921186,0.0006496465401966076,0.002810319179362569,0.0027278033142260436,0.0021861633731771876,0.005327728365874612,0.0011428929049851519,0.002707735017056017,0.002603917774644834,0.003915685346029784,0.005353885927417992,0.0034359202401712283,0.009977535713460208,-0.0025231194267217186,0.004439764617413568,0.0005207938925439694,-0.001375946778526771,-5.467534616206005e-05,-0.001559573097798879,0.0016080598954460869,-0.001799925687848729,-0.0008459664960382935,-0.001422697741611169,-0.007032838281125945,-0.004891562300428626,0.0023069745518745017,0.0009128970160360916,-0.002231021936984174,0.012494886128465638,0.0014227142183839147,-0.00031661752432218397,-0.0016948891089864733,0.004261276400766624,0.0004582202821221349,0.004173446303493735,0.006084853534066042,0.0022622039456723715,0.0040764542091033815,0.004691804505264851,-0.001368518450681589,-0.002107180859356418,0.0033272007672616195,0.0020191681888613324,3.745871991681341e-05,0.0019735439718405415,-0.004037754397022972,0.00565927305510595,-0.0029020461727531244,0.00032033434871632814,0.0056592730551059695,0.0051548838673369495
symptom_pleuritic_chest_pain,0.4959553798953677,0.4979093926436216,0.4934102168648446,0.49386796925529597,0.497234549498908,0.4985154042918983,0.49647905674930376,0.4976080265933665,0.495381559845798,0.49532994509789424,0.5027365883513379,0.5011652615008264,1.0,0.4978319174848704,0.49289611775880976,0.4941722489080913,0.0023979564471149958,0.0017897290381020576,0.0011992058816687012,0.0006663044231997925,0.0037704903162410603,0.0029659551204147157,0.002167283288774973,-0.0028234715320216573,-0.002321582353094555,0.0014767366015726027,0.006128373867065089,-0.003907376487465949,0.005808984177011477,0.0045046674143026065,0.0006503827778876602,0.005366187954455346,-0.007102716144090404,0.00011449618790903425,4.84881155772259e-05,-0.0025536119956242986,-0.002195686546106525,-0.0017113680924242104,0.0021974763324336365,-0.0031636752595812496,0.0008943677403086669,-0.0014726230032935327,0.0009830759593989933,0.0015237482415023128,-0.003676117158472965,0.0010659988256185927,0.0007725347147002032,-0.00241007569438256,-0.0029304313630071255,-0.002527258616549698,0.005384548200026499,0.003612588145908653,-0.002413470807397465,-0.0006991581050171792,0.0009154454220911009,-0.002631418343486978,-0.002388148699195323,-0.0008552881517491397,0.003088886019170762,0.0036344994556563263,0.0040400730058466035,0.004457841610770601,0.0012048791057896297,0.002221597777038491,0.0009159579582705202,0.0013232968783495511,-0.0018142664287551275,0.0013517628261892883,-0.002341429857513436,0.002324090095434101,0.007935998470039477,-0.0046186880156225555,-0.005376569704630372,-0.003941022604761661,-0.00418918950425305,-0.0013803886956204137,-0.003813538184590038,-0.005626888652215633,-0.007385461284736942,-0.00838279022675703,-0.004446330615617837,-0.00866353036330527,-0.006954900886233868,-0.003089149228791264,-0.0037418725988824556,-0.0038648489988318407,-0.002125200759161834,-0.008850694172147686,-0.007569100567414961,-0.005379827878107874,0.0033339546919268054,-0.0018602516990269004,-0.0009285805839487011,0.00039472594856248356,0.005289396053769383,0.002653448697089271,0.0022503960871593904,0.0020493995713088894,0.0008845807498471622,0.0021644226004666318,-0.0005607061667943948,-0.0004504572468258875,3.645400517422346e-05,0.0022761864587391542,-0.0009726219272107765,0.0051449656456705175,-0.004569998001874943,0.00259175498197702,0.00273227854756341,0.000600890244894138,-0.0015802573619246594,0.0008192592062285139,-0.003782291038725793,0.0023015236340743804,0.00332645590122533,0.0014490906622937373,0.0014676898198019673,0.005103176240713134,0.0009399928280726692,0.003158829404612712,0.006669744074595733,0.0011920803593515506,0.0014874177586513759,0.0005905249670138608,0.0031722684262444167,0.0033379668965414495,0.003638974632875694,0.00013068341394749418,0.004391458696646064,0.0015250289438656659,-0.0004491079946220844,0.0032786175532654857,0.002602156469091624,0.003079841229863067,-0.0021613928713739156,0.004343458726229173,-0.0005265494636406073,0.0010774002930140677,0.006449017037345941,0.0058590186611768265,-0.005265036715740779,-0.001218769891156989,0.0027520086599893754,0.0035598433700626416,-0.006040050683916945,-0.0015098513089928463,-0.00019087568504987402,-0.0044554957191953026,0.0022235299704457335,-0.0013200385139602597,0.0004302989383505374,0.0025766054537919667,0.002465124436988825,-0.004414948432952278,-0.0029469526904542507,0.0033431956490463824,-0.0006776631243041537,0.003346893372958467,-0.0005149582157412831,-0.0005641984832246282,0.00021519376811252757,-0.0003293375425953355,0.0021200644566864934,0.00340039893797392,0.0016809316044498368,0.008756061409121276,-0.0009353265912375877,0.003059064135475972,-0.0035067898391027644,0.0038287853104423328,-0.0009362678663824371,0.0014859517303675723,0.0016511179234008507,0.0018381631478052956
symptom_hemoptysis,0.4955145610162741,0.4980461938714829,0.49744511119983986,0.4953421055178651,0.49898497715152423,0.501075138262774,0.4959612465296508,0.5025835811923038,0.49577383721364615,0.4955475585708473,0.5024237702536952,0.501403563314487,0.4978319174848704,1.0,0.490599652850524,0.5010450313318581,0.004770359507888541,0.002268516614577434,0.005531700021877258,0.0021270812976241795,0.0015455861611002066,0.004175753486175196,0.004138941696773612,-0.0015746374417438674,0.00483214303218767,0.003568197942579466,0.0030226981814927643,-0.00042887963978080365,0.00902973999241013,0.0037428942093672953,0.0015537869135206525,0.012140922486110463,0.0005623173530839785,4.242378403892399e-05,0.002527407670772125,0.00015030588648589407,-0.00035186245355215334,0.006042023718070448,0.0039273474227918305,0.0019537560008984164,0.004025065777865569,0.0039373955118374646,0.0029682547419135103,0.009931707223993773,0.003572253890977321,0.004475038758341792,0.006895687479899117,0.0050561175000703,0.003331018646442232,0.0025928104309435158,0.007600824226447542,0.009387503271119882,-0.00042619190351322086,0.004411024866147012,-0.0001871578089421163,-0.000871179532803815,-0.0039688007946719304,-0.0004129817885370501,0.00302994369277999,-0.0008207518269957417,0.001242955727098555,0.0033159902683271986,4.124899644301978e-05,0.0018944665751132188,-0.001899873495615182,0.001319412979881952,-0.001952117031089283,-0.0029152133782377704,-0.00217672760075475,-0.0012624186821233326,0.004202172420451491,0.0031469807941682786,0.001330314253227845,-0.0029785811224546602,0.0019301647575110355,-0.0003130138752719107,-0.0014135901316198486,0.0014701074329330288,-0.0025391191043949253,-0.001548792749545522,0.0018652863295983868,0.0008094694867320157,0.0006088256789640761,-0.0013943877313104462,-0.0035067834722872864,-0.004138549802420747,-0.0005626858718005479,-0.0030735303810308814,-0.0029096130085167777,-0.0010701302109213506,0.003567907216138028,-0.000234978945256517,0.003330435213086143,0.0048964721080341994,0.006803995078235095,-0.0002679560236895969,-0.0008155389264762083,0.0020114184589528484,0.0006698048567554816,0.005181859183754773,0.00017700771719973265,-0.0002918706539366063,-0.0011094924793870482,-0.00035925598257855536,4.397950677136663e-05,-3.0442801469268323e-06,-0.005237047829239623,0.002694211890218607,-0.003142326016423164,-0.003211720458298479,-0.0020213771008661973,-8.340667797441812e-05,-0.004142025427742466,0.004143678109246828,0.0002702617647516695,-0.0030871956713227735,-0.004305729169992812,0.002751053408342976,-0.0028260840241123245,0.0011079677674134586,0.009925940970210176,-0.0017046303322195396,-0.0016142338063919572,0.0008874952031374011,-0.0027204265793347583,0.0030889144268073155,0.0042594718183041475,-0.0016026088514127903,0.0012781473752830116,0.0020858893562761376,0.002973757287191019,0.0025866378412910864,0.003373993556213813,0.0015387363911672676,-0.0010963779539192508,0.014032510893900367,0.004729114957392357,-0.0011946014290033357,-0.003623648637790271,0.0009537976013353039,-0.006891630033545513,0.0007200639924392105,0.0017387725646156723,-0.000123590354740488,0.0018117629192581038,0.0020323501924981624,0.0019823112980536907,-0.004161224599010146,-0.00019569559745996422,-0.001058768075534479,-0.0035213742903638986,0.004173958300209557,-0.0008705795850886863,-0.0007297420779155355,-0.005817010458108489,0.0035923299921866905,-0.0005020212799049597,0.0009610636071222243,0.0049338119313361035,-0.00021406887639486275,-0.0013339679153153818,-0.00010359281103313454,-0.001983471041057179,-0.0007147971510055872,0.007975630992534441,0.005059605742591657,0.006137043035290856,0.002738005913448763,-0.0032447524579248847,0.001997183637192174,0.003371364850252285,0.005082726606463689,-0.00455945153128845,0.006065903484709299
symptom_exercise_dyspnea,0.49493345316730203,0.49476581567014055,0.48823138546209727,0.48942560208117764,0.4957603177870986,0.49718518209762946,0.4917588645436504,0.4936245770132795,0.4933552705087972,0.49384634214367845,0.4936686655948983,0.4968598043428834,0.49289611775880976,0.490599652850524,1.0,0.49195545756967585,0.006549601380617049,-0.004912519073655148,-0.0005361048000028896,0.002244248305746157,0.005282310274623434,-0.0005737764315603784,-0.0008877392196652942,-0.002636043739516666,0.002029290663166759,0.003126203172617603,0.0034132180464518666,-0.001913520215891932,0.0019098478366699778,0.0017754285176974976,0.00028273120412545475,0.00465778681522744,0.0029856595413048992,0.0026165390050900315,0.0024754151540292793,0.0006561195699222338,-0.0016161848859111538,0.002991177349975228,0.00286269499908989,-0.0007370223868323225,0.007949162785707287,0.004223558419078512,0.004693924601006775,0.007366414898279841,0.0018048335173131555,0.003636835143623187,0.0037008948877910817,0.005491914324156475,0.0008473590498341296,0.0021733124577247797,0.006113790749984606,0.0046939246010067725,0.002500549234094225,0.0012895131536247778,-0.0016158046591493878,-0.004865766438254964,-0.0028551605829639204,-0.004209287283217116,-0.0014477378508254207,0.0001650873452536001,-0.0050695485476330805,0.0023057416673105784,-0.0028652834497769654,-0.001562070316865114,-0.006370671777380499,0.0014732521047169298,-0.0015274381876270626,-0.0050742224354455075,-0.004411450016542606,-0.005665210432127978,0.003852725777725321,-0.0037996362891219927,-0.004423206132864821,-0.0033119673745328074,-0.0048803456595121,-0.0034807048369506857,-0.0045831372946366945,-0.0077893831004033215,-0.007162796417491339,-0.00571384415212178,-0.005739161716150196,-0.007850780787287868,-0.006991446287810886,-0.005229166632112436,-0.006545205611039396,-0.0075757779201869905,-0.0035401294585186444,-0.006774849464635009,-0.005226846758407703,-0.0060254098085923994,0.0008027302394401486,-0.004057429883474466,-0.002705618280129515,-0.001629199729354598,0.003537015315612099,-0.0011021989880144743,9.839472395998902e-05,-4.54445194320295e-05,-0.0006657047192725134,0.0034726077252778664,-0.0035068720073017532,-0.004439994451596489,-0.002690460614321742,-0.0014482252140962245,-0.0032245605335174364,-0.0024635095355835528,-0.0139440347943662,-0.003975190642981638,-0.006004004483365254,-0.0036611253578589104,-0.0023110426563142253,-0.0016660455825794917,-0.007643968700247173,0.0006272448173562773,0.00028946660260565114,0.0005739857049804404,0.0011819240688318098,-0.000778210846706876,-0.002677954224187009,0.004031979553818358,0.001366160936115878,-0.0038869575066995455,-0.0023630439737404897,-0.000296035087236329,0.003630722342769962,-0.00028363303864663503,0.0018499034052884252,0.0004978655616059131,-0.0010485423961018293,0.0016708673241540345,4.864083079693761e-05,0.003427335986024087,0.0005943683213891205,0.0009151016825159709,-0.00534835054061866,0.009965412580541034,0.00018915633475696426,-0.0019758629662713994,-0.0025460257779793094,0.0023045494120278354,-0.0007001368570393768,-0.003165359252010246,-0.003624456173882447,0.0005449629268213187,-0.003380952681166031,-0.0014297953865773309,0.0008945960986294904,-0.002515315582161351,0.0035836002715680794,-0.0011884646716234808,-0.0015408079201515092,0.00467585992089892,0.0032305637635443207,-0.003134951290772046,-0.0038443276245246375,0.002687227071379738,-0.0016286353311023973,-0.0011809697791583028,0.0015616039183732242,0.0022461454614641522,-0.00024871672742473276,-0.0018478579242213555,0.0029787411989305934,0.00544612410255237,0.002561705086699368,0.009511089913872936,-0.0016839564379755674,0.00196004617779467,-0.0027002842256725473,0.005097800086295832,-0.003940591956605938,0.0009688075588718038,-0.0019924631103713513,-0.003615224147690085
symptom_orthopnea,0.4937023687506079,0.4964985945451314,0.496224938821825,0.49629561355858703,0.49486281016990313,0.49932038955388053,0.49916505031781955,0.4967433500453005,0.4949547597948304,0.49221907409902005,0.49770813958814336,0.49820150877915775,0.4941722489080913,0.5010450313318581,0.49195545756967585,1.0,0.0017442626903254436,-0.002705613590638655,0.00028862520146078255,0.0017456633774854489,0.004923591848172186,0.0034408981905686364,0.0018085037795677044,-0.002510599669007944,0.00361553593300991,-0.00022145368871787628,-0.0004879347604702681,-0.0016455142167992021,0.005096058097914735,0.0028050448962055057,-0.0013303478960872523,0.006588017185353463,-0.0053888620823887776,0.001344269479798703,0.0014815218625981502,0.0015892630870532154,-0.0015399432289050074,0.002071922205541918,0.0025914361023922626,0.004743767962675386,0.0011963942099921852,0.002033670748585734,0.0006388926077999564,0.004259184609596714,0.0005307782085447293,0.006350812852400277,0.0011447321231440343,-0.00069226220447005,-0.0003465355871868829,0.0011880486629814264,0.005765916779240206,0.004914433786898446,9.212519039592841e-05,-0.001459934246033274,-0.001095379015632517,-0.0056508566453432486,-0.0035031633839638712,-0.0038284047830941946,0.00022078157644645605,-0.00321746509006929,-0.0025190759433862263,0.003977697961555981,-0.0008579209704010774,0.0014674249507517563,-0.004635914310459194,-0.003055068596520547,-0.003668063146129904,-0.007349750675622351,-0.006811197564557621,-0.0012799745694889264,0.002206431229455353,-0.0013137079235410968,-0.006498859755254254,-0.005251388734605278,0.0010400075799428597,-0.005437003799984467,-0.001568488728241696,-0.001599948595793589,-0.00441520857035395,-0.0023708207421592013,-0.002130684809780964,-0.005897452346227275,-0.005895284462452365,-0.00010216621880647287,0.00029897742261217905,-0.003905294119320911,-0.0025072671331410126,-0.0027730285128719626,-0.007030863211206725,0.0003669620593962124,0.0009539541596675567,-0.005052922810663625,-0.0026348301931316894,-0.0008372721069751726,0.0026218217892870635,-0.0002444727119940062,-0.0025038519483100096,-0.0027992076563756424,-0.0005186235592580001,0.0018582049522726256,0.0011116644677385311,0.005262253553640554,0.0035035943591381056,0.004691503551189521,0.002088568381135511,0.000122776355966508,-0.002956912121260653,0.004194072594457368,0.004842280213053348,0.0014125761779550724,0.003006598785241771,0.0018781602515786835,0.0011205503177707785,0.009628214410321188,0.006081165050435315,0.0055378961033726816,0.0012185206833404238,0.0037680286219311677,0.0033604431306614386,0.005908746336669134,0.011190321754396652,0.007458919202869607,0.0036361515626350594,0.0025816908022714847,0.004585451045932738,-0.00413101291580059,0.002513775143723247,-0.0017177005113017119,0.003476110774570308,-0.0027649925609877645,-0.006344935792341576,0.0002499523072220519,-0.0005946236769346994,-0.00035273771864675966,-0.007941775422061384,0.0061023232811360534,-0.0024581724393654223,0.0025774599239821866,0.004247789244031248,0.003105930875263833,-0.006959769500764999,-0.001492008589863571,0.0010119298416133224,0.0021737096261346153,-0.00015781925535880044,-0.0025181468321954638,-5.236079163982537e-05,0.0005464645005280447,0.0010523702558086021,-0.0004283645386808475,0.0020326237524583212,0.004748576757246804,0.002091399210740001,-0.0030580275117626766,-0.0021618821186184713,0.00040041887087116174,-0.0036678235040806125,0.0048991397469557866,0.005500875035814323,-0.002412465835832501,0.0010563793889566391,-0.0026116251933934903,0.004496837417617569,0.004259571717807991,-0.0019049043673867415,0.010752600274463456,-0.004203208112339249,0.001405692464078837,-0.007362311165390541,-0.0008205296024575161,0.0012587752941084262,0.0010371775071635434,0.004638279853902332,-0.00037451879702831835
symptom_chest_pain,0.0067331273991204955,0.0036160887568755956,0.010283169121496941,0.006223012991668168,0.002026895463349424,0.0013968139182988786,0.0011534006802041883,0.004555523959441478,0.012092475312442133,0.0047960810270497225,0.0028773973411444797,0.00392338871932596,0.0023979564471149958,0.004770359507888541,0.006549601380617049,0.0017442626903254436,1.0,0.4712583232484282,0.47412319496050925,0.47535162613359666,0.4744705970902398,0.47729551991334673,0.4776528970392544,0.47610408982353114,0.4706317618090895,0.47328747766675716,0.47741241123555983,0.47393461445726826,0.4732359364059003,0.4745824496091713,0.4782874077584625,0.0014926800542906671,0.0019556284407622757,-0.000521855827671672,-0.005120836799354821,0.0011760573854021868,-0.0007605746772639726,0.004853094929436572,-0.0009126812368399183,0.0006121758283451626,0.002153040712425694,0.0038132933352690566,-0.0012346584658181755,0.0022723653506484544,0.001732693717101656,-0.0007659598857462985,-0.0026429715876780295,-0.00012158437397206434,0.002727027549001636,0.0016703399062218288,0.0032147273984680005,-0.0007089345024123214,-0.002830593434877717,0.0007932538943229928,-0.0015036236777660045,-0.004526981263249517,-0.0012226642367800806,-0.0031446459305952265,-0.001354504383975999,0.0002769460931485696,0.0005422549517885906,0.0007687285789711722,-0.0014365948589688646,-0.002881136602210007,0.0007234796656443011,0.0028554141752679093,-0.0012725272656182987,-0.0033124278660040885,-0.003368268540832193,0.002694168889994117,0.0020008572762500827,0.004146169430595758,-0.0014191846646051537,-0.00014716382032600264,0.004123745683206613,0.0016448774740340083,0.00281400831616324,0.00025451743895940756,0.002922402283884737,0.0013776347598773845,0.0007667734778061593,0.003668365005143576,0.003906388865888695,0.0008536627138451552,0.0031166838111117336,0.0022196176186713348,0.004183236163487968,0.003307542774627102,0.003494199733282809,0.0018645178958865947,0.0027959419514849747,0.005789396201606859,-0.0016485139078384302,-0.0023208527258426117,-0.0021522444577207417,-0.00237547299426214,0.0002131043096292144,-0.00541752329458069,0.00047399300017318365,0.0005839053443283278,-0.003548886448538719,0.001461567845600588,0.0009304176503898263,-0.002405285276499321,0.001987462258427345,-0.002326675014492163,-0.0027547939221749056,-0.0024265209647905514,-0.006588487197913987,-0.0017476190005014007,0.003545019606997473,0.002679524883539162,-0.003244113009047863,-0.0012321889726778891,0.004226708706344064,-0.0009156939011674575,-0.002875960975718973,-0.001409060068554974,-0.00022379109372245323,-0.00261910383509999,-0.0036548232374195087,0.0013196966303490971,0.001714819577262148,-0.0032833219060524484,-0.0017483562909600893,0.0026932432785059307,-0.0007432680849786762,0.0022847589534764137,0.004264069458309175,0.0041591232065421304,-0.002050532155739555,0.00015677777132939587,0.0006907622149827577,-8.147820584499187e-05,0.0018889351603692249,0.001333528974452202,0.0031481466093882114,-0.0035075298314978243,-0.0004453203473020777,0.001985936780230222,-4.549156139902004e-05,0.002030114213096633,-0.0019837010430388217,0.007130314704861204,-0.002186045874947102,-0.001623233307441557,0.0056017485659391915,0.0028731844219374142,0.00034684939506247144,-0.003474192216497473,0.0005241946040814811,0.001988955027138181,-0.008409429125434374,-0.004675760747435772,-0.0026532187074186156,-0.0054470303617795875,-0.001463002035085684,0.0018649512584486098,-0.005950598951979862,-0.0005699570290692862,-0.0006727584010993012,-0.0014126282085702348,0.002050209458231631,-0.004846450418052981,-0.0010793609077439526,0.005919442197835917,-0.004219503355162487,-0.006428897172705591,-0.002630065589417072,-0.00490648831796422,0.0026614307223738905,0.0006918072359819269,0.00602480194058543,0.005263252729672798
symptom_exertional_chest_pain,0.0032001450560033484,-0.006973811385031052,-0.002850337523560694,-0.0002948128773715966,-0.004496422130802689,0.0010650764928245796,-0.004622592176627666,-0.0009290811200428851,-0.0006461496870323376,-0.002009043951732545,-0.004457565165883791,-0.0013526331001158316,0.0017897290381020576,0.002268516614577434,-0.004912519073655148,-0.002705613590638655,0.4712583232484282,1.0,0.47820220514730766,0.47532400994639584,0.469592253268968,0.4765468711599784,0.47602677408428096,0.4755686347293603,0.4665501696370478,0.4676813216411292,0.47188893783409286,0.4663027144306727,0.4745268814445856,0.47051048771308585,0.4707043305954125,-0.00034490754437226627,0.0010429796161943144,0.001936772381204138,-0.006205168511728602,-0.0010864536034432258,-0.004382838286199924,0.0012307800495075384,0.003194697608183624,-0.002329194631379278,-0.0006451028799907876,5.462532688477389e-05,0.0006208068936549358,-0.0032824455284672185,0.0009646014733264498,-0.0004905659959429342,-0.0036446876216196205,0.001961707604390021,0.00429237386012836,-0.002094252888769367,-0.001089369035335058,-0.0040420617057137925,-0.006604089294783627,0.00011839094154487358,0.0010512925201593194,-0.003919287455536634,0.0009699442689883952,0.0032003200078086274,0.0036401894432410305,-0.002572914808415137,-0.0005727584677402727,-0.0009143671631310267,0.002265088073495363,-0.0007616558798783697,0.0024929226748532708,-0.00048258759992758366,-0.0015201947638853657,-0.0019816760845408443,-0.0005302986387981149,0.00431979574769041,0.004345350609666116,-0.002626849081094104,-0.0012853097309933365,-0.005308137213979746,8.461736334520931e-05,-0.001935587605956122,-0.00012466547835510822,-0.0015006050979314899,-7.788430295202443e-05,-0.0018945970145251522,-0.00014430132362953932,0.0019925869057139897,-0.0007610456702027473,-0.0017947156138511488,-0.0020403347620019173,-0.001670297190713316,0.0034897679839704285,-0.0006558620666622219,0.0018301060998815112,-0.0029688977431511937,-0.00044073556356692526,-0.00030872223558537623,0.005021082466196811,-0.0024823686428677894,-0.001122204046306026,-0.003076042034035319,-0.0010609701822049476,-0.0027400831613552407,-0.0008968211094887127,-0.0010704600563350576,0.0016002887232942778,0.00249218534935374,-0.0017733943688714967,0.0027881772035498248,-0.0008038337079770913,0.0021884219054755898,-0.008247859241159235,-0.002266314095321389,-0.0037921576321562887,-0.006245257984943902,0.0014305552206591884,0.0029453530970380694,-0.0022238787624810257,-0.0026636587722596956,-0.0001631032864521359,-0.0003717670727604793,-0.005590958417147704,-0.0005134980980367192,0.001908087575818539,-0.0062426729602716126,-0.0057666998843972014,0.0011537367143877857,-0.0009478029754773531,-0.001154756228125436,-0.0006781857513436699,-0.0003945944070883925,0.0006115427507549086,0.0035698891245323928,0.0031909402471907793,0.0002161245202597706,-0.000698669541230831,-0.0016845026322166033,1.4802233674138409e-05,0.001821932999903244,-0.0008088019606634308,-0.001907251326907615,0.0032597732232824634,-0.005449879142652888,0.00029485086106747544,0.004407471031892012,0.0013829528439121578,-9.675374093872357e-05,0.0049951749414742395,0.0014097905406451232,0.0018997821196075028,-0.003951899188989156,0.004620684972846519,-0.004596590197809533,0.004459973805766421,-0.007073530185610147,0.0013493553155178636,0.000707598929550943,0.001938153430992264,-0.0028009804403149163,0.0019616467562573394,-0.0037289879183866085,-0.0003108860819547026,0.003365641780502372,-0.005187614208953005,9.680554092200442e-05,0.0013729353357326592,0.0012432019228620457,0.0036681307760125224,-0.008090567864574271,-0.004189319752636653,0.004199066242429513,-0.003253017795560415,0.00822068347459796,-0.00325959624108938,-0.007686673824362665,-0.0005455275054529592,0.0014794441019438454,0.003835902015263814,0.005343911095231911
symptom_palpitations,0.004772956883543257,-0.0006137658655857317,0.005334303059379361,0.0023217311072713975,-0.003038374115436341,0.0006847915218902637,-0.0009920838935809312,0.0030871923444938886,0.006171322526726639,0.00020936828844049654,0.0012576548157200022,0.0003784499095851047,0.0011992058816687012,0.005531700021877258,-0.0005361048000028896,0.00028862520146078255,0.47412319496050925,0.47820220514730766,1.0,0.47707614808045634,0.4730608080786874,0.4788458134018215,0.47927380224735566,0.47423913854666444,0.4690191118583882,0.47479733229130033,0.47905198813011246,0.47498171942260264,0.4830727045771235,0.4741974861153298,0.4767156033840006,0.003646477480412332,0.004437695658091799,0.003921146798294487,0.0015289785636520262,0.002314631737017819,-0.0015508387122221362,0.005474027007878512,0.003062837223317262,0.005715337458773861,0.005324469125513128,0.006735662984697208,0.0071210633800375045,0.0007917277763644377,0.0010873013840368383,-0.0010939356639120476,0.005332727460383616,0.0002877941525158457,0.0031060780809093963,-0.0034627952608829453,0.0014480335977579176,0.0033024648696337775,0.001987758801041514,0.0015301047760313987,-0.0020720441231169354,-0.005841572320315607,-0.0015441656928073032,2.4301476405827462e-06,-0.0005328021119513271,-0.0016111195923937541,-0.002857434463204335,-0.0014927679622776554,-0.002971325566840838,-0.005348393040054273,-0.0016960706949943464,-0.0016271099737970556,-0.00017050660155710874,-0.0029971438545223564,-0.004423658829982061,-0.00022154846732952676,0.0001449250873094489,0.0017977007926194431,0.001385131790775374,0.0008415272561057978,0.006834223054649171,-0.00019618570883781744,0.004576390248384703,0.0026516752214698538,0.0003657091932167303,0.0063104580134983185,0.0043322288127110075,0.005003396046628603,0.005438182566889427,0.0037807426886280787,0.004443095919972662,0.0049182111427452085,0.003841118754266283,0.008853552814843669,0.004947412471414462,-0.00032974096358000607,0.0033341868662349465,-0.0013743337881770433,0.001320820961975857,-0.001261737218318257,-0.003236985100595068,-0.0006111539651723639,-0.0041019282079318145,5.1565303709672285e-05,-0.003457729560568845,0.002975801135871092,-0.0009965678691287682,0.006201859939480306,0.001311858476993902,0.0005597371885049469,0.001271713134668699,0.004643475598175706,-0.0032136918916734875,0.0026784753979912108,-0.004161463353037031,0.0017770081530196291,0.0039277184582163375,1.716702389240985e-05,-0.0010734587909067544,-0.0005119824517569926,0.0036664288903533004,-0.0021789533885282655,-0.005277324900460245,-3.450201371269263e-05,0.005076958016937916,-0.006774186620520909,-0.0027065969510881253,0.002527532778696145,2.4258166881535145e-05,-0.0008351117825318027,0.0003401657195510321,0.0021729717688259314,0.001566940165997422,0.001062387645268307,0.002279480730172652,0.004332492190650103,-0.0008208685188078408,0.002985274897934352,0.0010424674081935758,0.00043786979143431106,0.0003599403313304058,0.007769414996181478,3.318322276057525e-05,-0.005718808957194823,-0.0006559528568640556,0.0010282418974190024,-0.00025001527879798803,0.0001069745423356151,-0.00011755063767948366,0.0003391242768518659,-0.005036959593725668,0.0018185109807522272,0.0033682173433033824,0.0020195106842495606,0.0002451021773833638,-0.0021845211936853113,0.00033819533345825375,-0.0002679583734576804,-0.0002952613212353133,-0.004302769716235736,0.0010398869275804064,-0.003130660829484315,0.0006033247781283983,0.004474093306375213,-0.007488323943964143,-0.001922168850618661,0.0010621617589119893,-0.0007085332697355981,0.0011019463141091561,-0.0050369595937256725,-0.0036264977397980577,0.0038553926610232466,-0.0034576293238431518,0.0026119074571816993,0.000732982620632414,-0.0016875485163922496,-0.001809132073607613,-0.001591560048007732,0.0029010694546818603,0.004247390752938127
symptom_orthopnea_symptom,0.004511512953835846,-0.0018122224802743505,0.0037521517123174455,0.006016788646809224,0.0007788613419617785,-0.0024152117291344507,-0.0011405138473212166,0.0024725918011505566,0.003532527023391573,0.0015322319972458421,-0.00010012307961754535,0.005801199686964202,0.0006663044231997925,0.0021270812976241795,0.002244248305746157,0.0017456633774854489,0.47535162613359666,0.47532400994639584,0.47707614808045634,1.0,0.46914637250040786,0.4785691962469493,0.4772448536491209,0.47576832981065986,0.4696335338544728,0.4705327894233236,0.47451272814970696,0.4722106500966782,0.47480456631902607,0.4776932427878837,0.47304034163430203,0.0035117598077074163,0.00029468518837725085,0.002689202574501627,-0.0034820477731886965,0.00033924445128440193,-0.0009989271190874156,-0.0007898640603265296,-0.000401933324835382,0.0036709983385303235,0.002289757773939439,0.002078027267460638,0.003183003751889366,-0.0030539169727583537,0.0014193149491842432,4.683325767412376e-05,-0.00033000835188044564,0.0012155570810534024,0.0014428534157982997,-0.005310434723908628,-0.001905203092416626,-0.0005724772242055783,-0.003368813028284558,0.001576929340364245,0.0019911508156759783,-0.004173754455595165,6.389761776230166e-05,0.0013533942774723853,0.004954499337364197,0.002789138977654656,-0.0016183849992769052,0.0014810532232283715,0.0019326794595986635,-0.0003051271937571253,0.002292231905467963,0.0055069773600267,0.0005149535521945293,0.0002644549647900247,0.0014159777575081588,0.008350440959809528,0.0032116459544450173,0.0034498945776273186,0.0006718159220289785,-0.0024440427302085195,0.0069101617838992135,0.0006668733108060418,0.002884547759349719,0.002139013721588664,0.0015297735577427028,0.005623772449652269,0.002440373189538396,0.003599663054749894,0.009478243301336089,0.0004370287747874232,0.0020037158729823,0.0013869739213960139,0.0029309414061208317,0.00372635791026401,0.002521905726310203,0.0015158820175849052,0.006752968308817819,0.003075038325978362,-0.0012115966382360089,-0.0009140253594919611,-0.002015854032891396,0.002789441145299245,0.00020061497467776084,0.0013724595840093013,-0.0017898698744434006,0.00438254372325754,0.0008467101856813716,0.002188247082513082,0.0004734842582741378,-0.002099443312749886,-0.0010122297501559284,0.0009635118423143555,-0.002196746055954502,0.0016327785224511352,-0.00035962526198065703,-0.00474954798736646,0.001645127484500385,0.0012911833143587615,0.0024829581861077416,-0.0002507464976960931,0.0015707461789170097,0.004416921297017842,-0.0035313825634494304,0.0010180666184609391,0.008263155874410124,0.00034582591072689853,0.00018619477777658046,0.002605313455891402,0.0008751255121607783,-0.0025291221186876894,-0.00011179162392610879,0.001893455178728556,0.001972747987837602,0.0007845534962899416,0.0007953693489018244,0.00250216686561728,-0.004576270478655295,-0.0013447222198274275,0.0009046450341313253,-0.000962987311555709,0.0049095661481986345,0.0005098951807713233,0.0014286660764964573,-0.0055285281275619744,-0.0030164492219293213,-0.0019035072893312638,-0.0013743125742772947,-0.002437402116017608,0.0014630084632440506,-0.000318285387297765,-0.0008503859541386269,0.0007548996527108444,0.004559385844845319,0.004769706106965202,0.0030575022320885733,0.00020416255608464592,0.0012693849226331868,-0.0007499259045696286,0.003126405527655398,-0.004078381885804734,0.0018561155916494198,-0.004618679636382968,-0.002556319730382457,0.00257468933085483,-0.010702951594506682,-0.0005633815979185959,-0.0019665892097450502,0.0003134212210922248,-0.001010110732044254,-0.0008503859541386161,-0.004256626749422098,0.0016618419097967434,-0.0015070220009988612,0.0015104521833821745,0.001644487752433978,0.0008532875443273512,-0.0016856682881005761,-0.006276322376569398,0.0031548016730038814,0.0019079619254872718
symptom_paroxysmal_nocturnal_dyspnea,0.007968613324143376,0.00442972099202758,0.006791778009492097,0.0030813024578402568,0.004996349987714764,0.003531916106060291,-0.002975515279691842,0.006136954470306884,0.006016598803944565,0.004917603535988534,0.00147701286503616,0.004391829674161458,0.0037704903162410603,0.0015455861611002066,0.005282310274623434,0.004923591848172186,0.4744705970902398,0.469592253268968,0.4730608080786874,0.46914637250040786,1.0,0.4765988679625258,0.4717621308480109,0.4749637722434067,0.466834638826415,0.47052860479460484,0.471873249470523,0.46767697381741785,0.4693773309640207,0.4724065887215508,0.4710570861910612,-0.0009390106349926982,0.00404278623649239,0.0029897136590070258,-0.0008572109919988484,-0.0010090028345026139,0.0003495871107674926,0.003262908079376398,0.004167510864471685,0.0024734959319108467,0.0020633997338707216,0.002079858801650327,0.003106260059057892,0.002037748863710024,-0.001959614411776219,4.227819737913158e-05,0.004173503587396014,0.0039922962060793986,0.002868093106142835,-0.0007410359407640969,-3.1385021184445086e-05,0.0007010634627290362,-0.0019469423058940628,-0.00036558265424884947,0.0006346402413077756,-0.0033230394097932326,-0.0043255571677655626,0.0017819179224666348,0.000210934906501524,-0.0047799124174551415,-0.001126309518448244,-0.0006792395507085217,-0.0022425135216426256,-0.003541039118171579,-0.0021451954475105294,0.0021966168565514216,-0.001357219650393085,-0.0011029133883044958,-0.003734629522452756,0.0014665125172830167,0.0019249607944993234,0.004260396364918964,0.0023875372417394938,0.0015689948874699614,0.0013839714808522644,0.001892821616093353,0.004462063272757559,0.003785808159432893,-0.00044972912105085944,-0.0012920132319553586,-0.0012133210771031729,0.005387153328419946,0.00541668181523223,-0.0009126493284154401,0.005880652878044247,0.003312133162205847,0.006599657355101916,0.004191400758674956,0.004726337668517006,-0.0011004568253598116,0.0030098079375101834,0.0014978894317891173,0.0014900530721390596,0.002678149457437538,-0.0022436425095404312,-0.0011919801074075,-0.0008389316136718621,-0.002214891921014398,-0.0026188874612787993,0.0035662795394172503,-0.00363574458641268,0.002287816924863671,0.003110863948501176,0.0024191965657260795,0.0006926111161827547,0.003015015583326446,-0.004300521949118094,0.001551262339250677,-0.0006031415775804636,-0.003301500517744803,0.007766710331094661,0.0016413016140219088,0.002833576016524421,1.4438818537346987e-05,0.0035303322326777076,0.0026273172627518868,-0.0018022550335886208,0.0016937377783314983,0.005514065195633377,-0.0032259903277039753,-0.001522479685083757,0.005315561292847298,0.003591453084693544,-0.0025634184905046473,0.0016223872181642912,0.0015276476953831363,0.004028187517403424,-0.0009840090077430012,-0.0014613074607594508,0.0022932403081320097,-0.0019763466043734882,-0.004053069386068215,-0.00360820611876084,-0.0017278905876816893,-0.001617511422069896,0.003863042251581766,0.004938765298241924,-0.003458527719788785,0.0015425611115947788,0.0004735283342160906,-0.00199603031066167,0.000974914516562706,-0.0005568980290701012,-0.0002807701025831152,0.0011929098459306003,0.001970151616566677,0.0014512349591927819,-0.004636176053084877,0.0030827150856671394,0.003923080253517844,-0.004613093018824526,-0.0013914538677375682,-0.0006688604092994117,-0.004028343563443796,-0.0037196901912505864,-0.0012843223341034225,-0.0014323130415106135,0.0033257537636243776,-0.005903838224970466,0.0050540321544129,0.004581916942358399,-0.003096276401120977,0.0020974131081395123,-0.004132077074649903,-0.003424313263315644,-0.00011439142296241696,0.0030443002914468166,0.005528766244043286,-0.0018709177491878979,-0.004849542457687781,-0.0016581335745395162,-0.0013510371810474212,0.0009082856340356111,0.001105892931222913
symptom_leg_swelling,0.00515525470145828,-0.005725831214926508,0.007450225572960374,0.0027726375414237584,0.0003175436516517509,0.0019668241098529057,-0.0026980826652354194,1.4717912707028596e-06,0.0014817501057521948,0.0062030938631132,-0.0016765485905335393,0.0006878055870071812,0.0029659551204147157,0.004175753486175196,-0.0005737764315603784,0.0034408981905686364,0.47729551991334673,0.4765468711599784,0.4788458134018215,0.4785691962469493,0.4765988679625258,1.0,0.47748789049480006,0.48361882680654295,0.46999177272188114,0.47270625299796587,0.47616226654259625,0.4739224158564623,0.4754326479028388,0.4789809914572595,0.47535633660580323,0.0008189441458753438,0.005221763011267974,0.003282229108314386,-0.005113520894443927,0.004143143060528033,0.0011721777695179042,0.0019882131818173983,0.0013078198381639172,0.0018653266434901035,0.003337105861063765,0.0028895086564389967,0.0034086352249120414,0.004037522090209582,-0.0029973787897859244,-0.0026418282090296488,0.004468218235804908,-0.00020596773703845654,0.005084342074800828,0.0015751482244142343,0.003875569357955004,-0.0021367114985921527,-0.003287932778293145,0.0007114154393925285,0.0018194500084707794,-0.002731489333510675,-0.0019388695603710599,0.0026137560622670956,0.0012215649647398566,0.0011466817330454077,0.00032830020240165095,0.0005471310999606457,-0.0005027607704589398,-0.0015233319628242127,0.0019843240472977824,0.0012007475454560794,-0.00435351670455984,0.002472213616473638,0.00032338166844764654,0.0027487285412656094,0.007320022873478892,0.0019625157470012297,-0.0018552254653728922,-0.0014231447912752039,0.004157975520596884,0.0018450255140955371,-0.0031930963686866752,0.0038600566576851244,-0.002736986533233887,-0.0007375781999778662,0.0033178203482886874,0.0032238369663884505,0.004288839941197732,0.00033862172209446,0.0030843303330062347,0.0007920205548022118,0.00317632713559982,0.005767176123798952,0.004564706969219746,0.0003877361599657761,-0.0004414546937114797,-0.0003721571109243182,-0.00022446164428308716,-0.0037606473877250285,-0.0029090288108027623,-0.002453971700378234,0.0026338787859993924,-0.004536736498026998,-0.0030558273297662183,-0.0007129242277202171,-0.0035696197986604017,0.0010884186768671568,0.0017502808173481318,0.0007381754712206165,0.0030621965742622034,6.02382340036445e-05,-0.004801364947902569,-0.00046232022245834147,-0.006091585394356699,-0.0010849015796815656,0.004197524750946018,0.004932215528727818,0.0007149195816410257,0.0004321155726967502,0.0016595338993597637,7.039200535637562e-05,-0.001452757467015919,0.0006347422605686079,0.0015420933931207758,-0.001437914538125473,0.003416453460417853,0.0007280875418263567,0.0018411326520582768,-0.0028103338202715975,-0.0010162590601999525,0.00424355916348159,0.004418665295287214,0.0024319923176615013,0.0009909839521451355,0.0031380326361098716,-0.006872318781153521,-0.002644268106671151,-0.0016413561835026277,-0.0033460291944166767,-0.0009937012790852166,0.0020373373060799103,-0.0010495015416475584,-0.000277252368587515,0.003900925206320157,0.002631508667682409,0.004465564228204641,0.002964351575606511,0.0026838785537051145,0.0012110587913615777,-0.0029937537253546804,-0.0028877885080713225,0.0034069295365990243,0.001452187476133265,0.007027270713705333,-0.001402146433217384,-0.0003492191952521654,-0.00021338076423332568,-0.001515053164670979,-0.006013323841959028,-0.0011387170620422399,-0.00391014512319073,-0.003738032559079541,0.005233958775436294,-0.01015145890438497,-0.005737419894218152,-0.004064870506942543,-0.0023834288889158237,-0.0019063312999269898,-0.0010028686232534155,-0.003582286912277921,0.0008815638034242442,-0.0025180675594285067,0.0013516179609129398,-0.0020534390912097904,-0.0010495015416475473,-0.003946468877837326,-0.0015389767923392346,0.004691069262495085,0.00010519728865776914
symptom_exercise_intolerance,0.004008769016720278,-0.0006920932107989267,-7.547511438016858e-05,0.00017247855931532715,-0.0013818110917088301,0.004350448766595149,-2.828077733724322e-05,0.004470651540827512,0.0017230792493779137,0.0034623093404228386,-0.00019305240378923404,0.0020372809004169106,0.002167283288774973,0.004138941696773612,-0.0008877392196652942,0.0018085037795677044,0.4776528970392544,0.47602677408428096,0.47927380224735566,0.4772448536491209,0.4717621308480109,0.47748789049480006,1.0,0.4759414320622807,0.4706439684479163,0.47226001845557286,0.47644637354408526,0.46946569221408296,0.4772521014572112,0.47202079594119667,0.4762258789083749,0.0005019950184659438,-0.0001765248363491838,0.0033393041565011393,-0.0044551923108559184,0.0031538281157183178,-0.0015378044779424216,0.002120633551383569,0.0007672558724580893,-0.0014412696264540974,0.0006243494213977372,0.0008544439494677643,0.0017428444633775092,-0.0011320270945548003,-2.1025980332735108e-05,-0.0007091455032810762,0.0027284208395999964,-0.002169389760066926,0.0010368004941314094,-0.0032259337491021525,-0.0006367640578450357,-0.0014041287835309887,-0.004949918997440899,0.002399466632875624,-0.0020569212563039227,-0.0031886937848502497,0.00104044529601281,0.0020139646527913687,0.0001912360991266087,-0.00096202330927793,-0.0012761989488472853,0.002665889193222061,-0.0019631532859259947,-0.0006215239244807128,0.004665873050254744,9.830266512432917e-05,-1.7821013835711257e-05,-0.0010584384841375843,0.002647296002667528,0.002148108874143311,0.0040103180137207265,0.0055435895071439985,0.0036696653326188182,-0.0017369868824267899,0.005093715579956447,0.002576480558479283,0.0031053410701481084,0.003963221097049594,0.0009116845321210629,0.001447640725750196,0.006410412791618773,0.005343489234913537,0.006891776526893223,0.0048859964094077135,0.005618090428125878,0.0011019938563971924,0.005640881442793071,0.00586880888872458,0.007997021167996408,0.0020938336163518817,0.004622292652843365,0.002455187113517471,-1.644301669686664e-05,-0.004001966521326218,-0.0006074354102952321,-0.004866699082587035,0.0003821127134943802,-0.00022853472916915669,-0.0026237079809276927,0.005680545287687224,-0.0019474028442091815,0.0034536726724062774,0.0023494556649904055,0.0037198702870162065,-0.0015795953097737176,0.002621272735920331,-0.0033596520107133437,-0.0013887355410310887,-0.0012702889243184972,0.0008692519473532996,-0.0013797084871455731,0.003334696227932341,-0.00037565820841423337,0.00347770504219364,0.00335532175577596,0.003161113300994453,-0.0019636338031944946,0.001968821923118204,0.008046136570871412,-0.002920555118781789,-0.0031679996276274937,0.0055939938016175235,0.0020350643553662803,-0.0001514790446069171,-0.0028489789537020707,0.00322314685093303,0.0023039711446883014,0.002966941287384195,0.0017650296174442103,0.005228737247959702,0.0028810395756503357,0.00030285611369641665,0.0019355059220851887,0.003125122019659215,-0.0008466851274425945,0.0028566258536646166,0.0012370041971614077,-0.0036541182371671653,-0.00124923126577332,0.004178088066054616,-0.0015331855437462555,-0.0003934395151262438,0.0013022739524189758,0.0012042713426923851,-0.0003474710107851711,-0.004076776043166105,0.0013136521708010424,0.001443275549867717,0.001619627228432506,0.0007893905263347563,-0.0003566072571986979,-0.002959138723290647,-0.00344060752756285,-0.0054317796843561285,-0.0005868457746008618,-0.005561033207292634,0.0017268817575827875,0.008036151493670504,-0.007446445167545121,-0.0040833871663477446,-0.004072842104007451,0.003622544246494573,-0.001913274254391231,-0.006319394376853338,0.00037886419669200705,0.007556982484272101,-0.0016231109858644704,0.00859866204611075,-0.0013510384254575502,0.002958964388819187,-0.003951037513034933,-0.006416290492033994,0.0046809245804769264,-0.001577346390430253
symptom_syncope,0.002890359111879086,-0.0038407990652572226,-0.002727371599097146,-0.0009474246402625527,-0.005000211399980383,-0.0018840402295699857,-0.00574113552285873,-0.002061364091430395,-0.00024045463421035784,-0.0021676441995165676,-0.0062189247786356115,-0.0017208547697635853,-0.0028234715320216573,-0.0015746374417438674,-0.002636043739516666,-0.002510599669007944,0.47610408982353114,0.4755686347293603,0.47423913854666444,0.47576832981065986,0.4749637722434067,0.48361882680654295,0.4759414320622807,1.0,0.4696652487192141,0.4736325950115661,0.477971373478964,0.46981743330688264,0.47482521158084856,0.4758089230206334,0.4758459310587656,0.0034048267226985877,0.0027236415625141903,0.000401918245928724,0.00031678436450189397,0.0011961838813214496,-0.0015596068632674912,0.00607409775869265,0.00022966295621879606,0.0006341351648822557,0.00022784657768473208,-0.0006574167099747762,-0.003981299613780787,0.0005706285643319743,-0.003413983088746592,-0.002612662661133062,0.0015845519058711938,-0.003018747811885378,0.00169686892354983,-0.001227585678714656,-0.0015618176944004283,0.001570410696211686,-0.0010074992916166072,0.0031487132517598023,0.0016198844660814,-0.0038101314447202632,-0.002587460817171999,0.0003423507623513193,0.001509128529483294,-0.0021647179949890127,0.002190592800252123,-0.00016876558396679978,0.003008571621605306,-0.003457414714024502,0.0029952075604045563,0.0012715631741866814,0.001086049379479885,-0.0031027539481372915,-0.00016616582500377772,0.002611775182677836,0.002484017811413623,0.004899247503976134,0.0017035232714640366,-0.001480922162322128,0.0034808245039114486,0.0010123208861754526,0.004197793397358778,0.0031747578681096114,-0.0011280817252570345,0.0016400820502373455,0.0022878323577073117,0.006510188681762725,0.0047939838156490465,0.002439117427062317,0.004144413519965563,0.002686097802912834,0.0061840691859833255,0.005234303398367666,0.004725550296938214,-2.5325117374648292e-05,0.0034134833040562465,-0.0006367156250714845,-0.0007925106561505971,-0.004540859997690148,-0.0031743936529111585,-0.0023466701896282124,-0.0029783894100943713,-0.0018842335674402026,-0.0007751593942662123,0.001719906286093755,0.0013975815558763638,0.002143595987725386,0.003057838429540494,0.0010217911350878038,0.002424004617272648,0.0006816769855511334,-0.0039226571024065645,-0.0037611657834568215,-0.0012422638397880444,-0.001475218609235428,0.0020331051017212984,0.005989629666868793,0.0027826574685259585,0.0014851361653612522,0.0027983080842819905,0.004704371055308651,-0.00534580014582512,-0.0012420352628786093,0.0030988434227572216,-0.004034736620937447,-0.001545042233920197,0.0019304835500479382,0.003309161982895057,0.001122405910981539,-0.0016664425237306725,-0.003823277134990643,0.0008540032308389316,-0.0014258200472074042,-0.0022767761963395526,0.0008348221120278626,-0.003966510141062138,-0.002384609117581372,-0.0063782416198792085,-0.004734988570744237,0.001370463051970667,-0.0020344152706476054,0.002487020725347881,-0.0008760461007173036,-0.002449348996196518,0.003478479681192768,0.0038813654926073476,0.0030597736536079464,0.0020741409493887477,0.0021017183002649572,-0.0029198827482337427,-0.006406524705211083,0.004505051743266855,0.0034237450387201744,0.0030160624620887448,0.00013396744980444155,0.00119848013788745,-0.0028799315209082493,-0.0027162317207194485,-0.005933250079437682,0.0006380912994656546,-0.0013821199073687292,0.000685641807903462,0.008127166172181927,-0.008729797545928973,-0.0023206923047256623,-9.65672238241006e-05,-0.004046403699044804,0.0019857411198360444,-0.009563781917783105,-0.0027272614838021493,0.0027924003489415853,-0.003365942252482242,-0.0005503542042603975,0.00583503865642877,-0.0021107060113436846,-0.006076625270766906,0.002712237507208418,0.005935315777866595,0.008557056663855237
symptom_fatigue_on_exertion,0.005969163576520917,-0.0016226737398734397,0.0033984962407203035,0.002610958812883773,0.0032063967870622806,0.004106701760303607,0.0005157253867141581,0.00392717462421326,0.005612061178826889,0.005003617282966779,-0.002043179014570958,0.00301610412963316,-0.002321582353094555,0.00483214303218767,0.002029290663166759,0.00361553593300991,0.4706317618090895,0.4665501696370478,0.4690191118583882,0.4696335338544728,0.466834638826415,0.46999177272188114,0.4706439684479163,0.4696652487192141,1.0,0.4638988410347685,0.4730234879365395,0.46362831831926404,0.4716261359344396,0.4664300018089895,0.46846270010799573,0.004814644399719949,0.0038517080058237366,0.005199056536483455,-0.0005304463815460244,0.0020963136524025806,0.0016558338167428888,0.006375233788123092,0.005327051748845177,0.0028059670566692187,0.005024186133677964,0.0015127180037995095,0.0052416224071491786,0.0028959347107625493,0.0017486851785758308,0.004057196967919726,0.005106562048656644,0.006052561384627072,0.0036523916480982843,0.003115535930481108,0.002853566912911234,0.001104605966793753,-0.00011693640357714325,0.0018147910182532946,0.0018843416048683924,-0.0006414946223903435,0.005758593388503426,0.0021015804411820926,0.0026077063175722753,-0.003177567634200436,0.0003350045973851214,0.0024351505221715886,0.0008000413766821691,0.0002167621377724946,0.005904885792447169,0.0036605583187225665,0.0027613303594877067,0.0019375158638584677,-0.0005559849042600364,0.003073949044897508,0.002531029278307934,0.00021946708231002882,-0.001580614385017541,-0.004348412991865876,0.0020212963170100984,-0.004262442724979631,0.0030728324242033055,-0.0011679994300534046,-0.003583163322335519,0.0010862800386170128,4.894383481201127e-05,0.004140904153476747,0.0006874804364456616,7.174292135602913e-05,-0.0028235113745378035,0.0016558080080437958,0.0018006173154632953,0.0025331678529143704,0.0009791726081505925,-0.0028463256298333142,0.002442848455091699,-0.0005015527326897924,-0.0039001448096641976,-0.002823181918746336,-0.001239674983505081,-0.0011648451354921597,-0.005883805684742101,-0.006974465100307161,-0.0018408239883086982,-0.0018601736751800726,-0.002780801487135465,0.0014833950277670551,0.002809917083857378,0.0021099587349856746,0.0008129830300286474,-0.0006257322356321603,-0.002149806999381466,-4.261246310161076e-05,-0.0015842893662549728,-0.0019958412213335578,0.0005854744346777605,0.0014239163128648771,-0.004171122063056802,-0.00020265479907087525,0.0025529851413362194,0.00024200004539434762,-0.0041858946801017205,-0.0027232073095865587,0.002081236159431736,-0.006336441890042932,-0.001089401469481097,-0.00044374899480421654,0.004469120612913898,-0.005226456262598984,0.0016156283564561927,-0.0015429021774135867,-0.0030463263454280024,-0.0021800516554884935,0.00015274784568043254,0.0003174080826398712,-0.0015387873667595995,-0.0029108169997488225,-0.0032483704153500018,-0.0008196867365518597,0.0012442923546516977,0.002247151769154865,0.0021190297798413522,-0.0007065867604370734,-0.00034023523249431014,-0.0010435785056691468,-0.0032841066918959747,0.00495560745731977,-0.0005091696502617629,-0.00024099094145467,-8.861367862014477e-05,-0.0027577457320332624,0.0014839533147243482,-0.00016959037488274817,-0.002314219825244858,-0.004858411969639138,0.0006170002930128346,0.0007170932272244774,-0.0012591423626982289,-0.00042087766370331014,0.004791853525540514,-0.00454725503982623,-0.004697603116311589,0.002669891933843755,-0.006540076596178746,-0.00044813723210987416,-0.005774199239372859,0.00038866427013897113,0.0029096366383658994,-0.0020869738627536634,-0.0017920255795750278,0.005430347323783138,-0.005054817694121941,0.0009479577354001205,0.0038753048650702897,-0.0007620325469323996,0.0038173111087040387,-0.002002884447973501,-0.00018582008157764533,0.0011461415217776994
symptom_resting_tachycardia,0.008797524605803282,-0.0022491692454340738,0.007761425305245067,0.00655016693569752,0.004784125201825096,0.00921158041917881,-0.0009517727398169199,0.004258037458488515,0.009775861330913675,0.007416281208305005,-0.0005376072678582868,0.0044596274644650435,0.0014767366015726027,0.003568197942579466,0.003126203172617603,-0.00022145368871787628,0.47328747766675716,0.4676813216411292,0.47479733229130033,0.4705327894233236,0.47052860479460484,0.47270625299796587,0.47226001845557286,0.4736325950115661,0.4638988410347685,1.0,0.4676159819689212,0.469858779225721,0.4717150930256811,0.4679259481870354,0.47053670173474915,0.002921841181215173,0.004799047871762043,0.0024752131487907683,-0.005647736092622468,0.0008741877307451451,-0.001137310458639824,-0.001453346515926914,-0.0005408417874153309,0.00353161028726902,-0.00032512823846640623,0.0017141869800409034,0.002969179224093403,0.0003991602958806959,-0.0032943035784119097,0.003139694060710515,0.003584061186624016,-0.0009486801257750123,0.006687446489051173,-0.003126055125942995,0.001110414477081324,-0.004315101913069918,-0.0023827566198148012,-0.0005087090078718585,0.0019110254972085135,-0.002457585732391939,0.0024256622489504187,0.0014166057640228828,-0.0022267259981692145,-0.0006690055381763778,0.0013211204281737931,0.004415094006101695,0.0007776691841922896,-0.0004550718300240017,0.0027130026580808177,0.0027719991983494044,0.001440236973849272,-0.0008886138017354613,-0.00402345518023013,0.002037306253355242,0.0006305682501291796,0.0039880541263824015,0.00030411278735145746,-0.0035074227797483254,0.004731238471911629,-0.0009581396311367348,-0.0009712379576246852,-0.0012983880299185194,-0.00016181745606148038,-0.0021200707406563305,0.001166454079603879,0.0037890767212332642,0.002286143869033259,0.0006957142941630029,0.00824985565279915,0.001505365631635555,0.005765721638199557,0.0022451155948080754,0.002849084548717559,0.003103119441899191,-0.00020223142228934836,-0.0018653314051162175,0.00015303598403819266,-0.0010531998411586832,-0.0020041154818289247,-0.0013264780900665036,-0.002177074189258376,-0.00519532571200567,-0.005152985977158088,0.0011041978162264537,-0.004373032725130872,0.0015661636104146498,-0.0016731507454486405,-0.0010212377858063533,-0.002567082885735466,0.0006791866314924619,-0.0029874523507057585,-0.00035731911851225154,-0.0022514192266748076,-0.004269738754950612,0.0003429508485562257,-0.0011944567584701406,0.0009278061312523068,-0.0010422141513253508,-0.004212011930972558,-0.0018565111039317156,-0.003287841788669511,-0.00129303098220437,0.003319026239545029,-0.006832767980866169,-0.0026563003934650113,0.0018781354121790144,-0.0023385353490032444,-0.0032548377244720978,-0.00207305823563934,-0.0031485306463826103,-0.005036716380626193,-0.002695244107130081,-0.006228386184227572,0.0011246385380295184,-0.005800170056512421,0.0014876576190815173,-0.002817980146658904,0.004305888861708467,0.0011929348221029438,-0.0036403147204527764,0.0037151011808419085,-0.006890267477117578,0.00019167149331467018,-0.00035632722417065115,-0.0007194156285753732,0.002021680905086092,0.002138899234967203,-0.001156234059529905,-0.004187827316993118,0.0019351711973546314,0.004550643838837882,0.0003454642217608197,0.0030508349598206553,-0.002010903850713863,-0.000962153278675422,-0.005563657374699813,-0.006494296087666473,4.842999659872168e-05,-0.0015355716010910336,-0.009572988089124239,-0.0014670366877838558,0.003970938527637086,-0.005956747077500044,-0.002800792008202655,-0.001329360154090362,-0.0014178159325604121,0.0005116460050998979,-0.000862664424877408,0.001300881273692329,0.005911284874984685,-0.005126905994479071,-0.0018076916806431952,0.0009210924119361271,-0.0014623446790772497,0.0037444086357562483,-0.004195368266761907,0.0008387423697757214,0.0018977681254202107
symptom_bradycardia,0.005263014398358232,-0.004114148050840294,0.004226753417056095,0.00017327827323695717,-0.002008251231189362,-0.0018029462386034097,-0.002955566160530762,0.005308876054867037,0.007071359268230483,0.0016603270539869888,0.0013403893531080996,0.0029407802760586794,0.006128373867065089,0.0030226981814927643,0.0034132180464518666,-0.0004879347604702681,0.47741241123555983,0.47188893783409286,0.47905198813011246,0.47451272814970696,0.471873249470523,0.47616226654259625,0.47644637354408526,0.477971373478964,0.4730234879365395,0.4676159819689212,1.0,0.4700268577726119,0.47239797912286824,0.47572387171401825,0.4776668477063266,0.002028376355600909,0.0010606963720170878,0.0024067739118214873,-0.004435030288470906,-0.0009159949584688857,6.92863200068599e-05,0.0002809550333820512,-0.0021054745444948862,-0.001929520758511214,0.0019332518723283831,-0.002097138991818149,-0.0028783997253230462,0.0010780063604786205,-0.0018608723776277513,-0.0028609345791444085,0.0014154641779821554,-0.002590196204927567,0.002055798726630523,-0.0020697863944178258,0.0011936425257751335,-0.004379725756552647,-0.004172543713501438,-0.0003235954674202516,0.00037802221220215775,-0.002916179704695079,0.0021087340678455895,-0.0009738841777468067,0.0037686579353171695,9.509309450376581e-05,0.0016514235480233211,0.004240514869728701,0.002112131878789815,1.682712173006231e-05,0.002036451033204045,0.004607953146395634,0.00047818088287620637,0.0018734289620814862,-0.0005542323647267488,0.0025073764246169856,0.006740555688256329,0.0038613912700452553,0.0008746023610393367,-0.004954613375236262,0.00550764622101528,-0.00038252264632400755,-0.0004678758311826563,-0.0023986764144473694,-0.0019588606945649813,0.0008835922664213799,-0.0044625465634286834,0.0028262277615278193,0.002437296736069131,0.0010559739781559464,0.0010216138004130587,0.001863228185034951,0.0021571616975662677,0.003229368770264245,0.003068240021578847,-0.0048382852019993395,0.003397850603890622,-0.0040314206721655975,0.0003873002341892614,-0.006051896687317217,-0.0009469533308745572,-0.0009427499520957592,-0.0034404462788280173,-0.002797250960415732,-0.0035688354436232716,0.0005109946578014695,-0.001454157789054268,0.005456142445736371,0.0022318350890345026,-0.0027927739487652015,-9.773570520600484e-05,0.004614364363404847,-0.004665145204495271,0.0001703610969850502,-0.00029368184235909893,-0.0043402898198387635,0.0003555700265267353,0.00025646482995527614,-0.002955517095847211,0.0015053339633860317,-0.0007323454554564765,-0.0014688284150544263,-0.0015825380368327247,0.0043784208115145605,0.004932776073563742,-0.0033476022634862197,0.0013477983550207644,0.005271241346302547,0.004709766525543654,-0.0010111581803682514,-0.0006249566349574978,0.003904273743686246,-0.003119553801860225,6.806133311219546e-05,-0.0008590654736263673,0.003654793576752476,-0.002002632627741467,-0.000657218927387311,0.0012039627590467138,-0.00026947342249722313,-0.001808995849295706,-0.0020045470637698793,0.0013831005929061085,-0.00893840131989691,-0.004342306100822645,-0.0027138360541146597,-0.005412756323026893,-0.003040993521705857,4.897647297165846e-05,-0.0011768441321646926,-0.0002237986065039134,-0.004014776837244891,0.006623663527590856,0.003466549778909632,0.003036768813265104,-0.005705386990644126,-0.00024559708401220454,-0.003529804585746864,-0.005878779995278583,-0.0017547266237694927,0.0018093041215938824,-0.004647200185804447,0.001805379472552894,0.003240648714863542,-0.010055410157669047,0.004389545040189116,-0.00265439650125233,-0.004879330861482356,0.002020436788512344,-0.004212432961979343,0.0036634119245034682,0.006489113927097356,-0.005144215020551787,0.006096355784309555,0.005163349161021727,0.0013831005929060938,-0.0017083169086565286,0.0020537384569069613,0.002533193981282739,0.0027158012684528284
symptom_clammy_skin,0.0013185331632456292,-0.004565275918226322,-0.0019334446885502141,-0.003484816719244233,-0.005454148812188356,-0.002416144558467421,-0.006465454597233573,0.003027724436720937,0.00014045090891985426,-0.0009601311061396045,-0.005019127566140915,-0.00120685059501812,-0.003907376487465949,-0.00042887963978080365,-0.001913520215891932,-0.0016455142167992021,0.47393461445726826,0.4663027144306727,0.47498171942260264,0.4722106500966782,0.46767697381741785,0.4739224158564623,0.46946569221408296,0.46981743330688264,0.46362831831926404,0.469858779225721,0.4700268577726119,1.0,0.4733151167150611,0.46859333386897195,0.46724412029403334,0.0002590800065564168,0.0019702035146676807,0.0040671605533326655,-0.002898971345039749,0.0032825952397323695,-0.003201877974400015,0.0013526405949966312,-0.0017162831835913358,0.0012296724614151958,0.0006801049431878022,0.0003862250682807405,-0.0011976786020468446,4.2267341681928106e-05,-0.00018981126535737988,0.0006967422779943224,0.0041312124128705515,-0.00016724457773173134,0.003999875669624516,-0.0036185185545602894,-0.00043060615332000886,-0.001871878621832627,-0.0028004755017335113,-0.0028606281634882542,-0.002027082661488251,-0.004658744017527079,-0.002435073608526125,0.0011166955029333573,0.002727966508943434,0.0010806138662202219,-0.005685641312557645,0.0006938618379621095,-0.0039354249342950995,-0.00023216923717863172,-0.0030788336551069123,0.00020230765784612454,-0.003490383651733426,-0.0019558886423406982,-0.00381057539266086,0.0031794904276500504,0.0012592601589627502,0.001802549678505077,-0.0028483240243054445,-0.0031802527040891734,0.0021906415631287525,-0.0001950882691529274,0.0012417713436550268,-0.002354544457253403,0.0018996531956429954,0.001253469885172328,0.0036436860093246003,0.004731968422594466,0.005585455944844616,0.001566707898110162,0.0012561510818695435,0.0020860535642373314,0.004056902590956468,0.005118466516112941,0.004401988879963611,0.0016222836606654375,0.0068427102181713466,0.0045310764015209955,0.0011641351644910802,-0.00268037922642015,0.0012427485165628883,0.001478141034069791,0.0006581778572411716,-0.003753615580446557,-0.0032407982141888624,0.001857158800990142,0.0006405800218630292,0.003733287432084674,0.001955634764265865,-0.0027033598608880802,0.0013237385401067949,0.0013766667711751467,-0.0018132813714610396,-0.00033589365737033517,-0.002169741088522135,0.0001373917116078415,0.00017312642664101427,0.005896656648753423,-0.001022391785494476,-3.7720804684444035e-05,-0.001342187986509513,0.003203663206758832,-0.0014818909545871418,0.0019239130097254602,0.0048431259497480296,-0.0004067473872560249,0.0012755111318078069,0.003080736585963617,0.00013307354657574887,0.0018300560360488814,-0.000779882666251244,-0.0020689355708675005,0.0028476309673901956,-0.0005336630385798708,-0.003081910542787359,-0.00247282941384884,-0.0036784051855281922,-0.004132340860395279,-1.490773053298459e-05,-0.0024177639218339033,-0.0017047691429498749,-0.001286143187368832,0.004662333032717846,-0.00434182926771852,2.038666803707054e-05,0.0018337880076949717,-0.002213359207138944,0.0046088445907044905,-8.564334260319486e-05,0.00036584037399855823,0.0016276386930082903,-0.001715443414036621,0.003390869362778296,0.005826330031380497,0.00296220447795305,0.001508277587129633,0.0003680775573814324,-0.0036574598909247568,0.00037785613218129606,-0.0019077293180067834,-0.0022888143195753706,-0.002283354393233762,0.0006236607700838593,0.003805012283007005,-0.006781798062287076,0.0014422521742907981,0.0010965527852826013,-0.0006833428342887033,-0.0011617027955414274,-0.003679545914695937,-0.00042723872249698095,-0.00035944164131703203,-0.0034349737004070605,0.0013275748869194407,0.0014739758198832954,-0.0027978193021786476,-0.0007050135263133854,0.001221221626479528,0.0029407594169725245,0.0026000342992822194
symptom_cyanosis,0.009386963472324945,0.002100092024237101,0.007517225702594894,0.004709530017330582,0.0032212810320304277,0.007373052197453215,-0.0009175660280215585,0.009085625277604264,0.007721931095722526,0.010923320084839311,-0.0005039402404170414,0.006508063746967806,0.005808984177011477,0.00902973999241013,0.0019098478366699778,0.005096058097914735,0.4732359364059003,0.4745268814445856,0.4830727045771235,0.47480456631902607,0.4693773309640207,0.4754326479028388,0.4772521014572112,0.47482521158084856,0.4716261359344396,0.4717150930256811,0.47239797912286824,0.4733151167150611,1.0,0.4735219595682267,0.47414923758123756,0.0004820864008017004,-0.0005489810478548005,0.0016196419501266048,-0.003950462214644479,0.00421239021895793,-0.0022174225788851405,0.0027185905684069616,0.0035435769648924738,0.000654030511517867,0.0010697392623852688,-0.0013864193214925312,-0.0011917315271636312,-0.000155481811462611,-2.5129293201767454e-05,-0.0018499239410349612,0.0035531807212256274,0.001046179950243179,0.0017211248284064475,-0.0007598228380968948,-0.0007222310096756349,0.0009108608912453944,-0.0005401020034721353,-0.0011154289210096703,-0.0014067823229240025,-0.006436227870059488,-0.0007649063232792467,-0.000617727365566486,0.0019725542515565114,-0.0016370907415385533,-0.0012260659243995026,0.0007237873417220528,-0.0006195348668583016,-0.003929297396965399,-0.000537753802426156,0.0010158163342455337,0.000331522319668286,-0.0004922195697890275,-0.00012650275845828588,0.006803822079373437,0.0010257378713664051,0.00409212647325387,-0.0015423206115254967,-0.002289489972796119,0.006157602508414965,0.0014521609922999229,0.0026905924302898267,0.00410783861159507,0.0014749792873718828,0.0014625007423108075,0.001618974456171248,0.008911320333571296,0.00413040725335608,0.005254094748412088,0.004872481645600729,0.0030683177989724755,0.0074012482349670216,0.003809228266413937,0.0041348517767079256,-0.00014351110705323623,0.002013606059854374,0.006431139546207557,-0.003859004843379149,0.0016054227071855018,-0.00031078393985293834,0.00119407579898723,-0.0010891051975443695,-0.002908969191037917,-0.0019586563787610594,0.003688259979437388,-0.0019385142686454465,0.006857336191316876,-0.000936708790269071,-0.001642332250463213,0.0015591085918764834,0.0008243819965951792,-0.0029284013768669415,-0.0017470037534946916,-0.0017691549599289516,0.003080675019237628,-0.004092627209978749,0.00047332899056102027,-0.0011305781249430424,0.0007081850907894648,0.0010915984142831786,-0.0028491583578664913,-0.0008499799281923717,-0.0024622785500021554,0.0066341928383598665,-0.0008468530176561807,0.0012883948570805873,0.001412190380608551,0.0004773717825110349,-0.0038084022626940434,-0.002626441130544081,0.005554316217141176,0.0015015112045911288,-0.0007767034190523568,0.0012644087633523393,0.006473587670420799,-0.001602897269697291,0.0009130947441765148,0.0016052637685364311,0.00013094752517566412,0.0031127190111705843,0.0021535667482036375,-0.0037664735412864135,-0.004867011312390779,-0.002387406854018498,0.005870837984092594,-0.002723180439599086,0.0025774642895694017,-0.0019927604609625295,-0.00033041151856147893,0.0017946282948502943,-0.005190363199712666,0.0014104090241454778,0.00034253226320185294,0.004403003002357587,0.00019036139540898415,-0.0024446226094447282,-0.0028223253652641736,-0.002013720137257265,-0.002320324516103445,0.0040887156066643626,-0.004629887481919812,0.002916538908316194,0.001151345242566187,-0.007997574487871677,0.0021966955234849067,-0.0019817052127158595,-0.003141398763044213,0.00663840783247209,-0.009510459521807702,0.0005032494852550164,0.004080953689215837,-0.002420581966068387,0.006122121597059707,-0.0040616033417761235,-0.0014654813435685684,-0.000607141791625043,-0.0007118921020668974,0.0008355108541493256,0.003575171914539836
symptom_peripheral_edema,0.00960819236229698,-0.00020012649899772873,0.007318312807277898,0.004093564365524194,0.0030902040474276448,0.005237752535977317,0.004649731403765159,0.004089887482003366,0.004661787657628492,0.005235118441769735,0.0015169816421647274,0.007352037230062503,0.0045046674143026065,0.0037428942093672953,0.0017754285176974976,0.0028050448962055057,0.4745824496091713,0.47051048771308585,0.4741974861153298,0.4776932427878837,0.4724065887215508,0.4789809914572595,0.47202079594119667,0.4758089230206334,0.4664300018089895,0.4679259481870354,0.47572387171401825,0.46859333386897195,0.4735219595682267,1.0,0.4710214449957445,-0.0012384206583167107,0.001424016599726176,0.0027691224411586645,-0.005065632780381235,-3.028473817664952e-05,-0.004523887329731533,0.002065025151848601,0.001925901498448428,-0.0005215362518553197,0.004396073015738834,0.002834362487551245,0.0020577108390708297,-0.0017022814963136444,-0.0012053819701576566,0.0013993050167059047,0.001773955349099715,-0.00013403158651071036,0.0015262594703818455,-0.0016367274015055007,0.001700760554018119,-0.001174941089035402,-0.0019431798470978415,0.0026714948061820278,0.0026612672497777577,-0.005239788599167735,-0.0015738034662792348,0.0003048160892796489,0.00023396996140052933,-0.0019509361796722084,-0.0008883927224317854,-0.002092366112452541,-0.0017890913480691007,-0.0007195364845893364,0.0028174731367034537,0.002579092487118959,-0.0008318123637097713,0.0022190139162801244,-0.0019936493788198736,0.002853147349519093,0.007386903902769629,0.001855132678808405,-0.0007830864887647025,-0.004526543415999363,0.003581949924989063,0.0008795106122112328,0.002404265221009484,0.001867293519032679,0.0009819871057622162,0.0016706681741073498,-0.0010372877318527737,0.003052526473854045,0.0021793497794780157,0.0016330137897127496,0.0043857064958182515,0.001889826518088806,0.005662307313971517,0.005204763291584654,0.006784042368628409,-1.6454008183332178e-05,-0.0010337505066175213,-0.0032296882894938027,-0.003169220221141086,-0.004645746161211885,-0.005241807718538945,-0.0012637414945905752,-0.00262537583302968,-0.0060264436243908925,-0.00381692758673537,-0.001514089197142919,-0.001761293039976711,0.002501020534370023,0.006459667757447302,0.004932404714047387,0.005485489241967046,0.0051901515265636395,-0.0025660681843503565,0.00415382194097067,0.00011747611125973183,0.006076538356778474,0.001103138377642977,0.008210924820995042,0.0020289474205777776,-0.0007043210494825051,0.0039976166756623115,0.0041591314002931605,-0.000977370457252785,0.005695230081100246,0.002117081730979946,-0.0002751697179499545,0.005219721920044322,0.004552171112207446,0.007087692076557229,0.0004728160709391847,0.003068203515702023,-0.002932431633900968,-0.0038883562214842627,-0.0022431840038648803,-0.006024307077100035,9.741786979321828e-05,-0.006455356642569072,-0.004845777687374004,-0.005654255253108007,-0.0015062037093862338,0.0011019183403391207,0.0038749438591938533,-0.0008032294505503858,-0.005473617188293424,-0.002311552360724699,0.0012650072160611781,-0.007992594385200818,0.0026709579895969485,-0.0012325797068451238,-0.0010986602600580322,0.0012069899899846822,0.0007896282948774044,0.0025076049977849884,-0.001468917622548589,0.001734950180778788,-0.001211361974161341,-0.0023790581738822045,-0.00137833264766731,-0.0032193613872700698,-0.004605697384157742,-0.00032376600921548153,-0.0012734343735525237,-0.0014242294391001572,0.006159525101662948,-0.009972893829777493,0.0011778082362243242,0.0006951756864619621,-0.003947971477582985,0.0013428296216932358,-0.0014560545910662704,-0.004209634796537667,0.003558987350076216,-0.005078564257963382,0.0009112641222566586,-0.0018583780701719175,0.00034857453522286466,0.004881951324287682,0.002849757145563658,0.003228084499655817,0.0044802228529625945
symptom_claudication,0.005051398465119454,-0.003778191312871831,0.001581316865166753,0.0012791675633179852,0.00215145125282124,-0.002015221976126298,0.001555617692965211,0.00023259780352987252,0.004142635169076899,0.002419340923718097,-0.002402886649900304,0.0011295016095844259,0.0006503827778876602,0.0015537869135206525,0.00028273120412545475,-0.0013303478960872523,0.4782874077584625,0.4707043305954125,0.4767156033840006,0.47304034163430203,0.4710570861910612,0.47535633660580323,0.4762258789083749,0.4758459310587656,0.46846270010799573,0.47053670173474915,0.4776668477063266,0.46724412029403334,0.47414923758123756,0.4710214449957445,1.0,0.001599903725200307,0.0020638784976641364,0.002585565519585203,0.0003207639330139975,0.000909788851845769,-0.003352034152849722,0.00293453366954469,-0.0008046883489193412,-0.00017901554486430732,0.0009100164073911583,0.00309804118853115,-0.0018033977589996392,0.0015575696626210023,-0.0019102105821974164,-0.0008090130419269917,0.006621730133596791,-0.0006893446832392197,0.0013397407016433568,0.0019283588588595937,0.002121082487749771,-0.0011273693435280936,-0.003847492190699062,0.00621557259155204,0.0033271405544518214,-0.0016843524557338919,0.00298483178621548,0.00011723268540490864,0.0014886297705747546,0.0006807407230524322,-0.002718207795946521,0.002894222536440817,0.0015518441345566173,0.0003185176491898248,0.002557179001710112,0.003115834137557987,0.0022860121081946217,0.0013892340613937874,0.000537122485236693,0.003098037666689457,0.0030477340079099703,0.0029450461639681036,0.00030664762923068763,0.0006030731868239275,0.006197588600918692,0.00016039281634834516,0.004891122229745361,0.00156384438299685,-0.0012047767796271053,-0.0012822128382596867,0.004375365703387426,0.002816095899395038,0.007721224276329481,0.004110354178775968,0.004285256250509699,0.006792978845088106,0.005839567633003037,0.0032231105136659747,0.0016012912214104938,-0.0008755569730186145,0.0029792197402627985,0.0019207071434093734,0.000788040087517046,-0.002138051192288226,-0.0019697813456179755,-0.0036943135406068053,-0.003931316023226663,-0.006431479034201473,-1.8390379452738197e-05,0.000841854253805168,-0.0017969741166010194,0.0012137949264657529,0.0008504954479612005,-0.0009547420202278202,-0.0035165742397550034,-0.0024943811279188287,-0.0032573359085311215,-0.003532751103291453,-0.0015909544238444763,-0.005390071783795173,0.002871083234179034,0.004716985135356434,-0.002562267943470651,-0.0047803542516138605,-0.006513525558494087,0.0006660129711308869,-0.005430231629140291,-0.0010604671401893166,0.004519974981591473,-0.0036846451177206096,0.00013412260003429672,0.002553113478424032,2.3349220659760927e-05,-0.0009920912173119374,-7.568717185505614e-05,-0.00032462177741791025,0.004518343308781982,0.0037887852988355204,-0.0004938627649231889,0.0042608356826512135,-0.0010893126776657257,0.000569775105959155,0.004463573633171014,0.0031490330283071117,0.001990303048952356,0.0005132545131228939,-0.0002926911332704464,-0.0041739345680485975,-0.00430083425056133,0.00043665446505593725,-0.0013702637204738163,0.0020419238809976773,-0.001286290221459607,-0.0003149773146743285,-0.004172278024790132,-0.003993378530575506,0.0003767022837835807,0.0022536259807184942,0.0017056851538419335,0.0031470203019534856,0.004974322993339505,-0.0021182398103106255,-0.004556762212642832,-0.004665550927052528,0.001861134427028144,-0.0021424411880695848,-0.0036505799081850776,0.0032831719019683703,-0.005941989781458625,0.0005531343331950653,-1.3191651349773872e-05,-0.0031273687672543344,0.00359163652263934,-0.0021766864927874703,0.0005195652395105646,0.009586058261174339,-0.006921920602015779,0.00019224885959377816,-0.004756338432531034,-0.002594347712752202,-0.0027709812582703513,-0.004877978465028858,0.0014335513013408053,0.0027514375054038297
symptom_headache,0.006403213280286165,0.002576207543497067,0.005036630088872697,0.00300691036338686,0.008827346834563484,0.0037696737594953545,0.001962634881219189,0.005733051940976462,0.003419862119750402,0.0017760651585127755,0.008399633574722423,0.001019823903383249,0.005366187954455346,0.012140922486110463,0.00465778681522744,0.006588017185353463,0.0014926800542906671,-0.00034490754437226627,0.003646477480412332,0.0035117598077074163,-0.0009390106349926982,0.0008189441458753438,0.0005019950184659438,0.0034048267226985877,0.004814644399719949,0.002921841181215173,0.002028376355600909,0.0002590800065564168,0.0004820864008017004,-0.0012384206583167107,0.001599903725200307,1.0,0.4555639738690871,0.4528538957528967,0.455626788231773,0.45804920928133314,0.4576019514115459,0.45885306019581673,0.4495839160255824,0.45900573769957836,0.4544547835779557,0.4583059524429775,0.4594033371216099,0.45568361050501577,0.4575322637066486,0.45161472489670745,0.4532736637375985,0.4586163848902798,0.457445765467079,0.4587479064452664,0.45726558044209603,0.4562394174575318,0.4589075163481344,0.002568529294149292,-0.0007308306494200402,0.000737678094307956,-0.002592004575163031,-0.0019549556926125177,0.0006789368377666185,-0.0012699646104201347,0.00041390709873438295,0.0026516597697218065,0.001292279331047069,0.003793565381741755,0.0021350597752322507,-0.0011570955668202714,0.001834516379487461,0.004869486826941502,0.001482588052152445,-8.858945388273028e-05,0.0060489822424144865,-0.0010079567562737732,0.0006296219120059622,-0.0005955520538081316,0.00029088645832577265,-0.00036407969568544264,-0.005000674703366352,0.002685199552042813,-0.002433243958580601,-0.0009177134712131807,-0.0005832508756795531,-0.0026292444068790125,-8.709378957891865e-06,0.004022572392334772,-0.005330991839985465,0.006024860926782663,0.0015530478339638664,-0.0009796751566409662,-6.615066672688435e-05,-0.0009474397238254997,-0.003396324740384344,-0.002274289504834856,-0.002973893046250163,-0.003136436798395982,0.0022486488547891906,-0.003583378598524523,-0.002978844395011464,-0.004577119440476455,-0.002939432989645874,-0.009216928475889856,-0.005086758658578339,0.006021825264133639,0.0015400905710462088,-8.919509016486688e-05,-0.0007158381766189912,0.0026544664098827973,-0.0006126772107289216,0.00253639737359021,0.004788141266308735,-0.004057062956788436,-0.00020347209448056438,0.008814459707078722,-0.0020756232802549204,0.001183076738946887,0.00278461387488681,0.004738263727595002,-0.002380939189241492,-0.0009417992019377903,-0.000902169520529515,0.006143864353714667,0.0003341000412065776,0.003563736665475891,-0.0021920054501823444,0.003407109882619053,0.0019152286147245824,-0.0019037123267883558,0.004382631878246073,0.0023645207853780536,-6.449851175872331e-05,0.0070650398617721506,0.005731135962321285,0.006473563229304464,-0.00044562073746186814,0.0016582855032495,0.0018439891502181056,0.002790139793478757,-3.889123604488916e-05,-0.0025555282935007086,-0.0006160813319103265,0.002750441750928665,-0.0010246475087811063,0.0013188720546236494,0.001792796548945938,0.00023748363240241462,-0.0032104651606730235,-0.005558922800463733,0.00042900166516835674,-0.002948907053844975,-0.005731177893601541,0.005580100249910274,-0.00015351869621752808,-0.002585507565166609,0.0037272807500682327,0.0020482806527082646,0.001679534972669491,-0.0016294298739496459,-0.00043142553418985574,-0.0036501160164619166,0.0005049345728623825,0.0015338183149181087,-0.0002148341527697402,-0.0009702707215973538,-0.005806467039904389,0.003623449435311465,-0.006168562905775968,-0.0007471606341363646,0.002532629742933335,-0.0014291807031459952,0.006993162784416521,-0.0012211966508467748,-0.004007262678236629,0.005263962625248891,0.0040991777157617605,0.004218694792862388
symptom_migraine_symptom,-0.005076137939202963,-0.002264440026086197,-0.0018891839135211609,-0.0030624667991289555,-0.002594870905115298,-0.0009658742772955761,-0.002454944507955111,-0.0019786830271197263,-0.004413296205166382,-0.0008026059678659238,0.004200548205393472,-0.0036139322417064437,-0.007102716144090404,0.0005623173530839785,0.0029856595413048992,-0.0053888620823887776,0.0019556284407622757,0.0010429796161943144,0.004437695658091799,0.00029468518837725085,0.00404278623649239,0.005221763011267974,-0.0001765248363491838,0.0027236415625141903,0.0038517080058237366,0.004799047871762043,0.0010606963720170878,0.0019702035146676807,-0.0005489810478548005,0.001424016599726176,0.0020638784976641364,0.4555639738690871,1.0,0.45502108802805347,0.45220186853629085,0.4564956261258648,0.45951103645838665,0.4570905271666474,0.4535754567083269,0.4576063160882799,0.4514860620937633,0.4511641698150299,0.45526468518061963,0.4566594471843488,0.4506331120561004,0.44775188904611424,0.44877803486542966,0.45202009944816374,0.458862920117267,0.4567363011668157,0.4545949342175081,0.4576443271255425,0.4606526892560526,-0.00066593938184284,-0.002009527444494807,-0.0005736925565531682,-0.0015360056487054071,-0.0036568072467386137,-0.0028319056982875606,-0.004382950235454162,-0.0012502474685059809,0.0063872153514526,-0.0006020947733880016,-0.0013514103564982232,-0.004187431458533679,-0.00516679719857617,-0.00014875952741359827,0.002202854663068195,-0.00396216117914134,-0.0020678935607170565,-0.0002967755314059019,0.004088936986954473,-0.0026979491892922844,-0.004563241343935673,-0.005674374957107875,0.0011258209400049676,-0.0059332073435668315,-0.0005686151934236048,-0.0014707586945653982,-0.002968699077592902,-0.0016931560442897784,-0.0032273862897490265,-0.0031965336948159753,-0.0026748091207280805,-0.00286805624961167,-0.0020419775231528157,-0.0025668806527949315,-0.005167276209225932,-0.0014159492492701348,-0.0021054493145963053,-0.006346203985815768,-0.0002333920509557873,8.052768376512058e-06,-0.005340595045606068,-0.0004946861833687413,-0.004524403173573051,-0.006187007704504322,-0.005623974211557823,-0.00020854044402379658,-0.008104147756695783,-0.00414992283509252,0.0026071754185335795,0.0010169590998812274,0.00569841492637183,0.004754842310716939,0.004350900721946899,0.006810098833971888,0.0010992103872652969,0.003466400879540629,-0.00012083557395511506,-0.0013116602704698586,0.004532316855179997,-0.0014501288182157132,0.0006548200031854161,0.005881220396421301,0.004371729888767108,-0.0006521680126916827,-0.001816006995900996,0.001353592018857812,0.0036253765783065893,0.0017138654914867874,0.002052188283769767,0.002063648919520559,0.0027930443784561195,0.0010355607161217759,0.00018196489074584948,0.002869173365353794,0.0037813116817489254,0.0007838328636783283,0.0025674230080466928,0.002698012218020781,0.00668051604454433,0.002530671754548828,-0.0006356853839993237,0.0008803153238377583,0.0008196458530668736,0.00546263601704743,0.0005864501611897102,0.004974159988212747,0.004844290220096668,-0.002027807445274577,-0.003079278148688546,5.982164669488042e-05,-0.0025659833118489546,-0.0008020851006654705,0.0027831247080483427,0.0023574112930468834,-0.002635352216838479,-0.00032673037340495866,0.004503280831508524,-0.0004470728343387902,-0.001487150895720684,0.004022049273394207,-0.0001448676920276843,0.0007078697169678717,-0.001885077376310939,-0.0017483500299258004,-0.007539623535701712,0.0008761465126775449,-0.0011387641506408097,-0.004533320338446596,-0.004737712921343125,-0.006843383976422584,0.007355453242163237,-0.0023451688990525758,-0.0029688927220425853,-0.0004902490709269552,0.0009516522520481977,0.00374108484833405,-0.0033579872314559904,-0.0019630880701542895,0.005636442037316634,0.0001702620679453833,0.0030787029172588323
symptom_dizziness,-0.00232673806834656,-0.0005801962753612868,0.0017171588156968912,-0.00031078899793463087,0.0010098148092074334,0.0041295853890712195,0.0026457895237650313,0.0037603922614363617,0.0021116213068538866,-0.0008920408190876742,0.0031317864347507425,-0.005199601440100515,0.00011449618790903425,4.242378403892399e-05,0.0026165390050900315,0.001344269479798703,-0.000521855827671672,0.001936772381204138,0.003921146798294487,0.002689202574501627,0.0029897136590070258,0.003282229108314386,0.0033393041565011393,0.000401918245928724,0.005199056536483455,0.0024752131487907683,0.0024067739118214873,0.0040671605533326655,0.0016196419501266048,0.0027691224411586645,0.002585565519585203,0.4528538957528967,0.45502108802805347,1.0,0.44865405762127686,0.4546588366824855,0.45414391563753853,0.4549365665505469,0.45281012276721166,0.4577615020384813,0.4540107273566865,0.45568087657157785,0.45256778105157663,0.4542132021433897,0.4529266147057225,0.45104111645294687,0.4479974389217395,0.45339374138248195,0.4559631032453166,0.45137147022443835,0.45143723112154044,0.4545658626756231,0.4591234028614286,0.00047975507569074095,-0.0010793822337827783,0.0019658686203127967,-0.0058267796414056975,-0.005581772892807356,-0.0038922311369895385,0.0007287507774742577,-0.0031952211302582337,0.0010074267095744245,0.0016436460090834201,-0.0026276531607760203,-0.0045056543615329325,-0.006966700743288217,0.0029781412216305305,-0.0005321580970971531,-0.002669987355077568,-0.0018029791366194823,0.00048773657953809206,0.003780992305689242,0.0009096570428496727,0.001107755821402837,0.0019187140172127533,-0.0007651064573669486,-0.0016142130789488954,-0.0005269481387571768,-0.0015691467998958843,-0.0006441166496645608,0.00034697140826806157,-0.0025443530898577194,0.002333564174934024,-0.0015609705505488156,0.002805046484696955,0.0020621744107289816,0.0018242516590643264,-0.005122555874877588,-0.004640380009553523,4.4106393635528875e-06,-0.0013491404938103118,0.0013975163817681378,-0.0006677351101828172,0.00010948170993843933,-0.002775972190633376,-0.004895033099724704,-0.0021170765445363707,-0.002314471717190385,0.00011776172739782741,-0.007932918094032163,-0.003668151210723171,0.0013654564276095232,0.001064254118152563,0.002345304382266026,-0.0032587858696772605,0.00011689008365895457,-0.00204044563453829,-0.0001738001799678447,0.005768620200292563,-0.0038078294450188126,0.00011886445573679198,0.0009444353618705832,-0.0054806642505137795,-0.00016216630050110107,0.0019531951346158562,0.001569845263290962,-0.0043533207650993345,-0.003635016995548172,-0.005490541338483981,-0.0014541604177200976,-0.005700815276250039,-0.0013103018279719224,-0.0007741004846884736,-0.004267298322902167,-0.0015079293138592056,-0.0040258580204558265,7.590681703852069e-06,0.0019742908182325833,-0.0025715155657744116,0.001315142282220843,0.0010327281833598433,0.006469637608036036,-0.0014459353454285425,-0.0003821295629180405,-0.00029442868300663953,0.008503579516806229,0.0020183635436383527,0.0027298232445325775,0.0004389410503859375,0.002519390282868719,0.002136096390241341,0.0015793031614618174,0.0008324542227399296,-0.0016647730958484334,-0.0007322867161645273,-0.0032496604943372965,-0.0008067464338221457,-0.0025636776277943884,-0.007219001383331215,0.005324094189155035,0.002645234540595093,-0.0028242774065378863,-0.0017989150596009551,0.002355499725225701,-0.0003595390321229937,-0.0018301963704206445,-0.0017074916350194732,-0.0031573060173654584,0.0009463294529415324,0.0017877972746948446,0.0015168508880885076,-0.00028403014580169006,-0.005221629056251709,0.002670524363346342,-0.00391647693922121,-0.00040192870024959644,-0.004134100719528339,-0.0037116974466880515,0.0016271315051746276,0.002607068876189318,-0.004147854567437897,0.0007157482157210076,0.007316711536596588,-0.002018767528320568
symptom_vertigo,0.002294274198303821,0.0016177225375968184,0.001500970988798717,0.003958358129388008,0.0002990432087607589,-0.0005492658681391237,-0.0012085114942213485,0.001981833951018535,0.004100757949080025,-0.0003995791523206655,0.006840363758278549,0.00027059359612640796,4.84881155772259e-05,0.002527407670772125,0.0024754151540292793,0.0014815218625981502,-0.005120836799354821,-0.006205168511728602,0.0015289785636520262,-0.0034820477731886965,-0.0008572109919988484,-0.005113520894443927,-0.0044551923108559184,0.00031678436450189397,-0.0005304463815460244,-0.005647736092622468,-0.004435030288470906,-0.002898971345039749,-0.003950462214644479,-0.005065632780381235,0.0003207639330139975,0.455626788231773,0.45220186853629085,0.44865405762127686,1.0,0.45422060186533825,0.45377578735287327,0.454102264328628,0.453982499435533,0.4571728894059001,0.4504059991411919,0.45317169346675223,0.45796251039189745,0.4521662383381797,0.45216893997774776,0.4521960530444317,0.4497662035702099,0.4532505872695134,0.45476697013071177,0.44908110052155853,0.4513636271883195,0.4511865584408304,0.45423293355886474,0.002979717255448108,-0.0014307059621412404,0.0061590997891379255,-0.002090238338077287,-0.0012565703931632804,0.0022020752499365905,0.0031496126186293417,-0.0007796903603016541,0.00586067843180644,0.0017141640859393264,0.0013360997532372984,-0.00421022275513616,-0.0013187897925565919,0.002174767582012808,0.0015998401103897838,0.0007083359228211433,3.2184289526406656e-05,0.0030663305160723154,0.0022661275557624605,-3.4797540113572234e-05,-0.004900817441539578,-0.004944304939092977,-0.005884441853198495,-0.002857194244464136,-0.0006238794791534642,-0.0023046889696118097,-0.0049374893038691275,-0.004173087585158192,-0.003569981997027581,-0.005742931416640081,-0.0005784888519241063,-0.0044858889538919745,0.00042070942733780627,-0.0006863300701345442,-0.0058555510535894,-0.005157986172432153,-0.0033880670237288794,0.0001615032338920139,0.005217514564184654,-0.0012421105670823458,-0.002891619083486511,0.0008820174752125403,-8.705014424981476e-05,0.0014658274900649756,-0.0011081058765075873,0.001474358830561889,-0.0016800963581000106,0.004584344218627562,0.0007669538637026824,-0.0009339366640103413,0.0004982484142142083,-0.0013599984962811853,0.0013181354171201746,0.004021955400332239,0.00032664507157447457,0.004042016809388222,-0.003475378504277701,-0.00267260721084369,0.002938869511421524,-0.0031517251959643677,0.0012239443482780128,0.004297199343271892,0.004623441998568285,-0.0020333147791061447,-0.0015849745466081906,-1.86876928246323e-05,0.002048579260399845,0.0009566891658133327,1.789783959568295e-05,0.0020061378261406783,0.003392532720759978,-0.00017828007744828786,-0.00020275446534532047,0.007687811702001328,0.005169687731070352,0.002863883200787822,0.0034702344161495575,0.0012569316675720267,0.005997164663969192,0.0041451240061768915,-0.00048049993001200004,0.0023369655685947705,0.003523874963813856,0.000393699772609217,-0.0033762470686595643,-9.478107258269619e-05,-0.0005655358387079396,0.0015777991025892426,0.0011540735502115777,-0.003987559142718611,-0.001570235640280639,-0.002657545483967851,-0.00562279852840915,-0.0018036215752594963,0.004020005768599354,-0.004397294883324651,0.0054447660561845095,-0.0010341674874591125,0.0008051374464463563,0.004234566443144835,0.002497188672458421,-0.00021613337869179187,0.0033349780597128603,-0.0005128769372674242,-0.005936785475231143,0.002460844597282657,0.005355700922284326,0.0003124400861974447,0.0015746970237158835,-0.005126123855724852,0.006888942656190287,-0.007899621179672436,0.0034773170473143193,-0.0012755859818917798,0.003181926304682062,0.0032031868315165993,-0.003735289718671308,0.0014936621545607379,0.001548240255743965,0.005702400547112573,0.004101820295840545
symptom_seizures_symptom,-0.002931121906693417,0.0014495346698087989,-0.0021588237441620564,0.002414365585784002,0.0016046885015663704,0.0021644717178212715,0.0009001070072989984,0.0035737838822644755,-0.0005566121557925108,-0.0012145996722114903,0.003574377312653404,0.001867446514809737,-0.0025536119956242986,0.00015030588648589407,0.0006561195699222338,0.0015892630870532154,0.0011760573854021868,-0.0010864536034432258,0.002314631737017819,0.00033924445128440193,-0.0010090028345026139,0.004143143060528033,0.0031538281157183178,0.0011961838813214496,0.0020963136524025806,0.0008741877307451451,-0.0009159949584688857,0.0032825952397323695,0.00421239021895793,-3.028473817664952e-05,0.000909788851845769,0.45804920928133314,0.4564956261258648,0.4546588366824855,0.45422060186533825,1.0,0.4571559511956178,0.4542736891695766,0.4506132048796477,0.4622195115242071,0.45534230701456463,0.4556231201667516,0.4548259777606941,0.4527789590864042,0.4514983261474636,0.4528436804249917,0.4548594514751048,0.45533891570656243,0.45720002460020354,0.4567561839759977,0.45423309704873144,0.4530608739399402,0.4599826078307134,0.0007583328983332267,0.0029096608540555755,-0.001493793362390438,-0.003482619245379691,-0.0005582228980195124,-0.0014787157846610024,-0.001113429983381104,-0.001363207081011536,0.004365979073868053,0.002879379484988257,0.003150322394547653,-0.0006484439990095393,-0.004912221439964279,-0.0009221842381534666,-0.0012792937433969158,-0.0004980743748622405,-0.0012299253211762627,0.003166107643790621,-0.00017082580570037666,-0.0028953641185848196,-0.0036932683281113675,-0.004519629095316229,-0.0012848241637285966,-0.004846120940857466,-0.0034038727861912484,-0.00252283099137294,-0.0033087582766578227,-0.004027160914229006,-0.0019286351605747422,-0.0022557279014764602,-0.00016955506044923316,-0.0018561058023740667,-0.0007489873662912481,-0.0014836894124604326,-0.0018820508753650707,-0.0012590413559964355,-0.0029442740725294687,-0.003762693225423918,0.0016638954057171973,0.0007568756981028692,0.0009766143196695192,-0.00013138479612048962,0.000135182665658521,4.3767526269010835e-05,-0.001747927129110131,0.001611398822160491,-0.0037709822645986815,-0.001345354052931928,0.001600027571471378,0.0007868220247448756,0.0001613785546732323,0.0014932804801706097,0.0006361780028020913,-0.0026620399402614565,0.00017268089600311942,0.004013890225779236,0.0008624720348738838,0.000712542597207115,0.0006673378812948182,-0.0037571434199275876,0.0015481893564288128,0.008329632680491292,0.005764808968330412,-0.0012372333884110315,-0.004922050926929259,-0.003004024589018577,0.0005992510103507606,-0.0013061405185821,0.0010135545337183552,-0.00360326127972067,0.0019354360330707736,0.0033347082179923724,0.002808265078235544,0.002067744209285742,0.0070409490459201795,-0.000978735287985344,0.005033029667468313,0.005495107936617908,0.007472467738917065,-0.0013035184587273047,0.004319709035686902,0.0028686676021012244,0.0033455698810796065,0.0019159381657856945,0.0005710077710803668,0.008906177662043326,0.0024424040978860916,0.006819031037382069,0.0014745968265849493,0.0042644812610567375,0.0024993720784132517,-0.0014970466399863494,-0.0008665229130305817,0.0012778673850792294,-0.009733541744732191,-0.0017176804736008303,0.0037373971176713717,-0.00197348343791048,0.001302268720694223,-0.0025404343598581717,-0.00016230788898593366,-0.0010360438099966558,-0.00021258275030079467,-0.002877728938494621,-0.0039539805964731835,0.004332704578962735,0.005089238222257511,-0.0018926925272124994,-0.0012298136204285065,-0.0005912236634393987,0.006658472685521193,-0.004795832362007433,0.00012694143912321792,-0.0023466868716583615,-0.0037932532531763565,0.0037256431294508704,-0.00455091791891981,-0.0019720891487403284,0.004195199819031948,0.0007401461503846606,-0.00465904641618898
symptom_focal_weakness,-0.002152097733390899,-0.004392243725703958,0.0029574900941068266,0.00021797716061634534,0.001822343422410427,0.00047078185607293707,4.526417110580451e-05,-0.0013975655024394693,0.0037106520223967707,-0.0039161647537726075,-0.0030056102712643445,-0.0029630820021169443,-0.002195686546106525,-0.00035186245355215334,-0.0016161848859111538,-0.0015399432289050074,-0.0007605746772639726,-0.004382838286199924,-0.0015508387122221362,-0.0009989271190874156,0.0003495871107674926,0.0011721777695179042,-0.0015378044779424216,-0.0015596068632674912,0.0016558338167428888,-0.001137310458639824,6.92863200068599e-05,-0.003201877974400015,-0.0022174225788851405,-0.004523887329731533,-0.003352034152849722,0.4576019514115459,0.45951103645838665,0.45414391563753853,0.45377578735287327,0.4571559511956178,1.0,0.45843900549922034,0.45775562396701713,0.4594165135151003,0.4555165559246432,0.4620080558351208,0.45930016885143476,0.4568615522520767,0.4557361753343975,0.45270413763541406,0.4531901924948387,0.4565881236344273,0.46021577480851333,0.45494370534059025,0.4564785591250084,0.4553049087494712,0.4587853718318697,0.004929187839365215,0.004008489955887757,0.0037768462691995836,0.0007586362733860525,0.003606024582104381,0.0012964446558162376,0.0027667377537275517,0.002073861968610059,0.00656073698673218,0.0005183673239545685,-1.0429224815089448e-05,0.0009563718126777193,-0.0008922206248517544,-5.364642057385756e-05,0.003254443892234306,0.0014728986780386591,0.004770378643409697,0.002582483276039286,0.010875470589069574,0.0057896457786240545,0.0018529451274146248,0.0033046752590852554,0.0026300368347012527,0.0014893354280928397,0.002862220067003441,-0.00025213094525145923,0.002022680773955533,0.004658483338347093,-0.0012263235171513212,0.0043606180203347835,0.0034573984298977263,0.0006294079858733477,0.006573582908044064,0.00499162871900209,0.0004614416726436009,0.007631028172258879,0.0006106568126548252,-0.005491019111305987,-0.0036725383121929615,-0.004360079455213695,-0.0023421494575813495,-0.002779468869268765,-0.006202776858814561,-0.00471775016833312,-0.006372496573613239,-0.005104104324605117,-0.008089507518415731,-0.008564809278420866,0.0033928202563186572,-0.0072948108282686434,-0.0007457541813477042,0.0011194097682362975,0.00033651303773816885,-0.00044165409182637255,-0.00012837774240243542,0.0006153597331250263,-0.0030697640170334385,-0.0021806674232356955,0.0014201147410705572,-0.0010165879899074652,0.0027355831577083904,0.0014759354786774933,0.004959649887756471,0.0015513940281296123,0.0004785711086114446,0.0022096960043917584,0.0033966505475161225,0.0019375152959976273,-0.0040549660015128264,0.0021001741307819597,0.0009394491222327725,0.0017998222158493366,0.0017300748984460951,0.0007403967613174009,0.004296584787757427,-0.0011142680956007895,0.002602516021415184,0.0030474891696042686,0.0051241685241650535,0.0024826867024833783,0.003633111215351179,0.00211003724615946,1.859933790604811e-05,0.002001552426737202,0.0013335410920627443,0.0043780751309616265,0.008880554931000753,0.002121518800971346,-0.0024426360966068802,-0.002701841912442391,1.8599337906042346e-05,0.0006145580360902605,-0.0032568330617213127,0.00025478765823829945,-0.001933425761205502,-0.005839300944465413,0.00906797395216613,-0.0019109862891786276,-3.000880830751285e-05,-0.0005026132100397745,-0.0025018138947172906,0.0013511737845410712,0.004904780342276938,-0.0005939797946999183,-0.0031699400273301225,-0.0004581083142382148,0.005181464991003021,-0.0004918152750472565,-0.0011755705462569042,-0.007584394361985298,0.003336191662438759,-0.005554784749967773,0.00207523673410695,-0.0004490722426255766,0.0016857564723283746,0.007436897293706567,-0.005061314971611942,-0.0019303221617292263,-0.0035779144137493045,0.0008244078603456667,0.003985511912958036
symptom_numbness,-0.00010708717307824283,0.005134249194245473,0.003656064287405667,-0.00043570092007584886,0.0007440807037245435,0.001526619881709329,0.0003112487550268928,0.0030681173137453452,0.00012907169030665946,-0.0005211674092041671,0.005854291479513092,0.00036193042211552575,-0.0017113680924242104,0.006042023718070448,0.002991177349975228,0.002071922205541918,0.004853094929436572,0.0012307800495075384,0.005474027007878512,-0.0007898640603265296,0.003262908079376398,0.0019882131818173983,0.002120633551383569,0.00607409775869265,0.006375233788123092,-0.001453346515926914,0.0002809550333820512,0.0013526405949966312,0.0027185905684069616,0.002065025151848601,0.00293453366954469,0.45885306019581673,0.4570905271666474,0.4549365665505469,0.454102264328628,0.4542736891695766,0.45843900549922034,1.0,0.4551075317393681,0.4596033730907489,0.4543108166518193,0.4529190402839414,0.4560187446167051,0.455438959459109,0.4559155108456222,0.4556457003416013,0.4542104281272854,0.45530739455030744,0.4573444780617607,0.4581179135576152,0.4548099482391482,0.45901885633138273,0.4550556507313264,-0.0008242380536294254,-0.0016399511644419398,0.0007339200332629952,-0.00567077276995042,-0.0052707674647898915,-0.003954273185868488,-0.0016183623572444189,-0.0044365939788524765,-0.0030902920593771552,-0.0015765151797458691,0.00039744995596411285,-0.0006791401639806945,-0.0028416662989089792,-0.002656886743852947,0.0008067166063939839,-0.0008189112079627119,-0.0013462570475614817,0.0014635916308846915,0.005363348802652785,0.0027752001626301284,-0.0014476752513280019,0.0016463002678760098,0.0044610799162731205,0.0006768459129435472,0.0013364043605416365,0.0011502938386519568,0.0029310854498949207,0.0009268494668790246,0.003030210981749843,0.0022753374162884725,0.006577052488733162,0.0013207778269366836,0.006635509260515342,0.0026210731003989884,-0.0016235167849608615,0.00028377908603833646,0.003512809416266631,-0.0016528151065844435,-0.002365492586553196,-0.00013093310182640293,-0.0016416411039243796,0.004595742733000886,-0.001978054594930357,0.0032418743512071043,-0.002078913845752016,0.007111086111623681,-0.0005075431462900009,0.002459723280242289,0.0036732920154855554,0.001987041365669509,-0.003534529737083094,0.00026311186665564754,0.002083355244169707,-0.004236180102985239,0.002142085388546317,0.0003685561775336108,0.0007570110135755371,0.0008660708549997983,-0.0020357487225105666,-0.002829271018324786,-0.0002796900242518787,0.0029638953209290817,0.0007622954527086481,0.0035732699691434352,-0.0019218860258514178,0.0008111288670580192,0.00795800129149289,-0.002543719017895302,0.0012212576447411868,-5.4895492036422364e-05,0.0032335898434929762,0.0029196451356936445,-0.0026604780585610974,-0.0007861364567491639,-0.001122606928438797,-0.002089029779967162,0.001168912317068622,0.003925130470411011,0.006088857063732487,-0.004719167381328535,-0.0024600691601816063,-0.0015603756472784094,0.0026245903137285575,0.0026817190032982475,0.004177313648763209,0.008421036921291095,0.003372761802649936,-0.0018994677482193278,0.0028006293665860226,0.0037132673527610622,-0.002464656863006879,-0.002033217697515648,0.004079768105914404,0.0024469049563062644,-0.0005643143995572243,-0.008582350968936723,0.0023757867086947318,-0.005635065735141586,0.0028548178016373368,0.0028566032917912167,0.0024279193196737503,-0.0014392152967024007,-0.0043146353206012615,0.0005746609666806576,-0.0038230518933426755,0.0010082247078315478,0.0041409766322430454,0.000916702047426944,0.003290839686324031,-0.004387952724940382,0.0013729872875105757,-0.004683020937017888,0.0015373800305807587,-0.003167631799945171,-0.005007107883961343,0.008246234977129372,-0.005568375957097334,-0.00299997746440687,-0.0013667705146828697,0.001503134008956064,0.0023301892791292717
symptom_tingling,0.001123180710617768,0.005084565205542268,0.0036705452944856484,0.005326808816269063,0.0026740994031237146,0.00677087797735123,0.003607867016812948,0.00421839240691282,-0.000687728479658587,0.0005678825877042215,0.004425306837728286,0.00024242237760970387,0.0021974763324336365,0.0039273474227918305,0.00286269499908989,0.0025914361023922626,-0.0009126812368399183,0.003194697608183624,0.003062837223317262,-0.000401933324835382,0.004167510864471685,0.0013078198381639172,0.0007672558724580893,0.00022966295621879606,0.005327051748845177,-0.0005408417874153309,-0.0021054745444948862,-0.0017162831835913358,0.0035435769648924738,0.001925901498448428,-0.0008046883489193412,0.4495839160255824,0.4535754567083269,0.45281012276721166,0.453982499435533,0.4506132048796477,0.45775562396701713,0.4551075317393681,1.0,0.45432215365236006,0.45793763331674886,0.4520155849716727,0.4538201356067527,0.45452392121289575,0.4487322174344877,0.45206948068050173,0.450634289937311,0.44958168418726546,0.4554272573135029,0.4540650333872938,0.45568140080278374,0.4532832558518606,0.45522252397459073,0.007472371772710367,0.003319805361970905,0.003176891585403491,0.000457973500612539,1.4725713784167788e-06,0.0014335997593620299,0.0015891710782915903,0.0007473328901233654,0.0050029847954458214,0.004545490427213977,0.004885333711750385,0.006557075615127636,0.0032838661418982365,0.006965903186987958,0.004479259447185152,6.172467373696259e-05,0.0026278441043918067,0.004599326399894919,-0.0002286955303741018,0.0013163342164097815,-0.0007646475975143839,-0.0027994105016342,0.00015958721463527037,-0.0009106619774087066,0.0004599939697026656,-0.001726300374894536,-0.00287011998167657,0.0006852920527855382,0.000363417559481734,0.0051516405460607624,-0.00015857518176795346,-0.002768112225935651,-0.00024303204439402468,-0.004031497497624337,-0.0037890880376169524,-0.0023851359800498716,-0.0020001534856164327,-0.005256464478099636,0.0007792006055501727,-0.0022752265281695445,0.0007016869768622942,-0.005838472546530646,-0.002741156728242965,0.001825149315610187,-0.002784205744648631,-0.002184128282514517,-0.00442451543724061,0.00013604401628132545,0.0026249788045606607,-0.0012081317082254662,0.0033767451414669337,0.0009680361416425814,-0.0015407453264172674,-0.00214997304150723,0.004266694935572013,0.0018446377588567063,-0.001740335481935022,0.001747299081835627,0.0018717653394681622,-0.0016839226633443738,-0.0012234240062437229,0.005035084993697174,0.0029103488349607595,0.0007649690340699193,-0.0012928446379866212,0.0006135308357443746,0.0044199923250008285,-0.007312266038730077,0.0013136043550690767,0.0015984922468719968,0.0007911773384640448,-0.00033356098826843036,-0.00029879132446640065,0.0039058611216300906,0.005206036527439844,0.0032680347105373707,0.005109389990183806,0.007413947048599596,0.007945494932564367,0.0018901387563398694,0.0023232039784027866,0.0028668423715479422,-6.97786185369708e-05,-0.0010670021149692963,0.0019124545862975446,0.005572348531047013,0.002408399973766114,-0.000717011897588078,0.0025705533981016646,7.952987821589234e-06,-0.002606832650161769,0.0018618291805793043,-0.0008873089054902661,0.0023213492898075485,-0.0007593198158301551,-0.008648194004154064,0.002950390843283339,-0.0012506898068888256,-0.0036396724396008666,0.004617060903404729,0.0022111114674222693,-0.0016552548032456344,0.0022821192441261286,-0.004018789515991074,0.003204962366937427,-0.0019529817775581176,0.0022029872743434234,0.0007232411440941745,0.004895539622252841,-0.0029714762741501555,0.004578687148667159,-0.00401250577515753,-0.0005367953571044132,0.0013147086357774207,-0.0072051263982075685,0.0015078533932852657,-0.0004794626012319612,-0.0019941653223550172,0.0020200630787468084,0.008921169618566108,0.0038914221318285713
symptom_vision_blur,-0.0018404798416300418,0.0008341811697898062,0.0029822872885378634,-0.0008218221050851393,0.0027690936219720535,0.0024787460147515723,0.00426800054209529,0.0012580715260254577,0.002883281289107889,0.00044529705809052234,0.0024733229929910488,0.0031028717787098146,-0.0031636752595812496,0.0019537560008984164,-0.0007370223868323225,0.004743767962675386,0.0006121758283451626,-0.002329194631379278,0.005715337458773861,0.0036709983385303235,0.0024734959319108467,0.0018653266434901035,-0.0014412696264540974,0.0006341351648822557,0.0028059670566692187,0.00353161028726902,-0.001929520758511214,0.0012296724614151958,0.000654030511517867,-0.0005215362518553197,-0.00017901554486430732,0.45900573769957836,0.4576063160882799,0.4577615020384813,0.4571728894059001,0.4622195115242071,0.4594165135151003,0.4596033730907489,0.45432215365236006,1.0,0.45461057013600464,0.46232221850617666,0.457931619509439,0.4554179076337602,0.4550599032801578,0.4547199256451748,0.4545108744869198,0.4596705558947347,0.4591525107425114,0.45817334966768225,0.45941094658101206,0.45363155550400425,0.4602522516545281,-0.00211321007339112,-0.0019157494840105005,-0.0013625499808978122,-0.0059208516383643175,-0.004660065820841086,-0.0054553892538752894,-0.002970485865911384,-0.006447992614053797,0.0020804979685672,-0.004401602720580333,-0.0008200342949406683,-0.003144793000756803,-0.0014070623735804259,-0.0005699855258872712,-0.002171592078217305,-0.006280948506463204,0.00036805300678877567,-0.00012989888569972768,0.0017758348995131083,0.0011863050170990391,-0.00666123655166673,-0.004284638574554791,-0.0007663198098548378,-0.004114307418553046,-0.002243302229182498,-0.0019314206434109717,-0.002432172656725549,-0.002011656824595501,-0.005185790582314828,0.00061438778527985,-7.429359943352677e-05,-0.003684272290710667,0.0021904599026031702,-0.0016032166127372318,-0.007689314295943814,-0.004220917687482805,-0.0021405317382383418,-0.00788877786069822,-0.0010873479493043027,-2.8036858033758016e-06,-0.002675995574283424,-0.0030338329264107296,-0.0018504927609740592,-0.0016188905894572395,-0.004334252788856595,-0.002442470021257838,-0.006357059375842912,-0.0033184420432879323,0.005725530759375873,-0.0028686191985918693,-0.002300286977288117,-0.0012991959457505557,5.716907775947566e-07,-0.004583251533655527,-0.0022078856009984387,-0.0002434331804266095,-0.0019325727510985289,-2.574831118807849e-06,0.00038768701047973617,0.0011570179803566092,0.0022214644413695583,0.0036439860132257483,0.004635906165169137,-0.0020077252014689996,-0.0019141582710682477,-0.003325440772019917,0.0019909844534335046,-0.005778721869710063,-0.0036489280539667196,-0.0008500209296387677,0.0020634263090502014,-0.0033932781915565614,0.00014950462445437778,0.0036353959662914497,0.008370232362066065,0.00219081639023963,0.0015794782790446188,0.0036244565397420716,0.006729914379693989,-0.0016551159639531135,0.002289380692204556,0.0010872854785876928,-0.0033975915930703872,0.0025461074505601393,0.0033679795795447938,0.00433757070519504,0.003270186325575082,-0.0006446008354270625,0.006091650396901601,-0.004143105825276726,-0.0042442658733283746,-0.002822585019571091,-0.004489575773863399,-0.0008383860497552464,-0.005192182111374713,-0.003085512778528146,0.003020333387423704,-0.00042944502555006204,-0.0014684452942575156,-0.0018502773831397606,0.0010868504160279715,0.0001560414908406452,-0.0018697224820838337,-0.0028579507630449945,-0.006803232474507139,0.0008957814463277213,0.001725411754210907,0.0014635393015564545,0.004077809380819341,-0.006828381860752371,0.0005774614556226865,-0.006395437940318753,0.0020338904139595325,0.0013703204338481921,-0.0024079374326810214,0.000850785451046704,-0.005689071117206068,-0.0030635882698832437,0.0035183303678276373,0.004310788572224286,0.0030953250359746767
symptom_double_vision,0.000583440724035634,-0.0025851509568826517,0.001997530815942508,0.0016048684718320176,1.1571438111778813e-05,0.0017173393034388231,-0.0024157181743462955,0.004611924903867841,0.0047419529725905895,0.00045395980161058535,0.005901726049891955,-0.0005841290150398223,0.0008943677403086669,0.004025065777865569,0.007949162785707287,0.0011963942099921852,0.002153040712425694,-0.0006451028799907876,0.005324469125513128,0.002289757773939439,0.0020633997338707216,0.003337105861063765,0.0006243494213977372,0.00022784657768473208,0.005024186133677964,-0.00032512823846640623,0.0019332518723283831,0.0006801049431878022,0.0010697392623852688,0.004396073015738834,0.0009100164073911583,0.4544547835779557,0.4514860620937633,0.4540107273566865,0.4504059991411919,0.45534230701456463,0.4555165559246432,0.4543108166518193,0.45793763331674886,0.45461057013600464,1.0,0.45467811317780327,0.4549381365772716,0.45650633267573504,0.45291543752940655,0.45133284038597843,0.4479044032063935,0.4560715954088291,0.4548110503761854,0.4541998613110553,0.4535759049350269,0.45509195704338934,0.4591953995872577,0.002912982472819144,-0.00011260436032778644,-0.001623813932820927,-0.0022953833534829467,0.00013778130101778965,-0.00300478712530125,-0.001991708128641336,-0.0011312027102793132,0.004616875450044091,-0.0001119100081604865,0.0014918974687023016,-0.002297859586636305,-0.00034753344503367367,0.0015220335062886654,0.004100486530587941,-0.003315360909274893,0.0008482290325961267,0.0018942118924176767,-0.0015828879581907098,-0.002810155128296637,-0.004747229708914887,-0.010138075296846544,-0.004574318179085187,-0.007058119762338642,-0.0009692895879851013,-0.003364920405736266,-0.006994610657948357,-0.007371870179561865,-0.0064840096145225914,-0.0024510533591077023,-0.004707668739965808,-0.005116945324748254,0.0005631080225803166,-0.004316681673329537,-0.0076269773476622775,-0.00401019007133835,-0.006302556046029053,-0.0053228810699695855,-0.0007395110097200705,-0.0033498256253385677,-0.002855267687700881,-0.002610179398471747,-0.00012113911690432706,-0.003243122085312229,-0.0003072414210521953,0.00028516263925664766,-0.0054711872928366895,-0.0048758635064253845,0.003813778890975031,0.0014355658026705663,-0.0005120171797565366,0.0003191970059526337,0.00580786716575004,-0.0034011728439140845,0.0007151738001541355,0.0038040669217859857,0.0016815074486184066,0.0020515909319776923,0.0048707371630912705,-0.0007773339231565594,0.0025475007918863615,0.009169904977423312,0.005069963051427463,0.0030108120701928098,-0.0033860108524438695,0.0010594622010157491,0.007031052290239621,-0.0030155041422133527,0.0003862450760730424,0.0009257189149466331,-0.0004039600225930303,0.0020851706954005773,0.000640460315888723,-0.0012387222661691493,-0.0017342876693822787,-0.003263770678940332,-0.0008004523253163053,0.004272955480527876,0.0013242033839371758,-0.0018110892856459133,-0.0015503311887615841,0.0025381184981438567,0.0009177630371746168,-0.0020469403774064465,0.006930219366901992,0.004448301881437107,0.00017105340640387792,-0.0005454612863490376,0.004502968912879998,0.0008809736879773315,-0.0024743755948539786,-0.0020455392850788224,-0.0032245346935825636,0.0013668997906705305,-0.0031586705173200125,-0.00304118610424866,0.003116116617158135,-0.00033987687513480585,-0.0006708563414518442,0.0008749233691758024,-9.810865856725515e-06,-0.004912209830556955,-0.0026358145428841025,-0.0005560058749298166,-0.004555546983601053,-0.004571667289985095,0.005263034668047655,0.0009034741304267368,0.004161924639824019,-0.007536876194025714,0.007489887132951043,-0.006321745644203897,-0.0028431990748920984,-0.0022517927386769593,0.0031056298960184183,0.0016747086420207157,-0.004403629029932485,-0.0041208924538869195,0.0007635523744837337,0.0020772647645140104,0.0014594731438600588
symptom_speech_difficulty,0.0017729148190059917,0.0031035226043033457,0.001907137706856148,0.002787287012278716,0.0018356936830542625,-0.0011474957512162386,0.0028369980059473558,0.0052250477686874245,0.001097304608339635,-0.0006285538020204326,0.006495699384577776,-0.0014512905767882914,-0.0014726230032935327,0.0039373955118374646,0.004223558419078512,0.002033670748585734,0.0038132933352690566,5.462532688477389e-05,0.006735662984697208,0.002078027267460638,0.002079858801650327,0.0028895086564389967,0.0008544439494677643,-0.0006574167099747762,0.0015127180037995095,0.0017141869800409034,-0.002097138991818149,0.0003862250682807405,-0.0013864193214925312,0.002834362487551245,0.00309804118853115,0.4583059524429775,0.4511641698150299,0.45568087657157785,0.45317169346675223,0.4556231201667516,0.4620080558351208,0.4529190402839414,0.4520155849716727,0.46232221850617666,0.45467811317780327,1.0,0.4576147275880698,0.4547165942587466,0.4549732787449053,0.45033555571282247,0.44767640252682156,0.45705165741541043,0.45516275568990594,0.45433252390832213,0.45755845551050794,0.4537007136868555,0.4573282634896555,-0.00017689447081455857,-0.00013767157632504389,0.0008692456743965432,-0.0008256795330218686,-0.0012713765010236079,-0.0013884229973351355,0.0008881047025765896,-0.004796406073671417,0.0001316570912683546,0.0017225835240275247,-0.0009353279338623629,0.0016336946092413488,0.00046024441064862237,0.002025475423240051,-0.0012622621002043556,-0.0003348854269938789,-0.000846809456556767,0.004862952958930739,0.004691918389206971,-0.0001008543408222115,-0.002323516861537024,-0.0030076724980651324,0.0019461957597763087,-0.004044093741217816,0.00010750239021074005,-0.002718486449519721,-0.0022953136768692163,-0.001730300287141173,-0.0041900934881727815,0.0009639428866556267,0.0021247551504137083,-0.004684204423975204,0.002465273690429243,-0.00011367361032478409,-0.005346795109907681,-0.002449188301432954,-0.0007145611558833629,-0.005124689181135507,0.001602974193975027,-0.0009932177942219916,0.003512137354416615,-0.0011881664194066045,-0.005600697145586412,0.00013586970229302093,0.0023164975030334533,-0.0005189859386306007,-0.003297082494000517,-0.0012532098304050025,-0.00045689450862233404,-0.0003248408158395305,0.0006962656222916706,0.0015929226772947369,0.0020429563657904377,0.004432518903947682,-0.0005116626484326226,0.0026433731640935505,-0.0013772463789111268,-0.00352160289521409,0.000247758109086878,-0.00625464266782904,0.001734133283563518,0.0008218396211573298,-0.0008821048829261234,0.0024593807048087536,0.00013182379416321388,-0.0021833822816405358,0.004314751356174005,-0.0006629273213953991,0.0014774263133442809,0.0008528401381531091,0.0012260312308069534,0.0016337467930936209,-0.0006030090267345249,0.0037603028013119977,0.007055879711944878,0.004400572836849533,0.0037734099515993936,0.004070316309927148,0.0044602387070525,-0.0019274208600522313,0.003694885449257526,0.00447676817576848,-0.0008843057033768202,0.0007417964523986146,0.0033327833666938473,0.0029837684103721875,0.0040353194620910944,3.6519932634124675e-06,0.003190700547587794,0.002156052530498429,0.0008081279698260692,-0.0035345938433037367,-0.002079203582497557,-0.0008594514883173518,-0.0013619233071904913,-0.0031004694871356576,0.0007358442113318393,-0.004997463131364438,-0.0043046770595717,0.0007337269603596064,0.0010481327832379496,0.002416414895989199,-0.0035806302309644624,-0.005117791710246684,-0.006111850236525159,0.003639773093545099,0.0011160186554708112,-0.0012274218193102098,0.006688541330218903,0.00019299856208921198,0.005300750825859266,-0.003981987527121201,-0.0011163681014096367,-0.002345700346475121,-0.0037919179139349075,0.0022728504210671402,-0.0033735681683030403,-0.0008599097476466513,-0.0007910887153779418,0.00309343337851377,-0.0020830769504506155
symptom_confusion_symptom,-0.003675789617693315,0.0013457291155175174,0.0046470401421240684,0.006032329953354882,0.0028722525505949855,0.0005986664433393209,-0.00019701146145939248,-0.000356452910025637,-0.0005949612386042173,0.00032497813070591654,0.0010248322679444614,-0.0007140283885403694,0.0009830759593989933,0.0029682547419135103,0.004693924601006775,0.0006388926077999564,-0.0012346584658181755,0.0006208068936549358,0.0071210633800375045,0.003183003751889366,0.003106260059057892,0.0034086352249120414,0.0017428444633775092,-0.003981299613780787,0.0052416224071491786,0.002969179224093403,-0.0028783997253230462,-0.0011976786020468446,-0.0011917315271636312,0.0020577108390708297,-0.0018033977589996392,0.4594033371216099,0.45526468518061963,0.45256778105157663,0.45796251039189745,0.4548259777606941,0.45930016885143476,0.4560187446167051,0.4538201356067527,0.457931619509439,0.4549381365772716,0.4576147275880698,1.0,0.4520811599209852,0.4484724632647082,0.4532691589868475,0.44699186227066684,0.4539360407166255,0.45567698774529297,0.45360467049284375,0.4532822116085674,0.4493340112929555,0.4586032805266022,-0.002053167771508101,-0.0005907027825141388,0.0007538340807908672,-0.0047725157791931525,-0.003638038410585854,-0.0018047921106270164,-0.0038886684676543307,-0.002580868746413649,0.003617675887286676,-0.0011174257676353173,0.0006385055385181587,-0.003953363194365365,-0.007534074463094774,-0.0072676694664463425,-0.0007130660567221743,-0.0025529231686688817,-0.003602408525735451,0.0003171638838743003,-0.0019353553477026609,-0.004090189129186966,-0.00274422799843931,-0.006569671715255511,-0.0065814470785698475,-0.008703441603343728,-0.00496973076868198,-0.005431262748642019,-0.005492677560877294,-0.0027281140948315903,-0.0021962121514552315,-0.004656403646173032,-0.002704641448999223,-0.0028287903988826802,-0.0028436147408465082,-0.003812098791268436,-0.003131286343680531,-0.005499386487951442,-0.006447547197986056,-0.005295604960175658,-0.001556976163667597,-0.003633561268245094,-0.0038179027134297443,-0.00020017673311063978,0.001215002904500627,0.001226654937877115,-0.00257144631455812,0.0015448620397291127,-0.006283011685975093,-0.00584003991573599,-3.581727549670784e-05,0.0015602640421098774,-0.00039448497277319187,-0.00033951881202140186,0.0024341371649477753,-0.0006800851172219585,0.004240965184346274,0.0005484998836288481,-0.00245325291633611,-0.0010416522416246549,0.0010929427046248424,-0.00395434258682662,-1.3065826045402625e-05,0.0007179182332834018,0.003985023857843284,-0.0036605761583573615,-0.0025825428854827654,0.0006060150656922118,0.0008667729762230094,-0.003568041860425405,-0.0016160742871868616,-0.0027262577529184357,-0.0015892459935281861,0.0018073918186817608,0.000694158298989264,0.002656203253979882,0.0032689514134363576,0.0014380749012090765,0.005563890666958418,0.007051934239570548,0.004015349657680966,-0.001841884509699424,-0.0011020087047000082,0.002673477285653533,0.003505621000204694,-0.0008103206406581875,0.004909679143622874,0.0005434953076085973,0.004205661883760864,0.001556079216200751,-1.79282691761337e-05,0.0037524969158385002,-0.006679121143867546,-0.0006329058358166258,-0.004415708105877583,0.0024726869797247284,-0.0011700690437766194,-0.005793763248831732,0.003917766445063135,-0.0010528985665724075,-0.0020282267675416016,-0.0003843951091407692,4.7546509762486504e-05,0.0003356562445127363,0.005006299741723598,-0.003896829067836293,-0.008120338818627516,-0.0017396196556995307,0.0070370605905229556,0.0009564189262634321,-0.0002068611724918593,-0.002786801088336522,0.003457049113229543,-0.006284307856146685,0.0003315474073265639,0.000559858849021411,-0.005649307630077488,0.002452983360095951,0.00036898779587451867,0.001480176661491563,0.0029567461254577385,0.005086221542005241,0.003222743442611989
symptom_memory_loss_symptom,0.005556919720819155,0.005190433776191364,0.0025696835553870017,0.007204578551080493,0.003984755331759527,0.006026155047598245,0.0035005637276156708,0.007233102157028031,0.008303091551399067,0.0032986131594687856,0.0065114508767040976,0.001270464170970689,0.0015237482415023128,0.009931707223993773,0.007366414898279841,0.004259184609596714,0.0022723653506484544,-0.0032824455284672185,0.0007917277763644377,-0.0030539169727583537,0.002037748863710024,0.004037522090209582,-0.0011320270945548003,0.0005706285643319743,0.0028959347107625493,0.0003991602958806959,0.0010780063604786205,4.2267341681928106e-05,-0.000155481811462611,-0.0017022814963136444,0.0015575696626210023,0.45568361050501577,0.4566594471843488,0.4542132021433897,0.4521662383381797,0.4527789590864042,0.4568615522520767,0.455438959459109,0.45452392121289575,0.4554179076337602,0.45650633267573504,0.4547165942587466,0.4520811599209852,1.0,0.45136146974152375,0.4515574595434406,0.45364826689510807,0.451675483854989,0.45751357455228825,0.4537071689189141,0.46053709413931576,0.4572963292214742,0.45937990499257697,0.0020209529878378093,-0.0005792274802886916,0.002556629971885698,-0.00346010016542083,-0.000908519327234554,-0.0030697135975183442,0.0019959965723590762,0.0002732340582727831,0.0013794381475680138,-0.0020138066664362212,-0.000932842969424161,0.0011923698885125196,-0.0032752523271566843,0.0023188881336366155,0.0038597521224387906,-0.0011402656765546364,0.0003985784388320343,0.0021565790110082772,0.0022985254249494567,-0.0024904576528083787,-0.004995527809400243,-0.0006313485514707642,-0.0005183958106820496,-0.006147091108193959,-0.00413577360177049,-0.0009795237992971783,-0.004753550093663817,-0.005186594814661924,-0.0032317211123522225,0.0008493268771668527,-0.003180219890389083,-0.0032306478263708885,-0.0036861511000193755,-0.0004406735787691959,-0.0048904658041931375,0.00027769326291717764,-0.0003246500179751809,-0.004446381934124177,-0.0032364146878943604,-0.0018461260449389714,-0.0058919791653247655,0.0008673070441325871,-0.004688328701417092,0.00011728012556009137,0.002069966920532524,0.0023037298786187793,-0.00827139914164611,-0.002489756222490512,0.004236381027172251,0.0011867021050098862,-0.0007351151799106769,0.00016318424342551635,-0.0013052990387070087,0.0029158350134393675,-0.004033485441536175,-0.0010333667726570303,-0.004623579202600795,-0.001743495386893175,0.001932101805828559,-0.0031805204306344266,-0.0020267856243879616,0.001898726041277627,0.004774118513541801,-0.0014149655515571504,-0.001047514960025025,-0.002552652969865825,0.002860823166368185,-4.0619221557905925e-05,-0.0002453088969265866,-0.001598100606162409,0.0013075166320415663,-0.0022505366547651393,-0.00367242058869901,0.0014012104613193206,0.0036647462422764563,0.002838552219641746,0.005716480413911702,0.006105540730651421,0.006005047153892989,-0.0027659474981854737,0.002693250981329552,-0.0028151122897032746,0.0007736060781902248,-0.0004827061920029091,0.0005303330822339409,0.00030689339087539393,0.009563505444398412,0.002686380212246107,0.0059935476318565065,-0.0021032421586540456,0.0016192528066851573,0.0018589232101194556,-0.004526748050062244,0.0033878549569427967,-0.003979460744328159,-0.0017366353674219933,-0.0008034105466076796,-0.0004973775838298256,-0.0008399622669722725,0.0013433755953762027,-0.001416286544722224,-0.0039575099054962965,-0.002770626105104298,-0.002900647073517779,-0.0032708241495826218,0.003595888635661147,0.007874289760076123,5.6898750088855424e-05,-0.0003814978026022404,-0.006886205956012563,0.0005005551833490324,-0.004014684357257514,0.00505821902419823,-0.0005313529498050509,-0.0018065415672320307,0.0022317564381786436,-0.002245245638597833,-0.0031064121652898302,-0.00011887748100240295,0.005392425296646821,0.0038890143700317406
symptom_tremor_symptom,0.0017668658013547584,0.0036623866013325217,0.0014735805690127895,0.003994135010289639,0.0016197945073080104,-0.00015642616405433385,-0.0006591870367007542,0.004726716295964803,0.0030777596990429435,-0.003980710272776028,0.0012604268650625438,-0.0008225498117079049,-0.003676117158472965,0.003572253890977321,0.0018048335173131555,0.0005307782085447293,0.001732693717101656,0.0009646014733264498,0.0010873013840368383,0.0014193149491842432,-0.001959614411776219,-0.0029973787897859244,-2.1025980332735108e-05,-0.003413983088746592,0.0017486851785758308,-0.0032943035784119097,-0.0018608723776277513,-0.00018981126535737988,-2.5129293201767454e-05,-0.0012053819701576566,-0.0019102105821974164,0.4575322637066486,0.4506331120561004,0.4529266147057225,0.45216893997774776,0.4514983261474636,0.4557361753343975,0.4559155108456222,0.4487322174344877,0.4550599032801578,0.45291543752940655,0.4549732787449053,0.4484724632647082,0.45136146974152375,1.0,0.45001930076491736,0.44713049458905285,0.4522217050662446,0.451353491219551,0.451965425936586,0.4519540133547643,0.4519317771059218,0.4571115545380962,0.0010123334302155188,-0.0025200474873328348,-0.00190742898372786,-0.00676549462470872,0.0005819002856537129,-0.004022114687245969,0.0003773617625255788,-0.0034729544734283264,0.0029351118650256737,-0.0006161927557401741,0.0026006164311571517,-0.0004612460746185841,-0.007318554467910033,6.22148395963042e-05,0.0016133091095818636,-0.004478903632326137,-0.001931116947614428,-0.001905192519969759,0.00553302481871863,0.0017329816532321047,-0.0027724792077632133,-0.0011771444061351283,-0.0005858279345228861,-0.003790739367723239,0.0020099693066271615,-0.001388481875460052,-0.001886837878776449,0.0009561282395109004,-0.0004377835867943208,-0.0017601610473919782,-0.0023060327274716484,-0.00014842996962887028,0.0017474127435908031,0.00036693942760113407,-0.002663733952316805,-0.005242688635058844,-0.00010151441754589726,-0.006725137226399733,-0.005293582083265047,-0.004523900572498367,-0.006551929459570559,-0.005625656148235979,-0.009208480805367302,-0.004797115590167892,-0.002935184184063745,0.0004150181739737116,-0.00794304081920753,-0.00727131161881585,0.00647405838787654,0.0035872221688602003,0.005402933118843861,0.007244236393926399,0.0011705338085255788,0.00030478046656819764,0.0037609751978270514,0.006646326198179589,0.0007128020950457131,0.001343059657377739,0.003987598510147808,0.003458090871719398,0.004695743426057244,0.005860303789013381,0.0013827269751204832,-0.005981615603590624,-0.0022909756613528724,-0.002080083945550184,0.0009792931769746693,-0.00363407229754727,-0.002043279553034138,0.0017587430939452493,-0.0015659848338712818,0.00038025841269570244,-0.004618355588459741,0.0004536558715630245,0.004813527158714838,0.00044007318639026734,0.001362941683549241,0.0008381502029480021,0.0037262040687645183,0.0009986539178414794,0.005028888254336081,-0.0022421192745042946,0.002588748726251949,-0.0032581142504116895,0.0027501903132843117,0.009030819349116346,0.0009427757556203473,0.0028393500231349974,-0.00011387894881766788,0.002965268143293615,0.002588748726251901,-0.004797382396588531,-0.003239614251712559,0.0013473893774345969,-0.006413275135632286,-0.004440064562911933,0.0038397354221547855,-0.004911788646428447,-0.003508190528506862,0.0041218802874910115,-0.0012541020912970869,-0.0020645215351814163,-0.0035022149252394207,-0.007307532939016996,-0.0031396095808795157,0.0016615812868903217,0.0018120866507220497,-0.006442116484759354,-0.0029123416614598484,-0.005206103218488292,0.006095062950506948,-0.007157692747981408,0.005854254352730423,0.000499795298966693,-0.0023395069987519656,0.005287719615836089,-0.002669222402014159,-0.0019106363695029353,-0.002120034224953816,-0.0020803305536166244,-0.0002842313479360513
symptom_gait_instability_symptom,0.0009620496595244023,0.003422673708544568,0.005370566229761374,0.0019870992811310585,0.0018155891872368736,0.004165539091382015,0.0023776651200643046,0.0017182523524061058,0.0041931827031742395,0.0036111363873087853,0.004164049002958456,-0.0006345032950201547,0.0010659988256185927,0.004475038758341792,0.003636835143623187,0.006350812852400277,-0.0007659598857462985,-0.0004905659959429342,-0.0010939356639120476,4.683325767412376e-05,4.227819737913158e-05,-0.0026418282090296488,-0.0007091455032810762,-0.002612662661133062,0.004057196967919726,0.003139694060710515,-0.0028609345791444085,0.0006967422779943224,-0.0018499239410349612,0.0013993050167059047,-0.0008090130419269917,0.45161472489670745,0.44775188904611424,0.45104111645294687,0.4521960530444317,0.4528436804249917,0.45270413763541406,0.4556457003416013,0.45206948068050173,0.4547199256451748,0.45133284038597843,0.45033555571282247,0.4532691589868475,0.4515574595434406,0.45001930076491736,1.0,0.4510008089435452,0.4541010087705849,0.4557698554910262,0.45407846712913796,0.45136693793716864,0.4523449759727793,0.4593868990632005,0.003060697203394686,0.0015796887185036029,0.0010903697603085328,-0.002157881773781575,-0.003154026500955783,0.0019147157320079575,0.0007214388086114233,0.0004784043619686767,0.006015570658031366,-0.0024022160153487214,0.0022989415342184075,-0.0017834699674426678,-0.004773106343548034,0.0018143714653460043,0.0012400475224992689,-0.0008957306190478439,-0.0012833085693644752,0.006153109937317915,0.005932350011722996,-0.00015794098703687597,-0.003453807429562026,-0.003925715860734989,-0.00034988947663686136,-0.0036971281405131667,-0.0013203934531918655,-0.0008564276656527235,-0.00013739075469526747,-0.0012241663720336073,-0.001049344232379167,-0.0015829213952109956,0.0003695349769925448,-0.0003968438737370658,0.0009405984112102325,-0.0015948084530242642,0.0005118721043718289,-0.0019290691593067317,-0.0005776030810146046,-0.007684000623643469,-0.005565002161866713,-0.008111725043727645,-0.005124600485972627,-0.00789348159213159,-0.008025759174747621,-0.008030208212781192,-0.007404840833990412,-0.0037675835075469915,-0.012878682747304318,-0.003546647488624136,0.0029626763777211274,0.0009200051739860439,0.0002659613267451284,-0.0005475425612833541,0.0025714626011187434,0.0006742412998685624,0.0038542258741120898,0.005549154798915837,0.004640660212236506,0.005185610943038305,0.004272788789630133,0.0015694247064898302,0.0010818909219288972,0.003201395321793831,0.002207153906058299,-0.000840000572224528,-0.0062623262983969715,-0.0016195066251235744,-0.0005593715029852364,-0.0023690948459705458,-0.0024089807655563447,0.0004785328093075999,-0.003829071412394657,-0.0023295566322666045,-0.0038275244742833384,0.004534772488652567,0.002348314350669809,0.0017913977836943522,0.0037641090459112664,0.005081497596646474,0.0043729439537560835,-0.0033310087033544336,0.0013367546082814516,0.002550658126345077,0.0026856412771898894,0.0004085351296037467,-0.002671859740907261,0.0032210927387286586,0.0034383648260478505,-0.001145526618010489,-0.001124399175342627,0.0023758723877198577,-0.004107899669668757,-0.0012812727276400057,-0.0043991006441186755,-0.0028687755801007006,-0.0037193478864477503,-0.005780249208926459,0.003950687775107527,-0.0025408439421674396,-0.004106891944967176,0.0042486804468148814,0.0012989436058012068,0.00037606427685668396,-0.0017255979289776105,-0.0038783562252837304,-0.008092668619079644,0.0045643899581254525,0.00024335861331247705,-0.0030054470546143144,0.0033504508689194204,-0.0019730550732934052,0.007585142060121788,-0.006259321954724554,-0.0002557352337865928,0.0033626818857788723,-0.0035842753838264954,0.0017564526408887745,-0.004901254776197483,-0.006305128189918428,0.0008456825529494479,-0.0025413481513969385,-0.0019166081468378747
symptom_ataxia_symptom,-0.0007489578561913583,-0.002566315126046458,0.0023019907808304483,0.0034024963340443175,0.0008846127771141906,0.002092721515210953,0.003942582798648027,0.005130168270028744,0.0012685924353032295,0.0018967310866312508,0.006064617949070591,0.0009297203649557421,0.0007725347147002032,0.006895687479899117,0.0037008948877910817,0.0011447321231440343,-0.0026429715876780295,-0.0036446876216196205,0.005332727460383616,-0.00033000835188044564,0.004173503587396014,0.004468218235804908,0.0027284208395999964,0.0015845519058711938,0.005106562048656644,0.003584061186624016,0.0014154641779821554,0.0041312124128705515,0.0035531807212256274,0.001773955349099715,0.006621730133596791,0.4532736637375985,0.44877803486542966,0.4479974389217395,0.4497662035702099,0.4548594514751048,0.4531901924948387,0.4542104281272854,0.450634289937311,0.4545108744869198,0.4479044032063935,0.44767640252682156,0.44699186227066684,0.45364826689510807,0.44713049458905285,0.4510008089435452,1.0,0.4503618002832196,0.4527972080918061,0.45195182758305114,0.4507836023130837,0.45291462203571,0.455335015034009,6.19678233502092e-05,-0.0003191274970739439,0.002135261331457506,-0.006546917686705824,-0.0009474144832986904,-0.0006419535457496739,-0.0025701376864856774,-0.0007519920920617864,0.00653933654144687,0.0007085284034389275,-0.003709476800749385,-0.000967404191493152,-0.0021006877412397453,-0.002798358557324019,-0.0016094628840693187,-0.0025710889027146335,0.00240145707204603,0.0008824082731612836,0.0007920883677613659,-0.004504107061673329,-0.005655723583433361,-0.0033461882234705124,-0.006274245152722284,-0.0037536680901980313,-0.0009508734024885965,-0.005415938743967279,-0.005265824594096451,-0.00771079358569236,-0.004966747886011177,0.0002774837193497541,-0.0015521409984052858,-0.003743539269706884,-0.0021936294951839285,-0.0013027153100766491,-0.003334272761093711,-0.0026379280218283077,-0.006427959478076653,-0.0068554319500717074,0.00010758065811877772,0.002268535696865382,-0.0002509212325292154,0.0008467469928012736,-0.0010416432875528492,-0.00010761871472386719,0.002221952497138429,0.004128212249373489,-0.0017954564457462229,-0.0011240052548681307,7.614170310958237e-05,-0.0012737440493168627,-0.0016679068426072683,0.0012523347681546798,0.001507545394666892,-0.0012587349230217702,-0.00236481049016129,0.004216552232787353,-0.0032030013384701864,0.0009007491843532527,0.002248243974271167,-0.001926835769183924,-0.002497582173177039,0.002304804531694496,0.004591172543210968,0.00019104013182970288,-0.003775792207127747,-0.00310934327161886,0.0044680715615916435,-0.004128564321587404,-0.0001858477676803629,0.0012596691330809364,0.002008543780847778,0.0019662799017037525,-0.0008028172640853537,0.0036393688689093785,0.0014512765226572842,0.0007415184998081048,0.002706357136382364,0.001862044653324503,0.001637828760905926,-0.00045752873319079704,-0.0001948988567753732,0.000616247095085826,0.0009235466935104335,0.002674926159556576,-0.0006702182835062301,0.004456114512962228,0.0017723682368841072,0.004244183736847457,0.005657415013139882,0.003707459998453439,-0.004165238476240099,0.0006860220631778926,-0.004437138160869864,0.00030000768228798525,-0.0025062279896636568,-0.003038059989122302,0.0023704476136747247,-0.0010915701054337924,-0.0013667012114501112,0.001538402777735317,-1.8501722061381905e-06,-0.0008693441554884708,-0.0026304075011866885,0.001694140148019989,-0.003828049909368967,-0.00038937057672732485,0.00811783539375429,-0.0010852846879188022,0.0024044817549079625,-0.00517724737436223,0.004773096982746068,-0.004687326938343076,0.0009072208091907004,0.001451844118094319,-0.005012348837893263,0.0038677398058602954,-0.00027126884346665505,-0.007458662947458552,-0.00065790106370595,0.007388838164393613,-0.0002552827949943731
symptom_paresthesia,-0.0006637900991646599,-0.00019883126049192787,0.0016038065608898935,0.002917392726086737,-0.00016855982727273896,-0.0015871212284143737,0.0008227994168805866,0.0012297155959211216,-0.001995146421822913,-0.0022870957694454326,0.0019602453239728444,-0.0023291546577235843,-0.00241007569438256,0.0050561175000703,0.005491914324156475,-0.00069226220447005,-0.00012158437397206434,0.001961707604390021,0.0002877941525158457,0.0012155570810534024,0.0039922962060793986,-0.00020596773703845654,-0.002169389760066926,-0.003018747811885378,0.006052561384627072,-0.0009486801257750123,-0.002590196204927567,-0.00016724457773173134,0.001046179950243179,-0.00013403158651071036,-0.0006893446832392197,0.4586163848902798,0.45202009944816374,0.45339374138248195,0.4532505872695134,0.45533891570656243,0.4565881236344273,0.45530739455030744,0.44958168418726546,0.4596705558947347,0.4560715954088291,0.45705165741541043,0.4539360407166255,0.451675483854989,0.4522217050662446,0.4541010087705849,0.4503618002832196,1.0,0.45396501959349017,0.451818865511397,0.45426560638537483,0.4550895372591394,0.4628751781737776,0.006259946880027605,0.005121437328710584,0.0004045325433453505,-4.588948292129341e-05,-0.0008433577315189281,-0.00046196589848499756,0.002546906204608036,0.002812440949821575,0.004734285382735749,0.001182718396253406,0.0014627021145125737,-0.002254045713640339,0.0016087032709270204,0.0031813571565174874,0.0024570597221115448,0.0011924241550907296,0.0010390537810058694,0.005303312976444781,0.00209288902874868,0.0006488250737904657,-0.0021459474584361606,-0.0016193684071352118,-0.001747898802696516,-0.0025934730186696576,-0.0027202137844214375,0.0010933268010675833,-0.0002624202524703741,0.00293959125985662,-0.003450791982886484,0.0006490069686927096,-0.003104838698736108,-0.0013034015014829303,0.0029451683148661793,0.0024205524494408073,-0.0026067314563605884,-0.0034773760528701526,0.0010258438416657517,-0.006260499767775114,-0.0008338709796451792,-0.005136027747105175,-0.0031795295093254507,-0.0019367940939644416,-0.0033660743286597346,-0.0018866450679894103,-0.003004726144802041,-0.000884613077976696,-0.004188298361256463,-0.0020631799340118553,0.005376640108929531,-0.001937232143589708,-0.0010255327193850296,6.73585612265929e-05,0.0030234510613628865,-1.790969904246605e-05,-0.0009344250008843139,0.0035518340433903202,0.001689900528498506,-0.0013271856317312177,0.0040981290506241115,-0.0006820423930274724,0.0018624648232931824,0.007097889734299732,0.006437887673192618,0.0006850715577824596,0.0020432016379455646,0.002694906592349446,0.0024311187803386287,-0.00046994319326530676,0.002574835849004961,-0.0006926588400745496,0.0007877868653467958,0.001197735026139692,-0.0008853797598751204,-0.0003661722960550994,0.004638352845398888,0.0009009210731745021,0.00342099044536416,0.0076301247648852015,0.002991395218636189,0.0013000593183698597,0.0014058476657162432,0.002768357583457337,0.0009108244256531098,0.00560171255490859,6.101917140004112e-06,0.002460267238570648,0.004948355450349821,0.00012921404777198526,-0.0012338785758784967,-0.0012414833883554984,0.0034545822769778264,-0.002734760241760383,0.0004188323572645002,0.001361323401459594,-0.002522036427431688,-0.004431162944947592,0.002355770386420468,-0.0003474570470840906,-0.002786355014717661,-0.0037250832052654185,0.001191926255517717,-0.0003112434775498919,0.0007336580631639314,0.0016842883063146084,-0.0038417902435269814,0.0037703418281085713,0.006959157970889798,-0.0037617624776281186,0.0059177426121389135,-0.005974044838304419,0.0027133135486361562,-0.0071423882623236285,0.002761030997424203,0.003288907178848191,-0.005703709120039139,-0.0005191356476283903,-0.0026455755413015013,-0.0041255170376304625,0.001469318195664517,-0.00028920751381290226,0.0014525571584892898
symptom_facial_droop,0.0014488965819841357,0.0007227680432136157,-0.0026010031556998993,-0.0007286582756354672,0.0022179043365494304,-0.00012900758958977687,-0.001602337590522574,-0.000776254751333961,-0.00028641359444778083,0.001248358175434337,0.0018442737146351698,-0.005529343176383297,-0.0029304313630071255,0.003331018646442232,0.0008473590498341296,-0.0003465355871868829,0.002727027549001636,0.00429237386012836,0.0031060780809093963,0.0014428534157982997,0.002868093106142835,0.005084342074800828,0.0010368004941314094,0.00169686892354983,0.0036523916480982843,0.006687446489051173,0.002055798726630523,0.003999875669624516,0.0017211248284064475,0.0015262594703818455,0.0013397407016433568,0.457445765467079,0.458862920117267,0.4559631032453166,0.45476697013071177,0.45720002460020354,0.46021577480851333,0.4573444780617607,0.4554272573135029,0.4591525107425114,0.4548110503761854,0.45516275568990594,0.45567698774529297,0.45751357455228825,0.451353491219551,0.4557698554910262,0.4527972080918061,0.45396501959349017,1.0,0.45468996658047384,0.45240199641688394,0.45169132930062994,0.46188996544619954,0.0009750294161492292,0.0009258515097479755,0.0015106123056536555,-0.00018124552351620444,0.0016202522939903266,-0.005503543009338837,0.0021989894045648453,0.0005485767138011198,0.0034819803729935236,-0.0027637852431581563,-0.001172070827199394,-0.004378043174337404,0.001031181492350873,0.0029558047609539472,0.0028125204777951643,-0.0012369005493790641,-0.005253341738709542,0.0014014491222749293,0.00465848679306872,0.0021448742952859057,-0.0017127434656226952,-0.003746215350616202,-2.443952648937058e-06,-0.003423767918488424,0.00015324982630543217,-0.0012510972196127473,-0.0009056655948583792,9.250374896272805e-05,-0.004141686105891655,0.0019258636705909834,0.0003136648164597052,-0.0021515184861653843,-0.00034132811955243057,0.0020583812593484257,-0.0045228915106455235,0.00028706624760196914,-0.00023783652736590865,-0.005633015959389656,-0.004270713757509282,0.0012593335578781246,-0.004027396036089103,5.996923759225612e-05,-0.0036538003808803707,-0.002137926434834239,-0.004232101573302538,0.0021846476285872817,-0.0064051076335378725,-0.0031437109599554403,0.006551200787664074,0.0012665456357442923,-0.0001277142744775164,-1.4993149084877614e-05,0.0028717148037791366,0.0030791924062264185,0.002149475535649388,0.0035385179842661965,-0.0005583146266816916,-0.0001885290065072577,0.0027893233878722745,1.4930604908694308e-05,-0.0007375106777026606,-0.0020804868307583418,0.00704508223130823,-0.0003114151650169978,0.000688778494868202,-0.0006420460572322878,0.0035204737407540866,0.00016766984312551681,0.0013181069912529594,0.0016969277961573254,-0.00037622900763626353,0.002642684612817041,0.0022979757157909272,0.0028395672994328477,0.009624683313791281,0.0031618359540456884,0.005076398533047688,0.0021120624092433363,0.008706346309703603,0.0012237255119331653,0.0031742877428878606,0.0026762959380460106,-0.002637963989498403,0.0024093224549591734,0.0025601445814315707,0.009470822128266092,0.003961546461163901,-0.000757322812920349,0.0013787327234832977,0.0006708259653038448,-0.0026379639894984147,0.003856038778670903,-0.0021215076218238154,0.00015836173964935523,0.00305628965936069,-0.0031359375551978956,0.002161691204027006,-0.0012866171962512083,-0.005077248479156938,-0.0013118378816349234,-0.0038728926899595233,0.0005950490387848812,-0.00027599791927039764,-0.004040955730222309,-0.004023582369104339,0.0028629237604778372,0.007256775271021928,-0.0006451429730278247,0.0013464874292472414,-0.006915076441281842,0.0011409459513497546,-0.004855812142553676,0.0062568266984775744,-0.0005590570716448237,-0.00521740402283901,0.005099496557680046,-0.00404941323192213,0.00020203223131228727,-0.0001551206428043791,0.0029964802446755673,0.0012848671891790586
symptom_photophobia,-0.0017707152625357962,-0.001444015612875905,0.0040463539938349734,-0.0010362816217178354,-0.0032657105748157434,-0.0031234497936793028,-0.0023457793898354826,0.00047514682033725014,0.0014588235565438825,-0.0033206378666724573,0.00034593814169422423,0.001183352525045515,-0.002527258616549698,0.0025928104309435158,0.0021733124577247797,0.0011880486629814264,0.0016703399062218288,-0.002094252888769367,-0.0034627952608829453,-0.005310434723908628,-0.0007410359407640969,0.0015751482244142343,-0.0032259337491021525,-0.001227585678714656,0.003115535930481108,-0.003126055125942995,-0.0020697863944178258,-0.0036185185545602894,-0.0007598228380968948,-0.0016367274015055007,0.0019283588588595937,0.4587479064452664,0.4567363011668157,0.45137147022443835,0.44908110052155853,0.4567561839759977,0.45494370534059025,0.4581179135576152,0.4540650333872938,0.45817334966768225,0.4541998613110553,0.45433252390832213,0.45360467049284375,0.4537071689189141,0.451965425936586,0.45407846712913796,0.45195182758305114,0.451818865511397,0.45468996658047384,1.0,0.45278163430378215,0.45636874815952205,0.45792583485876687,0.0023624976346695047,0.003490633471743753,0.0011366596372120617,-0.004447655729742748,-0.0031208880028349793,-0.0011953880099294459,-0.0005376742194795381,-0.0009338641021119788,0.00421222205678612,0.0003017197214611973,-0.00037504757533414056,-0.0038709051242520314,-0.004777799576822264,-0.0010045878774531546,-0.001653801979826652,-0.003353241561518018,-0.002923272163190592,0.0038929316985625217,-0.0005771990575465129,-0.002233492261087501,-0.0053092045203077505,-0.0038581865662839507,-0.0024809048350837664,-0.004399769995247737,-0.003028235894836936,-0.006775913064571207,-0.003144431434672717,-0.0011572493423402707,-0.005471101201511849,-0.0022338728244086013,-0.0029931004899691857,-0.002190037772603818,0.0004835115774337685,-0.005234766465328429,-0.008329797942759475,-0.0051460810657509405,-0.0034255820577370226,-0.002284824586199829,-0.0014569454745297767,-0.0010640393651394895,-0.000294649232004242,-0.001103816493988858,-0.0019898997673479476,-0.00015680779730274498,-0.0036328901195895845,0.001252280865823677,-0.00412794358473604,-0.005138319375881353,0.006966989290785282,0.0005416986440568966,0.0012164383683177815,0.0028936731388315234,0.0012562535976964719,-0.0009199642949295746,0.004716292319942491,0.009999925104286527,-0.0008575687953420852,-0.00230920691022894,0.001547401037184719,0.0013646149962622367,0.0003532229551836272,0.006099578163259192,0.003955908802877211,0.0013592420470585824,-0.0009725396940872507,0.0010283345236381852,0.0023935137528685027,-0.004384659050865311,0.0024464974141557004,-0.004800351138761526,-0.0023183288686605477,0.0011588344725430271,-0.0003081057361955105,0.002856899157822348,0.003213158687669525,-0.005077506719489235,0.0008030522851776773,0.004205546684427596,0.005952975275612646,0.0024388243106591803,0.0003907991828571264,-0.002638057276336605,0.00506415882217596,-0.0009897037132011867,0.002671706885102866,-0.0009368658937894554,0.004061254073000277,-0.0033781810559485306,-0.0030631548018756243,-0.0034445795846605467,0.0008311690438426127,-0.004867825755382274,0.001577655793006543,-0.0029811057277697693,-4.437831054433132e-05,0.0010641918203509043,0.005268147499294677,0.00032215891334655584,-0.0014737909126674518,0.003382782079521683,-0.0013384054919726059,-0.003303022212394827,0.001496588218245128,-0.0028611165916103635,0.0011123621093062737,0.00019544647604640003,0.006831535609206558,0.0014576213098906287,0.005833270154088298,-0.003699216670031345,0.003971498175544184,-0.004773306688859354,0.0038956573911617543,0.003212037303275589,-0.0037651996665278974,0.0008454277913138454,-0.0033423997693506195,0.0013806837731605,0.00707689245068326,0.006068384455246856,0.0005144580488786853
symptom_phonophobia,0.0008074609449095119,0.006193476426337187,0.0049994896052812585,0.004818581585932368,0.0032953592003033467,0.005639528091058083,0.0035063179399728024,0.006404868734657043,0.0054655545487260725,0.0012475278462395717,0.006132772492792539,0.0007783175974277463,0.005384548200026499,0.007600824226447542,0.006113790749984606,0.005765916779240206,0.0032147273984680005,-0.001089369035335058,0.0014480335977579176,-0.001905203092416626,-3.1385021184445086e-05,0.003875569357955004,-0.0006367640578450357,-0.0015618176944004283,0.002853566912911234,0.001110414477081324,0.0011936425257751335,-0.00043060615332000886,-0.0007222310096756349,0.001700760554018119,0.002121082487749771,0.45726558044209603,0.4545949342175081,0.45143723112154044,0.4513636271883195,0.45423309704873144,0.4564785591250084,0.4548099482391482,0.45568140080278374,0.45941094658101206,0.4535759049350269,0.45755845551050794,0.4532822116085674,0.46053709413931576,0.4519540133547643,0.45136693793716864,0.4507836023130837,0.45426560638537483,0.45240199641688394,0.45278163430378215,1.0,0.4494342538680496,0.45877753532085763,8.767670735629702e-05,0.002052134613489564,0.003557977481218551,-0.00034868716764535444,-0.0021637629844327294,-0.003264285455341922,-0.0007805475048262541,0.0014793231933997938,0.0048770956468312055,0.0015421476293985409,0.003734318528711892,-0.0004997941454591142,-0.0011949625565346256,0.0014869267879296152,0.003260840084472719,-0.00027310445481326754,0.003530236965527005,0.002010413129770611,0.003993575778905414,-0.0019493545337226255,0.0006789004759018487,-0.0015765073689196908,6.74149516046922e-06,-0.004914130013708851,-0.0014666587663636859,0.0003514361962654623,-0.0016435585555309028,0.0026270249620273956,0.0004456377896570098,0.004688925787845497,0.002429686564075383,0.001022707548395961,0.0024960039567327613,0.00046814213996850554,0.0007157317685582109,-0.0022224986906864913,-0.0006516542750012561,-0.007877071748672793,-0.002682230016832613,-0.004990454288259568,-0.006088007286215215,-0.005242929957470491,-0.003294598382850722,-0.003717135147283173,-0.006910948709203018,-0.004807299588075615,-0.011386056018467696,-0.0052002903166689565,0.004789229371669032,-0.00019297496483145879,0.004038014689346833,0.001813733982529578,0.0021554390607081047,0.00025441656372296554,-0.0004953953763956467,0.006774257994285944,0.002047775753939682,-0.00010273041769307865,0.003591188765369223,0.0013239953521364631,0.0027422893013516973,0.0030404113836391194,0.004697539288523283,0.0004761636932241375,-0.00421572239427913,0.0007768965317690355,0.0004058776452963316,0.0014858173873109688,0.0034480812764279725,0.0006323004173978934,0.0019311914507071702,0.0026126680015576735,0.0008952802318197868,0.0036595555505795907,0.0007549578872789646,0.0031671276006121044,0.001929869797706323,0.0038052300523771575,0.00429565835588266,-0.0012391448135975801,0.004392515389320466,-0.003117285070475532,0.0009501688753448159,0.001534908881211593,-0.0013305089277538085,0.002511887550738223,0.004993271696508565,0.002911687510560348,-0.002896685447559192,-0.006132709111138146,-0.004141275625748423,3.74156745759128e-05,-0.0007707470924062675,0.006753445433868486,-0.0018274835141608911,-0.004410968952565803,0.0024011614308256162,-0.0010628833904947575,-0.0034448309676179197,0.0009166573013834435,-0.0017835421584940373,-0.004868440046840995,0.003306971056765355,-0.003902982935895157,-0.005242719110696293,0.005213063239051807,0.002466667794053886,-0.0023839377589158456,0.005077329485899008,0.0003446441898849732,0.004126626445053593,-0.007922704975392896,0.0021915960178644127,0.0005514193373527884,0.0004375958245636619,0.006816691480745457,-0.006129201196531862,-0.0029848401641358953,-0.0013417015999771245,0.0062512843136689365,-0.003672485942843898
symptom_muscle_weakness,0.0020922733252911204,0.007124087410897827,0.005003173907960466,0.008167033018869334,0.0077107572901974715,0.006354982247441318,0.004150915920838797,0.008545309794052287,0.00361389786437163,0.006021462759822515,0.007700318147561635,0.0027751810315410777,0.003612588145908653,0.009387503271119882,0.0046939246010067725,0.004914433786898446,-0.0007089345024123214,-0.0040420617057137925,0.0033024648696337775,-0.0005724772242055783,0.0007010634627290362,-0.0021367114985921527,-0.0014041287835309887,0.001570410696211686,0.001104605966793753,-0.004315101913069918,-0.004379725756552647,-0.001871878621832627,0.0009108608912453944,-0.001174941089035402,-0.0011273693435280936,0.4562394174575318,0.4576443271255425,0.4545658626756231,0.4511865584408304,0.4530608739399402,0.4553049087494712,0.45901885633138273,0.4532832558518606,0.45363155550400425,0.45509195704338934,0.4537007136868555,0.4493340112929555,0.4572963292214742,0.4519317771059218,0.4523449759727793,0.45291462203571,0.4550895372591394,0.45169132930062994,0.45636874815952205,0.4494342538680496,1.0,0.45883371385200616,0.0055142314212568875,0.0024097725055330843,0.005018692259241512,0.002214870040647062,-0.0023928821327002855,-0.0011429913145869716,0.0028201258484319286,0.003382764124617819,0.004941003544600489,0.00337115852575657,0.003798185165811021,0.002348929150698642,0.0007806869825086676,0.0047101703097234705,0.0033983219623257076,0.004112818302702298,0.004622367006891479,0.006616189760236809,0.0013517145583174968,0.0005511578285155238,-0.0042427604540235175,-0.005856119743778808,-0.0022845349748344293,-0.006701431099803211,-0.001394358491135984,-0.0035745416149798592,-0.0002866312463017689,-0.003942402546094772,-0.0015532270268367834,0.0010523845403109177,-0.005843809558869275,-0.005397870816618612,-0.0005640270694703642,0.0006128618723473974,-0.005911514643669898,-0.004358891031101605,-0.0010088509157760038,-0.00790559359824688,-0.0029411406361435056,-0.003171554017515207,-0.0036647416841034766,-0.002274732456014156,-0.001477038455810651,0.0008443394762585013,-0.0037973091709284476,0.003312995813674357,-0.004904439403597645,-0.0010156827034048836,-0.0007278817954752985,-0.0032122671767375365,-0.0007434850856670773,-0.00589776245897111,-0.002633594499153235,-0.0006800851172219588,-4.233838942445843e-05,-0.0001453783564949168,-0.0014973398790660486,-0.0030411347935597795,-0.0010766121147512497,-0.003259752465747282,-0.0014867026442747342,0.0026254326388532897,0.005158386727832907,-0.002488921220763552,-0.0013183869461185435,0.003128325856433507,0.0035844857200283873,4.800912837105994e-05,0.0013731776410752673,0.00455075526159494,0.00040142734278573707,0.002259607695446963,-0.0019429702604335717,0.002816470326533103,0.0019115994228482837,0.003044228829194603,0.0009301474489050387,0.002319306265973641,0.006572097834405445,-0.0033630190898029707,-0.0024651784231512638,0.0017945721555508074,0.00011070695218064197,0.005086221542005266,0.002833255254856003,0.005164779609326073,0.003407472215088176,-0.0004950729351416184,0.0005552311069827281,0.0016363453736346584,-0.0007380215598253913,0.002775389955055198,-0.00319865544671754,-0.0007441992029745554,-0.005690556303576386,-0.003018664724432708,0.0054236804238213315,-0.003328535813328804,8.114456033573305e-05,0.004867550261128104,0.0006537683032421582,-0.00024118613817980804,-0.0009072678454893704,-0.0016493244177117833,-0.008842179641929591,0.0003497964865370187,0.0036197828117663557,-0.0003752567888420526,0.0050870001673364385,-0.005142804550928002,0.011636959011321685,-0.006284307856146703,0.0022043722104939266,0.0005598588490213789,-0.0022613175599496545,0.001723727164849435,-0.007886171259854382,-0.001863803181280068,0.002956746125457666,-0.0025792832954572536,0.0032227434426119815
symptom_spasticity,-0.0036480914858839663,-0.0010483708800787866,-0.0033732992708687473,-0.00014191615803201075,-0.003295307882203085,0.001245084997654209,-0.002661276532399322,-0.002538483255409653,-0.00298501941628721,-0.003990503711462101,-0.00017625388066645637,-0.0019007252256929383,-0.002413470807397465,-0.00042619190351322086,0.002500549234094225,9.212519039592841e-05,-0.002830593434877717,-0.006604089294783627,0.001987758801041514,-0.003368813028284558,-0.0019469423058940628,-0.003287932778293145,-0.004949918997440899,-0.0010074992916166072,-0.00011693640357714325,-0.0023827566198148012,-0.004172543713501438,-0.0028004755017335113,-0.0005401020034721353,-0.0019431798470978415,-0.003847492190699062,0.4589075163481344,0.4606526892560526,0.4591234028614286,0.45423293355886474,0.4599826078307134,0.4587853718318697,0.4550556507313264,0.45522252397459073,0.4602522516545281,0.4591953995872577,0.4573282634896555,0.4586032805266022,0.45937990499257697,0.4571115545380962,0.4593868990632005,0.455335015034009,0.4628751781737776,0.46188996544619954,0.45792583485876687,0.45877753532085763,0.45883371385200616,1.0,0.0008375179956139073,0.0031440083466448042,0.0014435784344360746,0.0012881921393492878,0.0014988887843631362,-0.005292143505797555,-0.0009685881316889541,-0.0007754473596380697,0.0032733189646549847,0.0002407590885025485,0.0004449392415219463,0.0004579893923124724,-0.0063093457869883626,0.00047510184926830706,0.0012903479120355392,0.001339812616290281,0.0022925714033377276,0.0034723264820616783,0.0021709617392153087,0.0007264564540775783,-0.00021554346702809418,-0.0013275165938600464,-0.0038030862880619985,-0.00250830982650176,5.582293965213819e-06,0.0002443202538481179,-0.001041321451157663,-0.0041123181056898946,-0.002368843175529972,-0.0003433289045643426,-0.0022421695730411102,-0.004572217823417144,-0.0006120566010482194,0.0007854569301312925,-0.00281461337632784,-0.0004124847762725609,0.001037864099710464,-0.003380709931806357,-0.0021720517142511594,-9.050609273531235e-05,-0.0003153917013517182,0.0010960226110071853,-0.004317381656993441,-0.003686173748919013,9.094190642602848e-05,0.0002318555513809322,-0.005449556980542972,0.00011170270117092461,-0.0034987527610215344,-0.006670060921154534,-0.0017715382587227997,-0.004670450657310199,-0.0067066537859152954,-0.003969421739038376,-0.002812930128706378,-0.0017918051362059804,-0.003051708492572005,-0.006500253023160138,-0.00098837580911784,-0.00767079750700391,-0.010051224807812868,-0.0030938381246850446,0.0040896326220606054,-0.0015653876638608286,-0.004535361082103674,-0.0006362127541793765,0.003519550664353189,-0.00254093806908868,0.0035725092242047674,0.0024976793453988224,0.0007915802613832445,0.004990978360191961,-0.0006804235490705259,-7.592715344310752e-05,0.003321239972933665,-0.0015301830955633164,0.0033015237817055087,0.0018299514337132433,0.0040685200510059555,-0.003686485460133976,0.001935571077787587,-0.00237329695820312,4.982508764873855e-06,0.002569802316013958,-0.0014462592996064786,0.00567696150725289,-0.0006944381719861638,5.7200942766671575e-05,-0.00017435207661978865,9.809754727702943e-05,-0.0025358425353299947,-0.002123465182355578,-0.006908907681640772,-0.0008260876787395014,-0.0038840818455748993,-0.007230665914489806,0.003039194107674564,-0.005710447672934568,-4.6441330312946074e-05,-0.0044507568694739374,-0.0007053810669936716,-0.0015473910037036287,0.002360725665989935,-0.006211025850790747,-0.0017444516618902973,0.0030004463226467,0.004591396489623849,-0.0025023554501981318,0.0040943717193735905,-0.00524600999617382,-8.279300494478882e-05,-0.007194390835107855,0.008285753999496655,-0.0004614329796010362,-0.005093477465210522,0.008146753931102665,-0.006256389946492799,-0.0019401576642643968,0.002825168689502948,0.0031582151335144545,0.0022529043481287346
symptom_nausea,0.002431045885202932,-0.001746436508134369,-0.0007462796965240921,-0.0015733289060952062,-0.0016727874183290249,0.0018468973862075103,0.00144617339400841,-0.00010437912596777772,0.004774382087855406,0.00046462954450562975,-0.0009493838334531036,-0.004057558502359268,-0.0006991581050171792,0.004411024866147012,0.0012895131536247778,-0.001459934246033274,0.0007932538943229928,0.00011839094154487358,0.0015301047760313987,0.001576929340364245,-0.00036558265424884947,0.0007114154393925285,0.002399466632875624,0.0031487132517598023,0.0018147910182532946,-0.0005087090078718585,-0.0003235954674202516,-0.0028606281634882542,-0.0011154289210096703,0.0026714948061820278,0.00621557259155204,0.002568529294149292,-0.00066593938184284,0.00047975507569074095,0.002979717255448108,0.0007583328983332267,0.004929187839365215,-0.0008242380536294254,0.007472371772710367,-0.00211321007339112,0.002912982472819144,-0.00017689447081455857,-0.002053167771508101,0.0020209529878378093,0.0010123334302155188,0.003060697203394686,6.19678233502092e-05,0.006259946880027605,0.0009750294161492292,0.0023624976346695047,8.767670735629702e-05,0.0055142314212568875,0.0008375179956139073,1.0,0.48560511491350744,0.4857880051622144,0.4882508369196317,0.4799842235323348,0.48532216769815173,0.4883067872533708,0.48194625455567064,0.4837790912800543,0.4823768855249151,0.4889146499690137,0.4813181826688632,0.48038491696101504,0.48419616051500325,0.48459043849630445,0.4840700018437356,0.4864622633020357,0.484528433601565,0.007660061481498599,0.006941062174419631,0.005417410818826904,0.008706895964565633,0.007604064253075519,0.008850254510633242,0.006011502541317262,0.00655973134105103,0.00734693899041192,0.006033283872873342,0.008679681993362243,0.0016871777507144689,0.006383945712003015,0.006502866878169668,0.0035436352555831556,0.006530448272000165,0.004990989437703159,0.003262673552238482,0.006337042178329177,0.0018422882694743212,0.002499426152861643,0.0033643629988849857,0.0024308949002831304,-0.000756869345319631,-0.0015873121666003852,0.0008179907016012409,0.0008878614980427884,-0.006014727446175903,-0.0018138745525186756,0.004004806644361978,0.0002993890562549116,-0.001775841395011098,-0.004285497050983362,0.003263868140946326,-0.0007441893959399433,0.0010939195018002219,0.0015936513055807033,-0.0011147137809906053,0.0025348468603133716,0.006316129415035832,0.0027547287920220783,0.0032745171079529437,-0.0006965665752383312,0.0005138761003374493,0.008906531505639931,0.003315822415821029,-0.0005221589538890622,-0.0019327986943451162,0.00566180289351273,0.0019776292964746355,0.0041513120562382,0.005634870336143991,0.008075425717408718,0.005845217805528092,0.0007279456532158988,-0.0006910221649660057,0.004867410569505565,0.0023024718049589883,0.004210680959749437,0.002741256674796758,0.0015187924847275007,-0.004292681464576695,0.0036569468514940496,0.005349768856137414,0.0025218246082720254,-0.002045704421646538,0.0003654474045604962,-0.007037525139546732,-0.0016328743516333566,0.0004064492686438314,0.0007339459299626485,-0.000707815225477082,-0.002338778320632485,-0.00234864453263752,0.008021702785938375,-0.0005971695035733291,-0.00494899286370008,-0.0030508299746221457,-0.007641162927898442,-0.0051890130334020556,-0.00019052046924103664,-0.006663059579440907,0.004719493855843977,0.0016734333713103017,0.0015162444310843303,-0.00449200245245786,0.0017754035895126716,-0.0006525751989561997,0.006329867010400879,-0.0015700765768627868,0.00755722670732732,0.0021935868784061386,0.0035070698457548006,0.005461895497661385,-0.0024148045983943636,-0.0017072505737614346,-0.004575785670667066,0.0029753994205238554,0.002456834737111648,-0.00044740082157584173,0.0012817494603093909,-0.00204570442164654,0.007239666422672092
symptom_vomiting,0.00304343219154048,-0.00523417668468961,-0.0026921313958149042,-0.0038631896964067235,-0.0061949993172420595,-0.0022919601048155833,-0.002873624060625903,-0.0007002263198677257,0.0027531101051390095,-0.0010824184881083356,-0.0048796908695351165,-0.003217048322865797,0.0009154454220911009,-0.0001871578089421163,-0.0016158046591493878,-0.001095379015632517,-0.0015036236777660045,0.0010512925201593194,-0.0020720441231169354,0.0019911508156759783,0.0006346402413077756,0.0018194500084707794,-0.0020569212563039227,0.0016198844660814,0.0018843416048683924,0.0019110254972085135,0.00037802221220215775,-0.002027082661488251,-0.0014067823229240025,0.0026612672497777577,0.0033271405544518214,-0.0007308306494200402,-0.002009527444494807,-0.0010793822337827783,-0.0014307059621412404,0.0029096608540555755,0.004008489955887757,-0.0016399511644419398,0.003319805361970905,-0.0019157494840105005,-0.00011260436032778644,-0.00013767157632504389,-0.0005907027825141388,-0.0005792274802886916,-0.0025200474873328348,0.0015796887185036029,-0.0003191274970739439,0.005121437328710584,0.0009258515097479755,0.003490633471743753,0.002052134613489564,0.0024097725055330843,0.0031440083466448042,0.48560511491350744,1.0,0.48249132870728134,0.4837579434147425,0.4777912940417706,0.47888143348316725,0.49231158282550985,0.48588514826387347,0.48041879692452977,0.48203772062780187,0.48539029220863145,0.481354569924705,0.4760657211277393,0.48362489737042463,0.4852640278737608,0.48436892023668326,0.4793816519987294,0.48315336486761007,0.0032648874499379733,0.003086963181746402,0.004007005392998031,0.004162457712539045,0.0004998961229535133,0.00928081294597271,0.0024431339946410684,0.004065732507168374,0.0034144631288394504,0.006667194246397326,0.002105538276566205,-0.0005904615637105118,0.007138473913288721,0.00603872194750809,0.005239672332247376,0.0038958539402208637,0.004589367771751841,0.002799009556163642,0.0029090459750383225,0.0008539642047557508,0.0010099134930041476,0.0023933499221382073,0.006737099560311868,0.0007557282951156516,8.524826050904144e-05,0.00162116914602809,-0.002515205271747615,-0.0014796606802035183,0.0035295162863962105,0.0029166468905397138,-0.002993790847260037,0.0008886047382916108,0.0013415643470727193,0.0032740609623490013,0.001812373016721451,-0.0007161404080617599,0.004560622641800136,0.006490925528457455,0.004121641812084593,0.006155423330343821,0.0009469211358793903,0.0028701788505754405,-0.0016718716651053275,-0.001783837314941509,0.004673926538760392,0.0013305153235007511,-0.005232238957064987,-0.002529185561171788,0.0030845295711681314,0.0006970902662330878,0.0016658167227862504,-0.0019448197450132093,0.007807637539791154,-0.00026370578255296333,-0.0010274462052976853,0.0013085964992291899,0.00529215598852646,0.0030896068515290317,0.0035794716349177515,0.004813364356099262,0.0037852855748328348,0.0034209241252651044,0.00335877837388706,0.004714839321523871,0.0014769907253052638,0.0009972919342179022,8.420477295937887e-05,0.0008563174799064007,-0.00414563679707855,-0.0024785960359207265,-0.00015207102192609607,-0.0036621613807152767,0.004704709312110872,0.0012649451080558823,0.0055171634769023885,0.001263740670165418,-0.005843590411779204,-0.004497467970068583,-0.0007096382274504674,0.0010667614209392033,0.000871792385730568,-0.0069320523481331405,0.002075890429419264,-0.003056625510477161,0.0020844018421007846,-0.00037291069462373956,0.000813907550750564,-0.002252429533570059,8.255433947002814e-06,-0.0018548445197966088,0.000597454445267073,-0.0003014687014950181,-0.0006793196688266254,0.005978111566410316,-0.0003416074560798222,-0.004548936157662929,-0.0016225827535919493,-0.0014618120070853439,-0.004048238137669882,0.002560110973418618,0.0037235749809986897,-0.004608852590101848,0.0078049895338630606
symptom_diarrhea,0.0030097678276010003,-0.005058909428437706,-0.006974904029514558,-0.0040555359610784545,-0.004970604101817418,-0.0022555064873876493,-0.0007693519655239604,-0.00020819314165260253,0.0061696915052215475,-0.002087242498753454,-0.004642548412218523,-0.0030761170384137446,-0.002631418343486978,-0.000871179532803815,-0.004865766438254964,-0.0056508566453432486,-0.004526981263249517,-0.003919287455536634,-0.005841572320315607,-0.004173754455595165,-0.0033230394097932326,-0.002731489333510675,-0.0031886937848502497,-0.0038101314447202632,-0.0006414946223903435,-0.002457585732391939,-0.002916179704695079,-0.004658744017527079,-0.006436227870059488,-0.005239788599167735,-0.0016843524557338919,0.000737678094307956,-0.0005736925565531682,0.0019658686203127967,0.0061590997891379255,-0.001493793362390438,0.0037768462691995836,0.0007339200332629952,0.003176891585403491,-0.0013625499808978122,-0.001623813932820927,0.0008692456743965432,0.0007538340807908672,0.002556629971885698,-0.00190742898372786,0.0010903697603085328,0.002135261331457506,0.0004045325433453505,0.0015106123056536555,0.0011366596372120617,0.003557977481218551,0.005018692259241512,0.0014435784344360746,0.4857880051622144,0.48249132870728134,1.0,0.48490003659881864,0.4818287503155642,0.4869577973836078,0.484378957123083,0.48540661647870564,0.483657808986369,0.48161944232211407,0.48844806838932975,0.48330349231791014,0.4784308789869361,0.485129446932964,0.4821589813211239,0.48500825521569296,0.48206691402894375,0.48210863054103825,0.0016837261418699888,0.0010384733987562104,0.003131863052946559,0.001584626545024364,0.0023619479150791965,0.0007525750627093841,0.0027604472505319607,0.00011025052289650993,0.00022877015165882972,0.0036072320741467687,-0.0009112064518876308,-0.004010084646516079,0.002873329990845564,0.0004002455165988159,-0.002342349433004564,-0.0020956267676490365,0.0012114717501073766,-0.0016753109162890945,0.0004158752642499241,0.001643287062332145,0.002738207099116453,0.0027926014052075793,0.004066204625994032,0.00021445730130043695,0.0012928211968387328,0.0044975244091902174,-0.0006254576116326385,-0.0014498007393528452,0.00011047966660236066,0.0022032341194507966,-0.003102666593977353,0.000442509725933957,-0.0009809942534788417,-0.002311496007759279,-0.004445251196332498,-0.0004930831359699975,0.005908895034124983,0.00044095987902780323,0.0031807968261987262,0.003477007376851364,-0.0014064970279093682,0.0008528699554422821,0.0007765424197707139,-0.0011594681375608337,0.004875965785609473,0.0022155845955075712,-0.004821722108096011,-0.0025199657325615517,0.0070610738054082455,-0.00016725436298151806,0.003472482974281689,0.001038876045385013,0.004290180150162074,0.0018876292818068875,-0.0026814325468590677,-0.00227831206259979,0.0007794122886211358,-0.0023579780747350664,-0.000949803047616172,0.0005406116243463551,0.002308964047026062,-0.003968033103838997,0.0010753862516001825,-0.0011843754453084348,0.0025728227556557465,0.0030926425786202074,-0.0028802766377506736,-0.0076112713539107394,-0.0008197810277020783,-0.00018565584288493376,0.002997186000426205,0.002719663337075243,0.00014046568774888873,0.00031499656122903536,0.008062541022892056,-0.0005590169265227932,4.6416023016497356e-05,-0.004349064153240036,-0.0032767514133749025,-0.0029648050768188365,-0.0021467319679289274,-0.004096887095187657,0.0053711071296516,0.005604239141721568,0.0031806769144817225,-0.00016485941674673538,0.001144819043351771,-0.003920220359933876,0.0015113986660307184,-0.0015090649506407454,-0.0008180418014001939,0.0044989409957630665,0.005524478581559104,0.010968589211074554,-0.00891036759937387,-0.000779928270538526,0.0006600424147332499,0.00024819600647253877,-0.003103585243923602,0.0006542353831606305,0.0068024908407596394,-0.004793465559162639,0.007293964225417272
symptom_constipation,0.00087194670307625,-0.002432331833082271,-0.004011473516299586,-5.624714439611869e-06,-0.0056804393998314846,-0.0011972436090627032,-0.00039083794498436837,0.0012595619845250528,0.007435890899862786,-0.0007561466423063593,0.000689976698575387,-0.0034463351238420868,-0.002388148699195323,-0.0039688007946719304,-0.0028551605829639204,-0.0035031633839638712,-0.0012226642367800806,0.0009699442689883952,-0.0015441656928073032,6.389761776230166e-05,-0.0043255571677655626,-0.0019388695603710599,0.00104044529601281,-0.002587460817171999,0.005758593388503426,0.0024256622489504187,0.0021087340678455895,-0.002435073608526125,-0.0007649063232792467,-0.0015738034662792348,0.00298483178621548,-0.002592004575163031,-0.0015360056487054071,-0.0058267796414056975,-0.002090238338077287,-0.003482619245379691,0.0007586362733860525,-0.00567077276995042,0.000457973500612539,-0.0059208516383643175,-0.0022953833534829467,-0.0008256795330218686,-0.0047725157791931525,-0.00346010016542083,-0.00676549462470872,-0.002157881773781575,-0.006546917686705824,-4.588948292129341e-05,-0.00018124552351620444,-0.004447655729742748,-0.00034868716764535444,0.002214870040647062,0.0012881921393492878,0.4882508369196317,0.4837579434147425,0.48490003659881864,1.0,0.4844953641075118,0.48626048300244235,0.49149663460009535,0.4850588108876729,0.48415418161177304,0.48809157124910296,0.4906309958997342,0.4842908731043486,0.47998029092892947,0.4832389617434626,0.48356735320059363,0.4822863324149425,0.4805984012141655,0.48596512279889953,1.3547410245536777e-05,0.002849681659175515,-0.0005120050310467485,0.002849755337312387,0.004245124758887536,0.005502991384143213,0.002933769064000075,0.0007612772008139242,6.219258991338038e-05,0.007330569082778797,0.0021288589994777765,0.0007993613698759085,0.006047570318364862,0.0015287407445309029,0.0047068491086206254,0.006874980884260261,0.005813828091650727,0.004151928697937856,0.0039388089642384124,0.0022219144949584147,0.0002309938097004885,0.005652487440288968,0.004499105816296947,-0.004199830373853575,0.000695432948309886,0.002884967648818115,-0.00356154619296974,-0.0014596407156405116,0.001127787033204506,0.0011721908961173707,-0.0011092593805454931,0.001280835612868905,-0.002725276678541944,-0.0014735426211066151,-0.00602655766188741,-0.0018904376053397278,0.0007376867886701952,0.005671694985341554,0.0031070352422878154,0.003070857604800058,0.003328831132668538,0.0021063651431106546,0.0016973653772508674,-0.0009018445032456262,0.006681410484678462,0.005310087414513507,0.0015547520906763997,-0.0030433303996606547,0.006015694000850886,8.42028320415964e-05,0.005975090570491818,0.007113367625909868,0.006790714480775557,0.0030902124364080184,0.0006465778626583237,-0.0007801289830891778,0.0012830024289386811,-0.0001670216582238173,0.001538181819498698,0.00250042271267656,0.0007515925219968811,-0.002165204066350948,-0.0011793643159930724,-0.0009103557395412306,0.007454704839038205,-0.0002652744591578797,0.007058220471752144,-0.0031778602793617067,-4.1117763266688866e-05,0.0017931565659860434,0.00028212821110642686,0.0027386882746108037,-0.0022772893110329625,-0.002271400808705018,0.008075264458340826,0.00047749370407906204,-0.0030189493999133272,-0.003015049717822637,-0.001102012545798854,0.005024515806361017,0.0005585383626808589,-0.0059602196477142565,0.0007596560426651998,0.0034233273177989207,0.0007750695803122936,0.00414176554793857,-0.0009062476011250076,-0.0012406657706196412,-0.001730872640516313,-0.003398780252831602,0.0042548990978609905,1.4023712031521622e-05,0.003590812059590955,0.001639950281806589,-0.004716354124427978,-0.0016503778659989492,0.003269183515904957,0.004446996622976153,-0.0025190424275782545,0.000665979979107941,0.0027250799431441453,-0.003645926411788491,0.0064882813402343835
symptom_abdominal_pain,0.0023502487365927613,-0.004242880826312305,-0.006711936111692458,-0.004830720380090719,-0.006284201995119107,-0.0019689668974389217,-0.002693030243458227,-0.0020743845103006918,0.002189951261631598,-0.004285905334373485,-0.006246804445361597,-0.005338386761761435,-0.0008552881517491397,-0.0004129817885370501,-0.004209287283217116,-0.0038284047830941946,-0.0031446459305952265,0.0032003200078086274,2.4301476405827462e-06,0.0013533942774723853,0.0017819179224666348,0.0026137560622670956,0.0020139646527913687,0.0003423507623513193,0.0021015804411820926,0.0014166057640228828,-0.0009738841777468067,0.0011166955029333573,-0.000617727365566486,0.0003048160892796489,0.00011723268540490864,-0.0019549556926125177,-0.0036568072467386137,-0.005581772892807356,-0.0012565703931632804,-0.0005582228980195124,0.003606024582104381,-0.0052707674647898915,1.4725713784167788e-06,-0.004660065820841086,0.00013778130101778965,-0.0012713765010236079,-0.003638038410585854,-0.000908519327234554,0.0005819002856537129,-0.003154026500955783,-0.0009474144832986904,-0.0008433577315189281,0.0016202522939903266,-0.0031208880028349793,-0.0021637629844327294,-0.0023928821327002855,0.0014988887843631362,0.4799842235323348,0.4777912940417706,0.4818287503155642,0.4844953641075118,1.0,0.48542277975762893,0.48568612556076507,0.47919635249927517,0.4824134245373084,0.4852235554449396,0.4864105253459846,0.4829334155940104,0.4757455930651325,0.48072782694314203,0.4772733853243084,0.4830930044102492,0.4809567586913008,0.4863372737179292,0.002629132379287782,0.010470960842901732,0.005820563207872608,0.004482405669877392,0.0053068554984129004,0.0030693609697520574,0.0060913368705398435,0.005742995584190899,0.007127983253338787,0.004132447583230416,0.006636076766414039,0.0014228907641859643,0.002165936208851946,0.0020819217616285975,0.00685193247211939,0.0007515677686668691,0.004572472143028601,0.0010851287634844945,0.006830993223521735,0.002715236604744533,0.0033103516018405466,0.005061915542270055,0.004158279959700492,-0.0025010250797657166,-0.0011280991686201157,0.006830084117291487,-0.001750345949769845,0.0024278648769017037,0.0027695077081755616,0.005581249295005238,0.0016942722223140527,-0.0006026738029468521,0.000499060874832289,0.004178918333328267,0.0008839592593104499,-0.0021211535073187276,0.0008053818010921738,0.003850220365058383,0.0027115547389371013,0.007724027730332598,0.006061665132082736,0.010219024075649003,-0.0007702968223136067,-0.003522637712390327,0.0030721797077380535,0.0022172235801376575,0.00011612027220762418,-0.0017312729839806611,0.0035396665085744737,-0.0009986241687469143,0.002206008120850671,0.002311149757228807,0.003962650754366942,-0.0008428112273918316,-0.004182773039379125,-0.003001838414855607,-0.0008167281730238631,-0.0040597410671706505,-0.002763606970574219,-0.0011793187664651964,-0.0005054903147674273,-0.003853288841421353,-0.0011827669805314048,-0.002388412517182396,0.006373691437977355,0.001630949753781654,0.0014625560942041133,-0.0015917468451097868,-0.004855767247805026,-0.00046710070572635623,-0.0017145886121745664,0.0017643443031782199,-0.003317689429094227,-0.0006179004347045564,0.003240329502639037,0.000283824222575389,-0.003939594138708399,-0.0018302100963938648,-0.005669516181384546,-0.0003202442509776778,-0.0004054981703240995,-0.005624173585653775,0.000993691878033849,-0.0018881008378401468,0.001332287890654002,0.002872278714106844,0.000186256919887956,0.003770936431975706,-0.00045942728977203877,-0.0011593604486066537,0.004843669292843621,0.002741227165181321,0.003922570890892903,0.004483605507035038,-0.0032443468883064062,-0.0018656762131253211,0.0029518287894789055,-1.7258789207730336e-05,-0.002857775461452553,0.0004788204655917804,0.005145919807395471,-0.005663228720973854,0.0029456806534517233
symptom_abdominal_bloating,0.005748311835309215,0.0025910659771342915,-0.0051885540795533125,0.0017398056004629605,-0.0021663540311830467,0.00013801975883347053,0.0002693349351627743,0.005387752617256629,0.008844896498034625,0.0024196571860267487,0.0011414066687805628,-0.002650666148794235,0.003088886019170762,0.00302994369277999,-0.0014477378508254207,0.00022078157644645605,-0.001354504383975999,0.0036401894432410305,-0.0005328021119513271,0.004954499337364197,0.000210934906501524,0.0012215649647398566,0.0001912360991266087,0.001509128529483294,0.0026077063175722753,-0.0022267259981692145,0.0037686579353171695,0.002727966508943434,0.0019725542515565114,0.00023396996140052933,0.0014886297705747546,0.0006789368377666185,-0.0028319056982875606,-0.0038922311369895385,0.0022020752499365905,-0.0014787157846610024,0.0012964446558162376,-0.003954273185868488,0.0014335997593620299,-0.0054553892538752894,-0.00300478712530125,-0.0013884229973351355,-0.0018047921106270164,-0.0030697135975183442,-0.004022114687245969,0.0019147157320079575,-0.0006419535457496739,-0.00046196589848499756,-0.005503543009338837,-0.0011953880099294459,-0.003264285455341922,-0.0011429913145869716,-0.005292143505797555,0.48532216769815173,0.47888143348316725,0.4869577973836078,0.48626048300244235,0.48542277975762893,1.0,0.4831365825921643,0.48444732502586696,0.4826297254771959,0.4824180324266779,0.4893159502923255,0.4889996137804021,0.47775322596475245,0.4866290957320151,0.4809920787907676,0.4844739897663789,0.4855298662761375,0.487242035469616,0.006274725284241616,0.003852538068747416,-0.00032746305473321634,0.002419933338710905,0.0034053683692949494,0.003638615668341717,0.0063982374309115445,0.002447021213078287,0.00603701919262411,0.0031468854797673655,0.005453280170894288,2.92029600652035e-05,0.0015956943267020098,0.000758399352927641,0.004071991935628115,-3.2965685589889954e-05,0.0011607043019130903,0.0010657968482287866,0.0018003388470899649,0.0010717450521631506,0.004442930735925177,0.004720239730263477,0.004666708333016018,0.001036956366205059,0.0035857215195597993,0.0068502862165093084,0.0006339538016821751,0.0010621941580901447,0.006271487540204561,0.0008284912084083866,0.0007940034926862691,0.0010352758502045717,-0.00013511106693505075,0.004753090996510835,-0.0004264026711121922,-0.0031284442330448657,0.0006603585647522556,0.006005005502149997,0.006763083817534309,0.004984413201576017,0.0024195523685988764,0.0071690950323664935,0.004763982445607294,0.004402660183555094,0.0036807210727248154,0.0024857662268546166,-0.0018771046010515747,-0.008876379735781386,0.004649783597395662,-0.0011054423472455757,-0.0009290006671220535,0.0033968269287383665,0.0011901397343543523,-0.001124603733924408,-0.0006824595891688212,-0.0024939395632877824,-0.00279140016749272,-0.0014233701773836403,-0.004675455660946246,0.001780744077839346,-0.0008826263798764249,-0.0022714091582317305,0.0009362586685502614,5.1019093277598096e-05,0.005006359957111275,-0.004228686470863977,0.001749480227176202,-0.005087291287874122,-0.0015811621520924457,-0.0027969654047820883,0.00354639932683034,-0.0019960121143203107,0.002573957100673856,-0.00033484195851443086,0.0069007839405036625,-0.0015825455623767418,-0.00612140876534271,-0.004348482355790939,-0.004714207058587412,-6.505253489940114e-05,0.0018847567827798661,-0.009112808093101296,0.0024770742446317707,-0.00155789667549553,0.007217045631917064,0.0019830264307481404,0.0011461180484368453,-0.003918969989460452,0.0009689532943002524,0.0010366248919316471,0.003397397178373955,-1.2395691683755938e-06,0.00031635555243091047,0.009412413573368975,-0.004138036145159028,-0.006082780508186269,-0.00128053750261,-0.003930540235424091,-0.0014121662594882684,-0.00040977450306653256,-0.0013886331319640714,-0.005355294555414213,0.0040055857067021776
symptom_heartburn,0.002399731119003852,0.00024043085698892535,-0.0008589449634062983,-0.0009295903665920446,-0.0029373026251698934,0.0008804342511186797,-0.0006456272890447606,0.002651595239298431,0.010405034087544951,-0.0014142203897743774,-0.002258067068267848,-0.0009054394893105202,0.0036344994556563263,-0.0008207518269957417,0.0001650873452536001,-0.00321746509006929,0.0002769460931485696,-0.002572914808415137,-0.0016111195923937541,0.002789138977654656,-0.0047799124174551415,0.0011466817330454077,-0.00096202330927793,-0.0021647179949890127,-0.003177567634200436,-0.0006690055381763778,9.509309450376581e-05,0.0010806138662202219,-0.0016370907415385533,-0.0019509361796722084,0.0006807407230524322,-0.0012699646104201347,-0.004382950235454162,0.0007287507774742577,0.0031496126186293417,-0.001113429983381104,0.0027667377537275517,-0.0016183623572444189,0.0015891710782915903,-0.002970485865911384,-0.001991708128641336,0.0008881047025765896,-0.0038886684676543307,0.0019959965723590762,0.0003773617625255788,0.0007214388086114233,-0.0025701376864856774,0.002546906204608036,0.0021989894045648453,-0.0005376742194795381,-0.0007805475048262541,0.0028201258484319286,-0.0009685881316889541,0.4883067872533708,0.49231158282550985,0.484378957123083,0.49149663460009535,0.48568612556076507,0.4831365825921643,1.0,0.4845992531787629,0.4839848268084683,0.48834800923218497,0.49371773346457737,0.48596948032417353,0.4812750567143936,0.4857452639521622,0.48706282550980873,0.48634794882484095,0.4847191278716508,0.48772052724220977,0.0026856790695549675,0.004231781449234705,0.0029842766992918914,0.0015017231874331026,0.0015002477889873383,0.004282281657016998,0.006568965202579483,0.0041899185492111305,0.003561597933219875,0.005437656793061477,0.0036434798791634285,0.00019785064592964474,0.005049804959764597,0.0020905375280282123,0.004263084800164641,0.0006813533042481595,0.005572530190825727,0.0019275453661057175,0.003324764683291431,-0.003116224047362465,0.0022352816150303695,0.004567917474122723,0.0007314460405796643,-0.0024977964780600603,-0.002014611971497296,0.0024959014618297407,-0.0036097060165005824,-0.00394980454049204,0.0024862181187904606,0.0022378469148915782,-0.00031072505618500064,0.002491432804942263,-0.0010364512165469504,0.003970664931615679,-0.00033139780074331013,-0.00043377036785007493,0.004021566543070606,0.006229082418691735,0.004234930582364284,0.006445790670408244,0.0006374062105046571,0.004814252390071443,0.005734360226585012,0.004790036511323253,0.009537391362798091,0.0053151677873694205,-9.866455735597293e-05,-0.00029508376557265645,0.010082585509027233,0.0012787167083173842,0.0011924665280245968,0.005522471180410555,0.005398845451846462,0.0055900560712556,0.0012430556097819934,0.0037932525989521925,0.002649066871101836,2.3768597203246494e-05,0.0003013128407210679,0.0018573196491305187,0.0024203772841383856,-0.0016591363753753025,0.0007051292097160563,-0.0029953314824527327,0.0035415498851040293,-0.0034614057570972537,0.0006098442579509219,0.0007808791721278722,0.003159148091121346,0.0013088431963444256,0.003226190228759351,-0.003174096237940864,-0.004587364678163129,-0.00015121447547387945,0.007021760305850216,0.0036656014540375967,-0.004705373346269357,-0.0029402418133249886,-0.00023242034588673475,-0.004985112297165707,-0.001972156136103845,-0.0026569781255109393,-0.000792722567482358,-0.0018962041215374022,0.003338787599679323,-0.0032816100012663194,0.0027059778615848387,0.0015879882186127126,0.00228345331783447,0.0005904679355438851,0.0035485718053794436,-0.0005933638813249292,0.0005016620309334622,0.0033447422097387493,-0.0063388361599157035,-0.003303929922507067,-0.0030451984592090673,-0.00027595142156069496,-0.0028966493368342673,0.000769439593692571,0.0035750328475626886,-0.007414700698938798,0.005810919051066149
symptom_loss_of_appetite,0.004109380553167809,-8.446248962747213e-05,-0.002277661857178302,-0.0025546411393828406,-0.0013609567913854474,-0.0011575492931128243,-0.0031538455240958385,0.00047852950346173747,0.010612455460447092,-0.0005171607165145414,0.00019010034467386975,0.0004678699617398146,0.0040400730058466035,0.001242955727098555,-0.0050695485476330805,-0.0025190759433862263,0.0005422549517885906,-0.0005727584677402727,-0.002857434463204335,-0.0016183849992769052,-0.001126309518448244,0.00032830020240165095,-0.0012761989488472853,0.002190592800252123,0.0003350045973851214,0.0013211204281737931,0.0016514235480233211,-0.005685641312557645,-0.0012260659243995026,-0.0008883927224317854,-0.002718207795946521,0.00041390709873438295,-0.0012502474685059809,-0.0031952211302582337,-0.0007796903603016541,-0.001363207081011536,0.002073861968610059,-0.0044365939788524765,0.0007473328901233654,-0.006447992614053797,-0.0011312027102793132,-0.004796406073671417,-0.002580868746413649,0.0002732340582727831,-0.0034729544734283264,0.0004784043619686767,-0.0007519920920617864,0.002812440949821575,0.0005485767138011198,-0.0009338641021119788,0.0014793231933997938,0.003382764124617819,-0.0007754473596380697,0.48194625455567064,0.48588514826387347,0.48540661647870564,0.4850588108876729,0.47919635249927517,0.48444732502586696,0.4845992531787629,1.0,0.4809334948409513,0.4813502134244849,0.4867170866347427,0.4843145704300954,0.4738644248515011,0.4797391145537544,0.48084611773091157,0.48357049081042053,0.4800502874246926,0.48164840378143364,0.0025682086831941993,0.006500129588237497,0.004636110487283554,0.005407565018818487,0.005022593966992497,0.00423317078627182,0.004944038681592824,0.0031802088648567066,0.009575134146234576,0.004905150452968039,0.006872412035664183,-0.0019006050486450148,0.002739847907202807,0.007498166545517043,0.005767853334064346,0.0029515078883468613,0.0021697917915902616,0.003574976738653424,0.0020479230090753027,0.0053015591098559,0.0025011597109724924,0.003067219367133984,0.004355880705340306,0.002254923759173374,0.004290349251989943,0.005888600437666305,-0.004007070424896335,-0.0019118705572126339,0.0037647082676377907,0.00549375942309113,-0.0044992578337322365,0.0015298395939101039,-0.0008186278230456545,0.0037557364627525563,0.00030667162914715614,-0.003961921056388263,-0.0011977534284007242,0.0006990886810546328,-0.0011326872501452657,0.006063173513545142,0.00034245517048165134,0.0031028285719515514,-0.002943745433507385,9.514988515128335e-06,0.005588527000952197,0.0062023670231163884,-0.00023531546523769873,-0.0015559651594046027,0.001619939174283501,0.0009694128262184123,0.0033992617235442707,0.002085521921851791,0.008287930368681189,0.0017289152011396231,-0.003418236005195143,4.254150559177316e-05,0.002264500707137808,0.00326557012948083,0.0005325131096960364,0.005013222036383869,0.003107520559222606,3.549176222339215e-05,0.003630506493365043,-8.157926268623922e-06,0.00751979640935838,0.0015095421828708404,-0.0014704627777163326,-0.0037383633627953595,-0.0007433456621118232,0.001866537169103892,0.0014643364584717596,0.0007867020620387736,-0.0014101332997930795,0.003014200830362152,0.009287625572025593,0.0005235597248472414,-0.0023284700280238155,-0.0016556555690105236,-0.005359373987681593,-0.0014359187976559,-4.38415630375796e-05,-0.0033798709458913454,0.00605987743937181,-0.0036610979165016076,0.0016417897152286223,0.0009647917823708078,0.0019224072938934652,-0.0018378179624818608,0.001622045113908013,0.001129464443189406,0.005158519796160792,-0.002928372196482313,0.0010581727198669382,0.006379959728551974,-0.003448402349181448,-0.00248426124582062,0.0020484419287571786,0.0010308677670339496,0.000381529536501629,-0.0014218528852700267,0.0014291576697537884,-0.0052585336953443786,0.0057281684295913265
symptom_gi_bleeding,0.00569233745443794,0.0030136294083706744,0.002989450500586067,0.0011405594241516472,0.0007012043034036615,0.0013717719721985074,0.005116616548820531,0.006692231123507379,0.010696976717502782,0.0020242879965746605,0.0005423126970233923,0.0008997248812260117,0.004457841610770601,0.0033159902683271986,0.0023057416673105784,0.003977697961555981,0.0007687285789711722,-0.0009143671631310267,-0.0014927679622776554,0.0014810532232283715,-0.0006792395507085217,0.0005471310999606457,0.002665889193222061,-0.00016876558396679978,0.0024351505221715886,0.004415094006101695,0.004240514869728701,0.0006938618379621095,0.0007237873417220528,-0.002092366112452541,0.002894222536440817,0.0026516597697218065,0.0063872153514526,0.0010074267095744245,0.00586067843180644,0.004365979073868053,0.00656073698673218,-0.0030902920593771552,0.0050029847954458214,0.0020804979685672,0.004616875450044091,0.0001316570912683546,0.003617675887286676,0.0013794381475680138,0.0029351118650256737,0.006015570658031366,0.00653933654144687,0.004734285382735749,0.0034819803729935236,0.00421222205678612,0.0048770956468312055,0.004941003544600489,0.0032733189646549847,0.4837790912800543,0.48041879692452977,0.483657808986369,0.48415418161177304,0.4824134245373084,0.4826297254771959,0.4839848268084683,0.4809334948409513,1.0,0.48719937178262845,0.48622788839096753,0.4796888944195524,0.4764211370042645,0.4803831564396275,0.4831670382948391,0.4815346162803388,0.48454829551660883,0.48430226062528225,0.0049236912236643605,0.004412186462563031,0.003980874526826787,0.008567578277954107,0.003079223268784993,0.005838801448324284,0.003475789771709922,0.0008926551274141332,0.0049600374489557975,0.0017285948948361483,0.005057886955739661,-0.0016602563964127032,0.007333669079626703,0.006975316078784553,0.004901074674138568,0.0019584346129273376,0.005668152897718352,0.005028118035686506,0.00167939432388301,0.0022985281601446096,0.0031013056886051845,0.004259895673477079,0.003987008348902995,-0.0001564623537485721,0.0016563661463676615,0.003030146934352922,-0.0023866977451672765,-0.001306415207205175,0.004640488923253894,0.0036603118272006486,-0.0032274912003507593,0.0029696778852008167,0.00047864567559331944,0.0016287522775507407,-0.0010630304774538015,-0.00020452858695902055,-0.0016464487572963702,0.004872230214749327,0.005379618882043697,0.003434855931721585,-0.002691490656460384,-0.000515945789178068,-0.0002593763490841461,0.003518928647383597,0.0035499996935669832,0.002699358615961932,0.0031680314681938565,-0.0021217204617000954,0.006855670601147631,0.001528103933730487,-1.99172699441195e-05,0.0020512261255093774,0.0047766005346725786,0.0033243656579105656,-0.0025169414520264137,0.0031685956987675262,0.0007140149480964548,-0.0014239118279137312,0.0029532252359083175,0.0034645755339449006,0.005219655882311251,-0.002808268046998231,0.0011643906662737724,0.0018796874134752515,0.005804014417409381,0.005329160987237131,0.0037176869835637066,-0.002579401223968115,-0.0023558986198598934,-0.005423336473140133,-0.00139894441453866,-0.004704867296077472,0.0017508486801850983,-0.006209217897190867,0.005728608183933442,-0.006712491819268991,-0.004285459641428556,-0.0056801500292264,0.00030742457681595816,-0.004425395541469727,-0.004174133014480027,-0.012888533630973002,0.0036178428219581895,0.002832432154949328,0.006396677120848023,-0.00231964838400791,-0.0009364907624658435,0.0013889642372852474,0.000406944792813912,-0.0002507285193155271,0.0008570845749521068,0.0007359357584621377,0.0016035349592356607,0.00472645869298786,-0.0047496889133226885,-0.000789737604312311,-0.0025896103962381786,0.0009320311301799857,0.0002604738477553894,-0.004677290689837536,0.0026928866557376046,-0.007624150591438314,0.003992982972139202
symptom_dark_stools,0.0027012190592616368,-0.0014217421601289272,-0.005792951770257661,-0.004775437892680599,-0.007119497807824436,-0.0006608936206367142,0.0006889417161098499,-0.0005871749809166925,0.007973401197750408,-0.0028756934350027937,-0.004746545627563847,-0.002980405011968831,0.0012048791057896297,4.124899644301978e-05,-0.0028652834497769654,-0.0008579209704010774,-0.0014365948589688646,0.002265088073495363,-0.002971325566840838,0.0019326794595986635,-0.0022425135216426256,-0.0005027607704589398,-0.0019631532859259947,0.003008571621605306,0.0008000413766821691,0.0007776691841922896,0.002112131878789815,-0.0039354249342950995,-0.0006195348668583016,-0.0017890913480691007,0.0015518441345566173,0.001292279331047069,-0.0006020947733880016,0.0016436460090834201,0.0017141640859393264,0.002879379484988257,0.0005183673239545685,-0.0015765151797458691,0.004545490427213977,-0.004401602720580333,-0.0001119100081604865,0.0017225835240275247,-0.0011174257676353173,-0.0020138066664362212,-0.0006161927557401741,-0.0024022160153487214,0.0007085284034389275,0.001182718396253406,-0.0027637852431581563,0.0003017197214611973,0.0015421476293985409,0.00337115852575657,0.0002407590885025485,0.4823768855249151,0.48203772062780187,0.48161944232211407,0.48809157124910296,0.4852235554449396,0.4824180324266779,0.48834800923218497,0.4813502134244849,0.48719937178262845,1.0,0.48679410451002264,0.47927415384773087,0.48098529355639563,0.48094411585794555,0.48401306251958764,0.4831535709017773,0.4848334965904316,0.482072705741927,0.0030742119933335247,0.0046815108991502515,0.0016590355970715275,0.004749356386739784,0.0024509800481645624,0.002347149357113136,0.0026474318844620483,0.0075075171020194615,0.003596401455700297,0.0032922036364601303,0.0016386243588641,-0.001667785776871921,0.003924492861164925,0.0030185242940867995,0.0029287190274850843,0.0028407041300408838,0.005328866801976449,0.0017584400279116452,0.0011890128754603374,7.533840196890821e-05,0.0021948303986452783,0.0012159773709093608,0.003239412548762843,-0.003193626233641797,-0.0010902332383695968,0.0011893859262716996,-0.0017495942928960244,-0.00647837930614879,0.0014039388953281135,-1.5643007335501817e-05,0.0005021275710579784,0.0015688220893019115,-0.002191044622724198,-0.0002738512449333673,0.0006034772708603267,-0.001520280461797003,1.966007413743803e-05,0.0068738355743586535,-0.00266920383546552,-0.0012119437661223507,0.0021243769581280585,0.004552474599330827,0.002400289397096306,-0.0030181992096381697,0.0022106760199501457,0.0012770031386668457,-0.0011939668474218964,-0.0029441738222671663,0.0025650705643274524,0.0035531673768303155,0.0003599124331017543,0.0006029156519940288,0.001961182782777752,-0.0007008627738167361,-0.0006320907185414216,-0.0012992166230242819,0.0005407313967237189,-0.00598598446709426,-0.007987912730074908,-0.0010858611482280475,-0.00121406051627622,-0.00543886684560513,0.00044682424004350603,-0.0016546954952566307,0.0009921212051146437,-0.002484109699282943,-0.00018631035983938542,-0.006302629054566917,-0.002303670415581611,0.0005177676746113144,-0.001872352927465445,-0.0012759504478074028,0.0026148241351195917,-0.0009379656789046318,0.0069327310451276596,0.0015225457931040242,0.0013340299386631416,-0.0016746402963706112,-0.00035451104551176407,-0.005097293381071721,-0.0027718271497823473,-0.009695957342568971,0.00021549733296733503,-0.0009498675072142234,0.004838473224047182,0.006310955409175851,-0.0008772394942192344,-0.0038739284658261507,-0.0006053902351562384,0.0036332956754887365,0.0051242391582836675,-0.0029619506464930636,-0.004847803622087866,0.00478382697644006,-0.0034908179866182825,-0.001628174834243802,0.0026541738691275786,0.000992324965222352,-0.003611482721557247,0.004947574806317498,0.004805487229854292,-0.005866228766105724,0.006515736701458477
symptom_jaundice_symptom,0.00549324761137111,-0.0001102719025213825,-0.0006077526567154916,-7.607894307950538e-05,-0.002960562496531189,0.001647250795096753,0.0035580948590289156,0.00302555305953723,0.011314711620746426,-8.358671930812379e-06,0.0031897952209044744,0.0013148247631984801,0.002221597777038491,0.0018944665751132188,-0.001562070316865114,0.0014674249507517563,-0.002881136602210007,-0.0007616558798783697,-0.005348393040054273,-0.0003051271937571253,-0.003541039118171579,-0.0015233319628242127,-0.0006215239244807128,-0.003457414714024502,0.0002167621377724946,-0.0004550718300240017,1.682712173006231e-05,-0.00023216923717863172,-0.003929297396965399,-0.0007195364845893364,0.0003185176491898248,0.003793565381741755,-0.0013514103564982232,-0.0026276531607760203,0.0013360997532372984,0.003150322394547653,-1.0429224815089448e-05,0.00039744995596411285,0.004885333711750385,-0.0008200342949406683,0.0014918974687023016,-0.0009353279338623629,0.0006385055385181587,-0.000932842969424161,0.0026006164311571517,0.0022989415342184075,-0.003709476800749385,0.0014627021145125737,-0.001172070827199394,-0.00037504757533414056,0.003734318528711892,0.003798185165811021,0.0004449392415219463,0.4889146499690137,0.48539029220863145,0.48844806838932975,0.4906309958997342,0.4864105253459846,0.4893159502923255,0.49371773346457737,0.4867170866347427,0.48622788839096753,0.48679410451002264,1.0,0.4871881222493772,0.4810788523363583,0.4892396210039623,0.4847938445533566,0.48532279134290224,0.4847730893003297,0.48787887509237654,0.0060935404846196905,0.004830570989010556,0.003240222113026333,0.004691146211835338,0.004870953647581546,0.005576326496865638,0.0045116263726554025,0.0056760378427296605,0.004967363682975044,0.0067857258450995574,0.007113737360159701,0.000190609726475203,0.004207409947880315,0.00364441545403512,0.006198954376197224,0.003603547747221834,0.00506208179020272,0.005306902963637266,0.004494184230888199,0.0015968605984634436,0.00225310329549538,0.004955097080260318,0.002260033432965929,0.001930760770215598,0.0022774695406659992,0.0023265159394421377,-0.0021359402605850503,0.0011499855297561435,0.0020357761435025987,0.0033955866965577723,0.001390708569943355,-0.0002680519300753924,-0.0041870811429395504,0.0008768529505385989,-0.0007288534528793367,0.0010288051669338596,-0.000810767311236867,0.0035390004447531237,0.0025518954228091776,0.002350146834381099,0.003186343971649157,0.0024630315355113615,0.0013893523545968115,-0.0015381547870604473,0.0016784231188505683,0.0016902127628511685,-8.302367119358165e-05,0.0015154595844985178,0.005670164941037017,-0.0011209037184694258,0.004591832455428052,0.0017347385171652243,0.008084400765697315,-0.0008805467307618628,0.005342006514731288,0.0005688471805383702,0.0020848665664081984,0.0013416383500119743,0.0038667518783002154,0.0072187552803481,0.0033100654289402245,0.0038442241034340723,0.0021623657014565745,0.0011158979328249761,0.0017206621142747613,0.0019068149140250307,0.003019111121995916,-0.0026157925232434534,-0.0008619108897208801,0.0004172943352443261,0.0001997762302194169,-0.006084517060473523,-0.0007100040940458167,-0.0016874476784897552,0.00686712089818465,0.0004332543902643629,-0.0012394054647371683,-0.007019772570295914,-0.001882155618694283,-0.0008352901847708205,0.001162382890130435,-0.010413076512339216,-0.0004760883072715478,0.0022371486627681884,0.007170465217436059,-0.0023405875439538658,0.005920429700995498,0.0006876594680408542,0.004168949791812135,0.0016189081017114679,0.005882150368976546,-0.0015452209544332843,0.0009154826389257787,0.005471754556361148,-0.005979062335156167,-0.0034662281913944845,0.0019029663289813162,-0.000494896711117655,-0.0048480074474675445,-0.0004408617022769956,0.003338930644423075,-0.006536713037840555,0.003962073595983142
symptom_dysphagia,0.002361043088453061,-0.0032872649257680185,-0.003925896508161877,-0.001774017948314117,-0.004921873721764462,-0.0006719147866182211,-0.0011933037744831444,0.002476614029281575,0.00966886301728025,-0.00387170653758343,-0.0029911260940131907,0.0007021403005731361,0.0009159579582705202,-0.001899873495615182,-0.006370671777380499,-0.004635914310459194,0.0007234796656443011,0.0024929226748532708,-0.0016960706949943464,0.002292231905467963,-0.0021451954475105294,0.0019843240472977824,0.004665873050254744,0.0029952075604045563,0.005904885792447169,0.0027130026580808177,0.002036451033204045,-0.0030788336551069123,-0.000537753802426156,0.0028174731367034537,0.002557179001710112,0.0021350597752322507,-0.004187431458533679,-0.0045056543615329325,-0.00421022275513616,-0.0006484439990095393,0.0009563718126777193,-0.0006791401639806945,0.006557075615127636,-0.003144793000756803,-0.002297859586636305,0.0016336946092413488,-0.003953363194365365,0.0011923698885125196,-0.0004612460746185841,-0.0017834699674426678,-0.000967404191493152,-0.002254045713640339,-0.004378043174337404,-0.0038709051242520314,-0.0004997941454591142,0.002348929150698642,0.0004579893923124724,0.4813181826688632,0.481354569924705,0.48330349231791014,0.4842908731043486,0.4829334155940104,0.4889996137804021,0.48596948032417353,0.4843145704300954,0.4796888944195524,0.47927415384773087,0.4871881222493772,1.0,0.47693691278563366,0.48486054212587537,0.47958466194493987,0.4833831956909801,0.480823123715361,0.4809111708512833,0.00821363259956135,0.007898688557183887,0.005558380562005837,0.008091844363417245,0.006129146470596231,0.005252933623043878,0.00820847040818977,0.006567289803654424,0.008904407018039935,0.010872099281353237,0.008480823449425785,0.0032644870022540237,0.009237978138266463,0.007864493064644637,0.007135803923880554,0.003951837632940476,0.008315675065787788,0.00435125942133542,0.00574688206230751,-0.002489477047493982,-0.004028210720317133,-0.0011141568256344437,-0.0027073811133429323,-0.004715107996734207,-0.0056150104543324815,-0.0006770721916476448,-0.0038086011261235565,-0.0024202211897746237,0.0026106057437567075,-0.0018665595964898443,-0.0012492396081573316,0.0009846890605025582,-0.004471171289656564,-0.002416262568154662,0.0013126720278158236,-0.0035870656310831675,0.0013170921407593137,0.003210010776273213,0.0004132094333424981,0.0010405098270180992,-0.0005269370234246737,0.0018931385300035152,0.0010638070819399045,-0.00012131620408326818,0.0022004846808011424,0.0005752460098118296,-0.003078926055971783,-0.005089356513353043,0.0033521071126750867,1.8421633909644003e-05,0.0027939933703737987,-0.0003924468090288123,0.003690289967274014,-0.0009449612768563113,0.004198019104139816,0.003645194348797567,0.003606650647334899,0.0024460814432909856,0.005235691835709547,0.0070016797827025445,0.00559384021794464,0.004769859252911491,0.004018438567929064,0.0053075319370099305,0.003983196776795967,-0.000570052632443342,0.00018258748628865545,-0.006581815442472188,-0.0025463044774119837,-0.00042970063504516254,0.004331919221579572,-0.0028991951315170718,0.0055992645268069866,0.0007174858154794535,0.0009457312338580329,-0.0007129377929593206,-0.0045165936713250435,0.0008293988355344037,0.0015302560193856173,-0.00028649451717215236,0.00030030133810175704,-0.004337848345840659,0.002768149834817431,-0.002942794072018252,-0.001049445947845773,-0.0003129719251666852,0.0029709208228624034,0.0011575310050725301,0.002838990876537342,-0.0023891290392184157,0.0048753265954561914,0.0020277244189996716,0.002664411186387676,0.011502371101355291,-0.0037991280422968714,-0.0018388560823085261,-0.0008793090327390752,-0.0020648548574445282,-0.006183868784005613,0.0036857717271783653,0.001102303544064338,-0.004499723938536885,0.005435851428952804
symptom_early_satiety,0.0041133462979936865,0.003607403641173979,0.00024970012246182345,0.0009210966080349448,-0.0023753787418403626,-0.0007462501855592346,-0.0010318306097153048,0.003003537360262485,0.009388019470918255,-0.0015316243793297788,-1.1820670665077852e-05,-0.005244059034331205,0.0013232968783495511,0.001319412979881952,0.0014732521047169298,-0.003055068596520547,0.0028554141752679093,-0.00048258759992758366,-0.0016271099737970556,0.0055069773600267,0.0021966168565514216,0.0012007475454560794,9.830266512432917e-05,0.0012715631741866814,0.0036605583187225665,0.0027719991983494044,0.004607953146395634,0.00020230765784612454,0.0010158163342455337,0.002579092487118959,0.003115834137557987,-0.0011570955668202714,-0.00516679719857617,-0.006966700743288217,-0.0013187897925565919,-0.004912221439964279,-0.0008922206248517544,-0.0028416662989089792,0.0032838661418982365,-0.0014070623735804259,-0.00034753344503367367,0.00046024441064862237,-0.007534074463094774,-0.0032752523271566843,-0.007318554467910033,-0.004773106343548034,-0.0021006877412397453,0.0016087032709270204,0.001031181492350873,-0.004777799576822264,-0.0011949625565346256,0.0007806869825086676,-0.0063093457869883626,0.48038491696101504,0.4760657211277393,0.4784308789869361,0.47998029092892947,0.4757455930651325,0.47775322596475245,0.4812750567143936,0.4738644248515011,0.4764211370042645,0.48098529355639563,0.4810788523363583,0.47693691278563366,1.0,0.48155092105996,0.47724998992590617,0.4751454280748342,0.4742077691441948,0.476585803787721,0.0024421256568676855,0.0035037464098315093,0.00409745014366774,0.005686937573002407,0.004556031657164112,0.007866259091896694,0.007415159330311058,0.0037354752799492047,0.0045334564095805075,0.004640523313485518,0.006333717776886645,0.000429652430244776,0.006362377399652602,0.0025918652968851936,0.004545682205678086,0.0031644975747921206,0.006265503295530508,0.004194139651321381,0.0042502058703089715,-0.0019210957316407365,0.0024002551781268366,-0.00019764229884474487,-0.0007289762982780111,-0.004236954670571215,-0.004634557865773,-0.0007993948092997134,-0.0017647197092491931,-0.0011286690151587851,-0.0020522737564722016,0.005239826547104545,0.0008203535232961153,-0.005245631383128541,-0.0024536208449551216,0.00037784302914519737,-0.00442042183482033,-0.005424410966796046,-0.00024339603368620319,0.002135130879991866,0.005127199229436389,0.0033463342049379593,-0.00045988199595220177,0.0017179506608007305,-0.0025013334713621274,0.0016109201879550865,-0.0015976056268978802,-0.00011337463691240635,-0.005435376089906291,-0.0060560705735040275,-0.00021792037181395286,-0.001989481054726471,0.00017495400883956868,-0.002104403991881733,0.004111828059358958,-0.003479313985399245,0.0014163683834179245,0.0035127207778874524,0.0036559460847533907,0.005515532325310344,0.001544628613165821,0.004727783094742679,0.006027753129821051,0.0006697353160390536,0.0021957828764058297,0.0039833302317995875,0.004236360424500181,-0.001921953242410547,0.0037822458749175777,-0.0018862235066681948,0.0015103368874598627,-0.002097971562191149,-0.0007781137536797286,-0.0026258482024370615,-0.000631656447498844,-0.00028767456999092194,0.004604976761996428,-0.0005284493151104486,-0.0036060859054243125,-0.0016752727819660772,-0.0025150817026284526,-0.004373286807268807,0.0005876442594540998,0.00034394128229599865,0.0025320240910786966,0.003459976981705454,0.003222137593656283,-0.0001354435026296138,-0.0008785012278403477,-0.005206755625460846,-0.0006070007441688093,0.00044932535535235034,0.0009059054893469634,-0.0022123342626766632,0.0036220895489289164,0.0024447937933876744,-0.004089002381474988,-0.0060519191629450075,0.0013572713892439046,0.0002939135657193459,-0.0007946015068198412,0.006012205929274723,0.0027546177521413774,-0.004740332581387394,0.0023998451864963104
symptom_hematemesis,0.001109274271993081,-0.0026636671295752843,-0.004516985563734404,-0.004864449708981615,-0.004624160174576829,0.0009358512217804207,-8.165683038704898e-05,0.001836597637012418,0.004948040622094413,-0.003848424586973404,-0.0032836666393357564,-0.001505615576296431,-0.0018142664287551275,-0.001952117031089283,-0.0015274381876270626,-0.003668063146129904,-0.0012725272656182987,-0.0015201947638853657,-0.00017050660155710874,0.0005149535521945293,-0.001357219650393085,-0.00435351670455984,-1.7821013835711257e-05,0.001086049379479885,0.0027613303594877067,0.001440236973849272,0.00047818088287620637,-0.003490383651733426,0.000331522319668286,-0.0008318123637097713,0.0022860121081946217,0.001834516379487461,-0.00014875952741359827,0.0029781412216305305,0.002174767582012808,-0.0009221842381534666,-5.364642057385756e-05,-0.002656886743852947,0.006965903186987958,-0.0005699855258872712,0.0015220335062886654,0.002025475423240051,-0.0072676694664463425,0.0023188881336366155,6.22148395963042e-05,0.0018143714653460043,-0.002798358557324019,0.0031813571565174874,0.0029558047609539472,-0.0010045878774531546,0.0014869267879296152,0.0047101703097234705,0.00047510184926830706,0.48419616051500325,0.48362489737042463,0.485129446932964,0.4832389617434626,0.48072782694314203,0.4866290957320151,0.4857452639521622,0.4797391145537544,0.4803831564396275,0.48094411585794555,0.4892396210039623,0.48486054212587537,0.48155092105996,1.0,0.4816906909396891,0.48607311104128365,0.48244032338548465,0.4840142568671115,0.003876989772177504,0.0055469201370365595,0.005659205224879811,0.004317134168383542,0.008255480588483641,0.006088741423591442,0.0074816085936953,0.008778602526595807,0.008474340731432939,0.008593398497449998,0.008648941493508729,0.003903888156882938,0.006966528699808522,0.011445690831925976,0.00841008328310086,0.005886652470691555,0.0057774338976366016,0.0077234432131016665,0.006304944556083496,-0.0032096698750335518,0.001842804284546949,0.003294562500640742,0.0015593305729440417,5.3806765246207946e-05,0.0008390595528487877,0.0022839868096313867,-0.0007891678641087095,-0.0010215781561318969,0.0022123793068653534,0.00042868861971393304,0.004223765930558697,0.0051414680609031555,-0.0012471595446642359,0.003637859738065488,0.004801136436415063,0.0014673188003393209,0.0033864787640263245,0.009111894760874435,0.0033235534728904515,0.0036200239021958553,0.004205596403228934,0.008373091442437594,0.002490213446338073,0.005688159764047248,0.005062613894741467,0.005155601432708326,0.00019918746509502776,-0.006372686997143468,0.005002007839099512,0.000542378767675123,0.0005510916670591486,0.0014976540245180761,0.0016295066813628895,-0.002583889112350653,-0.005005014354304117,-0.002157032543670152,-2.1054979453111734e-05,-0.002310298734842407,0.001530779194669263,0.0028821837669699,-1.770856409416355e-05,-0.0011718638003735684,-0.0004121996173063418,0.0006102491542635265,0.007394664416239291,0.0007841689477004775,0.0030218876119151306,-0.001982843166232996,-0.002383644563425806,-0.0021908815746832086,-0.0003441731893066555,-0.0054087262966552125,-0.003138617829371198,-0.0016848067230315507,0.005707012015276457,-0.0016123808415819335,-0.0006200886805174577,-0.004369416664853526,-0.004036246878227552,-0.005177840559581548,0.002507545028588146,-0.008530463285863356,0.0012631548029283439,0.004993890784635107,0.0063664171999435505,0.0008793881609022316,-0.0016570828280598794,0.0013552301923229722,0.003084892542960672,0.004164349462404677,0.0025152114607400293,0.0022057288464153715,-0.0029863207311193276,0.0023613013466572833,-0.001208538923153736,-0.0016976194959012207,0.0012588783571016466,-0.0011885844532310203,0.0024729379221915355,0.002753158132969452,-6.961525974999729e-05,-0.007096752933257807,0.0056080425443066515
symptom_melena,0.001771045004344746,-0.0016526132412454147,-0.0047326142266998035,-0.005421387265480536,-0.005588583608359515,-0.00023888472347718972,-0.00288306337638825,-0.001985154648650408,0.004251160908566703,-0.002095733668686747,-5.277282581929822e-05,-0.002947090816108697,0.0013517628261892883,-0.0029152133782377704,-0.0050742224354455075,-0.007349750675622351,-0.0033124278660040885,-0.0019816760845408443,-0.0029971438545223564,0.0002644549647900247,-0.0011029133883044958,0.002472213616473638,-0.0010584384841375843,-0.0031027539481372915,0.0019375158638584677,-0.0008886138017354613,0.0018734289620814862,-0.0019558886423406982,-0.0004922195697890275,0.0022190139162801244,0.0013892340613937874,0.004869486826941502,0.002202854663068195,-0.0005321580970971531,0.0015998401103897838,-0.0012792937433969158,0.003254443892234306,0.0008067166063939839,0.004479259447185152,-0.002171592078217305,0.004100486530587941,-0.0012622621002043556,-0.0007130660567221743,0.0038597521224387906,0.0016133091095818636,0.0012400475224992689,-0.0016094628840693187,0.0024570597221115448,0.0028125204777951643,-0.001653801979826652,0.003260840084472719,0.0033983219623257076,0.0012903479120355392,0.48459043849630445,0.4852640278737608,0.4821589813211239,0.48356735320059363,0.4772733853243084,0.4809920787907676,0.48706282550980873,0.48084611773091157,0.4831670382948391,0.48401306251958764,0.4847938445533566,0.47958466194493987,0.47724998992590617,0.4816906909396891,1.0,0.4841508703309549,0.48696729882006906,0.4828622815969778,0.003865725266225426,0.009210097715746046,0.007072186833289957,0.00396159102483389,0.006059892821133659,0.007986494109203384,0.0036493741429537603,0.007535295577449022,0.007977823797498146,0.006328607828696748,0.0071337179918981725,0.0008263120824103298,0.007765124677126368,0.0018268818876532587,0.004378166023388286,0.0019222541087212785,0.0059625006585007165,0.003487252824660328,0.003223565040529152,-0.0004891155558946376,0.0007529521348952572,0.0037468813322881285,0.0001009357889524958,-0.0056521698871123465,0.0014376435315425773,0.002647429817895031,-0.0019529038668983575,-0.004675461803485698,0.0030910320880600966,0.0010894435295585284,-0.0011668691190849828,-0.0011724481670585798,-0.0005915843613207758,0.0025398026374638546,0.001704022580918744,-0.0017777584678833425,0.006876630132159801,0.009249376654565091,0.0024746604145875237,0.002107745578510552,0.0007063251583075542,-0.00034813649643094,-0.001170582179703292,-0.0004570390986309503,0.0019951484927989388,0.005271222625030186,-0.0020895004784494318,-0.0056459864210294496,0.003483577328959883,0.0028222410901166083,0.003615832076806969,0.003191780308463202,0.0007184490493585749,0.0015983015611877617,0.0005722636131189145,0.002444271490969368,0.0019661031420006043,-6.962980224724721e-05,0.0026805680930923385,0.006031658798632306,0.004029593614454917,0.0014373098261562702,0.0031974498608632385,0.002599475694167528,0.0073359774514402286,-0.0004163852165564195,-0.002326047860929402,-0.001418336086818613,-0.0039594889849163895,-0.0035578321081522766,0.00012563362935920477,-0.00613932180568569,-0.0007592659856120576,0.0034532402328228476,0.0033439463899015923,-0.001652102574347547,-0.004383719196061996,-0.004397295954344117,-0.00337312546005524,-0.003784421550026706,-0.0009107922988348179,-0.006711632765744731,0.0023455043500227838,-3.906170646388174e-05,0.0046968655667662534,-0.0013043733470922507,0.003791167513523686,0.00195485319256403,-0.0007982250665580768,0.00028372473326380564,0.0041460049422502865,-9.968446112066825e-05,0.008654617821493417,0.006970171692064912,-0.0012782866014418184,-0.004391558926371465,-0.0007463838459021075,-0.0019436834287829671,-0.0026660536902918088,-0.0004784353702328721,0.003958429113833153,-0.0032284708087256405,0.003088391650133266
symptom_weight_loss_unintentional,0.0011997656404128727,-0.0018661506545786886,0.0007448477319079615,-0.007470431637669877,-0.005741433133367205,-0.001967318012901554,-0.0026920578553348996,-0.0006500229960863701,0.003820376236968095,-0.0015743711011585754,-0.005366775158978551,-0.005337407672903668,-0.002341429857513436,-0.00217672760075475,-0.004411450016542606,-0.006811197564557621,-0.003368268540832193,-0.0005302986387981149,-0.004423658829982061,0.0014159777575081588,-0.003734629522452756,0.00032338166844764654,0.002647296002667528,-0.00016616582500377772,-0.0005559849042600364,-0.00402345518023013,-0.0005542323647267488,-0.00381057539266086,-0.00012650275845828588,-0.0019936493788198736,0.000537122485236693,0.001482588052152445,-0.00396216117914134,-0.002669987355077568,0.0007083359228211433,-0.0004980743748622405,0.0014728986780386591,-0.0008189112079627119,6.172467373696259e-05,-0.006280948506463204,-0.003315360909274893,-0.0003348854269938789,-0.0025529231686688817,-0.0011402656765546364,-0.004478903632326137,-0.0008957306190478439,-0.0025710889027146335,0.0011924241550907296,-0.0012369005493790641,-0.003353241561518018,-0.00027310445481326754,0.004112818302702298,0.001339812616290281,0.4840700018437356,0.48436892023668326,0.48500825521569296,0.4822863324149425,0.4830930044102492,0.4844739897663789,0.48634794882484095,0.48357049081042053,0.4815346162803388,0.4831535709017773,0.48532279134290224,0.4833831956909801,0.4751454280748342,0.48607311104128365,0.4841508703309549,1.0,0.4835732494717531,0.48351121396147984,0.0018819566563230848,0.004560762958188754,0.005210765755675121,0.002446571802612085,0.006057104926375129,0.007969125481130396,0.004323028920299344,0.004792786585540627,0.0050257215475562516,0.008007984058847022,0.009424727656492727,-0.0010886727444900477,0.010450106812508487,0.004731543493630909,0.0025150848769240996,0.006457644282222462,0.009594085917676057,0.002917862863297633,0.005129339143788939,-0.00021950019889124727,0.0057122903662162,0.006587670879887598,0.006186654981361398,0.0016535108140766225,-0.0009950258511255362,0.004053340821305873,-8.608581514594158e-05,-0.0017550384228987815,0.002757229175232679,0.0004680921949250848,-0.0003960357451571747,-0.0033605409947156245,-0.004931486844145153,-0.003209272253511481,-0.0038893030387805653,-0.0037199598181423435,0.002352032302114015,2.094891066508739e-05,0.00011508553416355519,0.004299613038759269,-0.0004948896878833887,-0.00014112749306906304,0.0008468194436399127,-0.00124527858116325,0.0014875294546356286,0.0002919090866661784,-0.0035317651751129364,-0.002627165302120179,0.00246606659741346,0.003349709908099331,-0.0013674506615662225,0.0032235340377506803,0.00487095055692014,-0.0007959201539855429,0.0007402802400793403,0.0008668854283912912,0.0007592513602906788,0.0010397697799836717,0.00618777100015568,0.002616947180992817,-0.00037315694406750286,-0.0022736735316701206,0.0007808566160068661,-0.0007355064907092882,0.008801514410307413,-0.002851749920679777,-0.0005080118819977217,-0.0015862970906758511,-0.0010536219056108379,-0.001112405606343559,0.00047344282747473383,-0.0042716905682736684,-0.001698258347546173,0.0006848187322785599,0.0032435846000406325,0.00130769587511512,-0.0033196465809283847,-0.0031481334608049047,-0.006381592488129084,-0.005368404927463935,-0.00040030203550328483,-0.0037447765557184856,0.0027305260876681844,-0.004626564476217344,0.0021406655017919196,-0.00247122028276818,-0.0011824887817094183,-0.0015257733584173492,-0.00045300280086113726,0.0020142275197158692,0.004008557308273937,-0.002485323340547674,0.001982192239171876,0.0006096734662354683,-0.003832775862555886,0.0007798455933650739,0.0016678269218161422,-0.0020941663489358426,-0.002851749920679775,-0.0016393372472793908,-0.0009692743180724899,-0.004535146421334581,0.007046293155814883
symptom_weight_gain_symptom,0.001996728709388022,6.627694259972657e-07,-0.004032943519442633,-0.0007165997863505511,-0.0035993356473467,5.5052064055791854e-05,0.002849188244970149,0.0021801784872885932,0.006926726437802532,0.0007784439123060681,0.0010545114883592761,-0.004217123635098261,0.002324090095434101,-0.0012624186821233326,-0.005665210432127978,-0.0012799745694889264,0.002694168889994117,0.00431979574769041,-0.00022154846732952676,0.008350440959809528,0.0014665125172830167,0.0027487285412656094,0.002148108874143311,0.002611775182677836,0.003073949044897508,0.002037306253355242,0.0025073764246169856,0.0031794904276500504,0.006803822079373437,0.002853147349519093,0.003098037666689457,-8.858945388273028e-05,-0.0020678935607170565,-0.0018029791366194823,3.2184289526406656e-05,-0.0012299253211762627,0.004770378643409697,-0.0013462570475614817,0.0026278441043918067,0.00036805300678877567,0.0008482290325961267,-0.000846809456556767,-0.003602408525735451,0.0003985784388320343,-0.001931116947614428,-0.0012833085693644752,0.00240145707204603,0.0010390537810058694,-0.005253341738709542,-0.002923272163190592,0.003530236965527005,0.004622367006891479,0.0022925714033377276,0.4864622633020357,0.4793816519987294,0.48206691402894375,0.4805984012141655,0.4809567586913008,0.4855298662761375,0.4847191278716508,0.4800502874246926,0.48454829551660883,0.4848334965904316,0.4847730893003297,0.480823123715361,0.4742077691441948,0.48244032338548465,0.48696729882006906,0.4835732494717531,1.0,0.4851494501653985,0.0019769486451198656,0.004190829073374673,0.004506968295820737,0.0022807594416630684,0.0016380348405015484,0.011281482515445463,0.0030549708690036535,0.0008799337075756512,0.0039179442179170555,0.00307856462687027,0.0028607079513635887,0.001050808945571833,0.004588117951533613,0.005796192626284904,0.0024294945631653108,-0.001734189175670097,0.005984671865262378,0.00017664576684269147,0.0036521872620192963,0.0027827127609907536,-0.00029860501529948126,0.0037958695231733557,0.004316134713210276,0.0023857054157177243,0.002220406288740293,0.0020429783513212486,0.0008016194577939883,-0.00022720827937229945,0.0019002979128239375,0.0034052200099713367,0.000563805979995105,-0.00026553194248759676,6.858353470370748e-05,0.00038238637522968827,-0.002136248332727862,0.0030946057881798363,0.0038696648359595924,0.0032904761148470135,0.0035490349288497727,0.004260489477095931,0.004511530624415585,0.0038726134817947673,0.0008109168665815092,-0.0017837981036635405,0.001632386974912828,0.0037925121366251743,-0.002884297230908518,-0.006181068577036806,0.007871986937415709,-0.0040961993699111954,0.001522445967782031,0.0012615755628096097,0.002252735157252205,0.0028733991279431,0.003271835974833324,-0.001194958663798991,0.003140608729660772,0.0037900399573375897,0.00271236174598792,0.003384027886980427,0.0032231915202140054,0.0007804504652510286,0.0011622112752747839,0.0030885728470729534,0.004922695790834444,0.0035417122499392735,0.002973331219893203,-0.003919907179331285,0.0006235721362961537,-0.0035411839759128495,0.0028806596613683197,-0.0034319830373987286,0.0008740898307997819,0.003471646315719227,0.0033545842261784894,0.0024507008189972256,-0.0019018231011348457,-0.004389749036356343,0.00023370784335027567,0.002019903337337424,0.001118439433043732,-0.008573984862625178,0.0012091178852854235,0.004384351288218815,0.0039062027401486096,0.0029943710379984434,0.0010540132814392947,-0.003343179327884669,0.003026214859604059,0.0028427238668691656,0.0016352947268823649,-0.004579913607803451,-0.0004303354720361589,0.007764265759034495,-0.004832909254796385,-0.003496903446713219,-8.243743703108834e-05,-0.0019277405355806368,-0.005459149811037878,-0.0004678231633840715,0.0012489332781393653,-0.0037714881746046154,0.005566945580080066
symptom_bitter_regurgitation,0.007771138583258183,0.00403873161243171,0.004132294728586448,0.0036330106899386187,-0.0002582191890556639,0.004252360320358002,0.004767690002663381,0.0038888830481048535,0.01243997677732032,0.002964066910709402,0.008484701488249698,0.0027926855943704184,0.007935998470039477,0.004202172420451491,0.003852725777725321,0.002206431229455353,0.0020008572762500827,0.004345350609666116,0.0001449250873094489,0.0032116459544450173,0.0019249607944993234,0.007320022873478892,0.0040103180137207265,0.002484017811413623,0.002531029278307934,0.0006305682501291796,0.006740555688256329,0.0012592601589627502,0.0010257378713664051,0.007386903902769629,0.0030477340079099703,0.0060489822424144865,-0.0002967755314059019,0.00048773657953809206,0.0030663305160723154,0.003166107643790621,0.002582483276039286,0.0014635916308846915,0.004599326399894919,-0.00012989888569972768,0.0018942118924176767,0.004862952958930739,0.0003171638838743003,0.0021565790110082772,-0.001905192519969759,0.006153109937317915,0.0008824082731612836,0.005303312976444781,0.0014014491222749293,0.0038929316985625217,0.002010413129770611,0.006616189760236809,0.0034723264820616783,0.484528433601565,0.48315336486761007,0.48210863054103825,0.48596512279889953,0.4863372737179292,0.487242035469616,0.48772052724220977,0.48164840378143364,0.48430226062528225,0.482072705741927,0.48787887509237654,0.4809111708512833,0.476585803787721,0.4840142568671115,0.4828622815969778,0.48351121396147984,0.4851494501653985,1.0,0.007864864968692787,0.006394178250604776,0.009079858576414307,0.007062554930367751,0.004761686903266034,0.009260710691668419,0.011534819914977493,0.004519840679142073,0.007060122169649875,0.004812133962141317,0.007247914910805993,0.0036636928803891054,0.0054245940212209,0.007446528771808493,0.007462009193613751,0.004554699558376147,0.006539676483706435,-0.0006784000035041165,0.006013850187209245,-0.0032014741936524644,-0.0029093527588167512,-0.0028513715103627916,-0.0026187101634810948,-0.00352461264062293,-0.003909303542821044,0.0005727991711393193,-0.005395597734198742,-0.005472491144847824,-0.0036437003971108097,-0.0006853652477862569,0.00021255705526809074,0.0023698422771267426,8.394322029816184e-05,0.0030219505512528587,-0.0016103051829866755,0.004637359244697165,0.005213916552311364,0.006738883833227385,0.0074249751562742924,0.003670608849192347,0.0009418069375943294,0.004353152002736089,0.00013704274675432836,0.004397851413850081,-0.00044916441971400015,0.0019599392994487834,-0.000313493545853457,-0.0024170235534503935,0.0007811988410322561,-0.0007405577871578377,0.0033265486103752438,0.003263269286505038,0.0070623206313279304,0.0002759947480631162,-0.0029661025668046336,-0.0030018384148556886,-0.0011966105882895886,-0.00237855619770967,-0.003067695182279097,0.0024081145419843786,-0.00392675058242198,-0.0035485627416532548,0.0006484840151830765,0.0006527871131008757,0.003950846221209582,-0.0022966848095483127,0.00541423488250558,-0.0028481536103731183,-0.0025771940722129384,-0.0024188925561013743,-0.0038961679720887384,0.00042191590863614454,0.0007203859321856506,0.001976654608493982,0.006714620954013748,-0.0017568799838767718,-0.0014815887857857776,-0.0018302100963938559,-0.00781896469683177,-0.003929248609594997,0.0022707562554118016,-0.006248865430527211,0.0004168362043778894,0.00030749691097324284,0.0029400328027458945,-0.001404986877255981,-0.0018743650119374597,0.0004572659534998248,0.004418183750452228,0.0001078072777779502,-0.00019375097523869055,0.0012466433025679652,-0.001266539195504235,0.005259301960719016,-0.005026449783798701,-0.00010467854037793267,-0.004785463331380541,-0.0014051190684036049,-0.003418866113356835,-0.0005818440005829747,0.005145919807395521,-0.0022966848095483166,0.004584010961474064
symptom_fatigue,-0.0016830157899041433,0.001808191985594536,0.001129048242724896,-0.0051737062707033835,-0.0007811121721494185,-0.0019469161154494236,-0.001046848817244137,0.003788110850288667,0.0009305193461928592,-0.0022784733723880462,-0.0003042616836746754,-0.0005925222138655279,-0.0046186880156225555,0.0031469807941682786,-0.0037996362891219927,-0.0013137079235410968,0.004146169430595758,-0.002626849081094104,0.0017977007926194431,0.0034498945776273186,0.004260396364918964,0.0019625157470012297,0.0055435895071439985,0.004899247503976134,0.00021946708231002882,0.0039880541263824015,0.0038613912700452553,0.001802549678505077,0.00409212647325387,0.001855132678808405,0.0029450461639681036,-0.0010079567562737732,0.004088936986954473,0.003780992305689242,0.0022661275557624605,-0.00017082580570037666,0.010875470589069574,0.005363348802652785,-0.0002286955303741018,0.0017758348995131083,-0.0015828879581907098,0.004691918389206971,-0.0019353553477026609,0.0022985254249494567,0.00553302481871863,0.005932350011722996,0.0007920883677613659,0.00209288902874868,0.00465848679306872,-0.0005771990575465129,0.003993575778905414,0.0013517145583174968,0.0021709617392153087,0.007660061481498599,0.0032648874499379733,0.0016837261418699888,1.3547410245536777e-05,0.002629132379287782,0.006274725284241616,0.0026856790695549675,0.0025682086831941993,0.0049236912236643605,0.0030742119933335247,0.0060935404846196905,0.00821363259956135,0.0024421256568676855,0.003876989772177504,0.003865725266225426,0.0018819566563230848,0.0019769486451198656,0.007864864968692787,1.0,0.5014072491096451,0.49948347518621333,0.4982827591783894,0.49988403351173244,0.4976566962103523,0.4964787520326856,0.4965847123914384,0.4996236580904811,0.4993201101697397,0.5004151421391906,0.49692471168048635,0.4981254553461148,0.5033592094493302,0.4993930546991908,0.49555803319568037,0.49743973074807984,0.5005336167270921,0.49636509939650764,0.00424954300953918,0.003716755422708797,-0.0014329519429293407,0.0029593637985088437,0.005847525833120501,0.0008988195167374364,0.004274137583078725,0.002768705004457381,0.0042665508076908144,-0.00016809016807642116,-0.0002757176143154668,0.0019002752268170847,0.002044177503829845,0.004414745639357252,0.006505248383609091,0.0035569835535934477,0.004583390684724402,0.0017960705677835481,0.006127183047849395,0.007521152925547872,-0.0006452962012624345,0.003072156200325068,-0.0012359409925605008,0.005054103976538987,-0.0012419103664777459,0.00391398977928168,-0.004340733346563443,-0.0030607675210438134,-0.002522250698626605,5.7768231053363996e-05,-0.0004986364082265706,-0.00477798955819966,0.004660244552092304,-0.004022384278040454,-0.0005804342771789838,-0.0022388586363906345,2.3896276235502022e-05,0.003297974682961944,-0.0005952189319277223,-0.0019062826451216879,0.000887017109618887,0.002155105711917174,0.0008538265257368861,0.005406707664839286,-0.0013865468240602046,0.003936065182475889,-1.5306964537547463e-05,0.00023588510331028805,0.0026531983266492106,-0.004844479226521602,-0.002946669409793633,-0.0017606301803944422,-0.0040067382385735985,-0.007094775662661984,6.658327565922781e-05,-0.0012695761869960607,9.024879736812965e-05,-0.0010131592827486897,-0.003986932428700229,0.0011719306987859439,-0.0005765113559967287,-0.0015476590246266452,0.004768562889859529,0.0011258961706824837,0.0018465809279948414,-0.006475563094934258,0.003760790389463383,0.00043425505212013875,0.0012102912505148617,0.008953647992577281,0.001289538809840488,-0.0024453547069508545,-0.00039900020616106646,0.00069940162671399,0.008115774005315395,-0.0028808554344992637,0.007117833767789196,0.0028939114156396467,0.0009513000757128651,0.0038165319234871493,0.002434407199558934,0.003908271377535301,-0.0005627125199697067,0.0006015198904433825
symptom_fever,-0.0021757021632137154,-0.0013971309740059583,-0.00029034711264988984,-0.0024967275451830365,4.4255100003451994e-05,-0.00573937400546849,-0.0037203229783221254,-0.001465048817507566,-0.0008844350708011607,-0.0036956130665691156,-0.005546240100839711,-0.001812704158477854,-0.005376569704630372,0.001330314253227845,-0.004423206132864821,-0.006498859755254254,-0.0014191846646051537,-0.0012853097309933365,0.001385131790775374,0.0006718159220289785,0.0023875372417394938,-0.0018552254653728922,0.0036696653326188182,0.0017035232714640366,-0.001580614385017541,0.00030411278735145746,0.0008746023610393367,-0.0028483240243054445,-0.0015423206115254967,-0.0007830864887647025,0.00030664762923068763,0.0006296219120059622,-0.0026979491892922844,0.0009096570428496727,-3.4797540113572234e-05,-0.0028953641185848196,0.0057896457786240545,0.0027752001626301284,0.0013163342164097815,0.0011863050170990391,-0.002810155128296637,-0.0001008543408222115,-0.004090189129186966,-0.0024904576528083787,0.0017329816532321047,-0.00015794098703687597,-0.004504107061673329,0.0006488250737904657,0.0021448742952859057,-0.002233492261087501,-0.0019493545337226255,0.0005511578285155238,0.0007264564540775783,0.006941062174419631,0.003086963181746402,0.0010384733987562104,0.002849681659175515,0.010470960842901732,0.003852538068747416,0.004231781449234705,0.006500129588237497,0.004412186462563031,0.0046815108991502515,0.004830570989010556,0.007898688557183887,0.0035037464098315093,0.0055469201370365595,0.009210097715746046,0.004560762958188754,0.004190829073374673,0.006394178250604776,0.5014072491096451,1.0,0.5057741756202198,0.49994034520452174,0.5024197417147328,0.5019766338394229,0.4999378913295475,0.5001681575243296,0.5022702239681179,0.49965613012041077,0.49856386583618845,0.5004371264470413,0.5008414694132602,0.5067347775764669,0.5007122528576387,0.4982778678276762,0.49651474670972545,0.4975563101850434,0.5022188242987445,0.004726014240147331,0.0024141575881529895,0.0008404459050440533,0.004141767275806151,0.001905700825700116,0.0004546289355325248,0.0035358297632123335,-0.0019465307011006263,0.00396181290442757,-0.0004040629389988825,0.00019855976789249024,0.001029752673532496,-0.001964401983685047,0.0011990399349865054,0.004585786135055095,-0.0012008423047464565,0.003952526264973565,-0.002718748150316405,0.0034041552282003166,0.0039882719696203205,-0.0008665141389790085,2.860172881785003e-05,-0.0038744227964529563,0.002895572533842486,-0.005085096879501134,0.002892350294297058,-0.0006745443166802788,-0.0013966861068716275,0.0013072983518834986,-0.0009602746697384358,-0.0006780727866791688,-0.005204263942065301,-0.001929657672161162,-0.0004209563222401788,0.0045264367336240825,0.004335992981916639,0.0012673448031924796,0.0055657241316790515,-0.0009096424691936154,0.003109813866249783,-0.0019599772488652447,0.0022027541393701217,0.002762470928604476,0.00538348934849872,0.0005167792311884304,-0.0008383061647323902,-0.0011776985027438334,-0.0011066665143859538,-0.0035341096241296847,0.0002917991839037971,-0.00046639917693409313,0.00029708974036875404,-0.0020978316619726417,-5.097008704029468e-05,-0.006316107665869643,0.000956327068582674,0.002042105298319425,-0.00047576579287662314,-0.0027258111679730372,-0.0037718855847273676,-0.0006291974797589195,-0.0009515674570217664,0.0010496076519497537,0.002745658849836091,0.0012401751331802932,-0.0018163358119414647,-0.005659996730536549,0.0010477397405038566,0.0011515355446300927,0.003592732051690315,-0.0006249731597520186,-0.0016707036782258478,-0.0019070550397364808,-0.0037867011933506904,0.005035502548817241,-0.005259790193703367,0.006210679558470247,0.0003179585704832902,-0.0011341708704551267,0.005933325136596939,-0.0027736562368005624,0.0031860491391337057,-0.0011776985027438203,-0.0010428970670728372
symptom_chills,-0.0025176835874553575,-0.0014059199990837919,0.0011496735114873114,-0.0007948287040397269,0.0018763020505060998,-0.004171937481231929,-0.003002443233043834,-0.00022293919938115182,-0.004001855109958827,-0.005224931924228793,-0.0008213546222688538,-0.002815121474001911,-0.003941022604761661,-0.0029785811224546602,-0.0033119673745328074,-0.005251388734605278,-0.00014716382032600264,-0.005308137213979746,0.0008415272561057978,-0.0024440427302085195,0.0015689948874699614,-0.0014231447912752039,-0.0017369868824267899,-0.001480922162322128,-0.004348412991865876,-0.0035074227797483254,-0.004954613375236262,-0.0031802527040891734,-0.002289489972796119,-0.004526543415999363,0.0006030731868239275,-0.0005955520538081316,-0.004563241343935673,0.001107755821402837,-0.004900817441539578,-0.0036932683281113675,0.0018529451274146248,-0.0014476752513280019,-0.0007646475975143839,-0.00666123655166673,-0.004747229708914887,-0.002323516861537024,-0.00274422799843931,-0.004995527809400243,-0.0027724792077632133,-0.003453807429562026,-0.005655723583433361,-0.0021459474584361606,-0.0017127434656226952,-0.0053092045203077505,0.0006789004759018487,-0.0042427604540235175,-0.00021554346702809418,0.005417410818826904,0.004007005392998031,0.003131863052946559,-0.0005120050310467485,0.005820563207872608,-0.00032746305473321634,0.0029842766992918914,0.004636110487283554,0.003980874526826787,0.0016590355970715275,0.003240222113026333,0.005558380562005837,0.00409745014366774,0.005659205224879811,0.007072186833289957,0.005210765755675121,0.004506968295820737,0.009079858576414307,0.49948347518621333,0.5057741756202198,1.0,0.4980830628587566,0.5003634336594536,0.5013784388786292,0.4986119925984141,0.49519956053639375,0.5006755968103609,0.49826307544947496,0.4984963468988592,0.5021519123900037,0.499049665661888,0.5032853201228026,0.4985894624736909,0.49979616883952505,0.4968401346250641,0.4978146741953299,0.500361467627972,0.00036508605483054726,0.002826265967606832,-0.0038120668593634227,0.00390554641055168,0.0059493002292817536,-0.0007002461604246388,0.0015966541439084085,0.0034330734090104323,0.003232035837909965,-0.001205200784734166,0.00017782889504493703,0.002065945579921991,0.002137422679116865,0.0024967570241769127,0.004662206604334737,0.003747028919724845,0.002821531050645618,4.4854473301220625e-05,0.0005850162996413132,0.002615731859077153,-0.0024777354143796196,0.0017160983601383283,-0.0012171143068767968,0.005140500945236053,0.0006222403934903326,0.007786971797562102,0.0010386628411536052,-0.0006822578929284376,0.003685911114961134,0.00085149536016514,0.0086701266831165,0.002572362843249075,0.003352060160552859,0.004155305211695876,0.006497607595498044,-0.0035498304199111617,-0.0029198972373412763,-0.001427099498870602,-0.00041115426019030105,-0.0007740253109656892,-0.004809364403183552,-0.0008659092135678869,0.0008034113899281542,0.0017864249257014706,0.0004861458151524357,0.0038410198818864187,-0.0028776220455730295,-0.0037242909190624493,-0.007258214166449802,-0.008632850501963881,0.0001153890866176884,-0.00029697546087518935,0.0017763867367836359,0.0014805547601171461,-0.0025728721236422405,0.002054607411658524,-0.0019689014743916934,0.00066645226738663,-0.0027497919711008435,-0.0017228445322703264,-0.0013791825815370577,-0.004261045220286019,-0.0014400546692366115,-0.0006872465609782373,0.002246782331232753,-0.0026406732868525253,-0.0015209760023117878,-0.0030176674327584817,0.008847434139904667,0.005111477248163153,-0.0006783400540063653,0.0015616601340120453,0.002416936208564533,0.003114574374421636,0.0004539722213040683,-0.0024200270612446235,0.00445230968456783,0.0002649129348823296,0.00287387187544934,0.005322044846918546,-0.0028039215321931602,-0.001503766038236602,-0.0012376886670747071,0.001310451532581879
symptom_night_sweats,0.002712992484462087,0.005619850473438395,0.004532597887165722,-0.0028902398902506594,0.0008362017923245144,-0.0014555426911015755,0.0019029341183974026,0.00428170414178234,-0.002597126417416556,-0.004153038667098919,-0.0008062752390840446,0.0024814065348729743,-0.00418918950425305,0.0019301647575110355,-0.0048803456595121,0.0010400075799428597,0.004123745683206613,8.461736334520931e-05,0.006834223054649171,0.0069101617838992135,0.0013839714808522644,0.004157975520596884,0.005093715579956447,0.0034808245039114486,0.0020212963170100984,0.004731238471911629,0.00550764622101528,0.0021906415631287525,0.006157602508414965,0.003581949924989063,0.006197588600918692,0.00029088645832577265,-0.005674374957107875,0.0019187140172127533,-0.004944304939092977,-0.004519629095316229,0.0033046752590852554,0.0016463002678760098,-0.0027994105016342,-0.004284638574554791,-0.010138075296846544,-0.0030076724980651324,-0.006569671715255511,-0.0006313485514707642,-0.0011771444061351283,-0.003925715860734989,-0.0033461882234705124,-0.0016193684071352118,-0.003746215350616202,-0.0038581865662839507,-0.0015765073689196908,-0.005856119743778808,-0.0013275165938600464,0.008706895964565633,0.004162457712539045,0.001584626545024364,0.002849755337312387,0.004482405669877392,0.002419933338710905,0.0015017231874331026,0.005407565018818487,0.008567578277954107,0.004749356386739784,0.004691146211835338,0.008091844363417245,0.005686937573002407,0.004317134168383542,0.00396159102483389,0.002446571802612085,0.0022807594416630684,0.007062554930367751,0.4982827591783894,0.49994034520452174,0.4980830628587566,1.0,0.4984965361802034,0.4973269034082224,0.49396361356677004,0.4962505177586089,0.49908019873310866,0.49732770118712644,0.5016007483033472,0.496784923800372,0.49831355815643075,0.5018211564239158,0.49871271180152554,0.496545694736293,0.49194123265393014,0.49033912446129346,0.4971027177023977,0.004377327572881262,0.003352587142546095,-0.003070412759719821,-0.0002562692725247808,0.0027711141348217448,0.0003968074493399109,0.004671149278421661,0.003104708275140684,0.004114470115580793,0.00038367395921124804,0.00410901273428687,-0.0023011572078635947,0.004192403942128996,0.001166450380637206,0.0063163541944142145,-0.0010680095188386283,0.001660814530260518,-0.00452904658891281,0.0025587177457381044,0.001370945449175616,-0.0023526957056823387,-0.00483664887993436,-0.003507011907299452,-0.0008426339986491691,-0.004558310443225494,0.006748137343383661,0.0024244797614577287,-0.00021436653944074868,0.00031092667271225395,6.141877946507011e-05,0.002517739393824711,-0.0006529329978399548,0.002643271105573097,0.004120819601781299,0.005456880436317164,-0.0027759196937041613,-0.0009550304640439743,0.0008262844478854422,-0.0038764951080058362,-0.002444497080979696,-0.002842325442765068,0.002425984499918278,0.0019498072549242458,0.0017454116025850182,-0.0019252394178833029,-9.624533535313287e-05,-0.0006955671424193496,-0.002444738412276007,-0.00787392601642856,-0.004196192144575024,-0.001156174766686109,0.003948964545419193,-0.003458711719115489,0.0030508875131203712,-0.002576685188517958,0.0054369784360383715,-0.001971306029879931,0.00126091161809546,-0.002751589462546016,-0.0031223282029498,0.0007268942106634666,-0.0023092382161469084,-0.0008354964591942519,-0.0006916444818266132,0.0017072729082558398,-0.007342542889571751,0.003685382907650173,-0.0003446124396193173,-0.0008414436177525225,0.0019386442616703367,-6.5098793288877e-05,-0.0008951986660919733,-0.0004986634840587417,0.0031104830520495615,0.0027177220598640357,-0.0006880765936134825,0.012169275830646618,0.0077986514622372044,0.0015179889816060498,0.003130756862569518,-0.0007395792819629009,-0.004157402523645552,0.0003976682875774235,-0.0002887998616912788
symptom_unintentional_weight_loss,-0.003679572807958765,0.0005336948323613783,-0.0024537701342244736,-0.0024045876743955235,-0.0009150699597660744,-0.0025375193746810694,-0.003846072568308917,-0.0038286874528018614,-0.001075857652849199,-0.0026857813554744163,-0.0053128608566736304,0.000461181046011254,-0.0013803886956204137,-0.0003130138752719107,-0.0034807048369506857,-0.005437003799984467,0.0016448774740340083,-0.001935587605956122,-0.00019618570883781744,0.0006668733108060418,0.001892821616093353,0.0018450255140955371,0.002576480558479283,0.0010123208861754526,-0.004262442724979631,-0.0009581396311367348,-0.00038252264632400755,-0.0001950882691529274,0.0014521609922999229,0.0008795106122112328,0.00016039281634834516,-0.00036407969568544264,0.0011258209400049676,-0.0007651064573669486,-0.005884441853198495,-0.0012848241637285966,0.0026300368347012527,0.0044610799162731205,0.00015958721463527037,-0.0007663198098548378,-0.004574318179085187,0.0019461957597763087,-0.0065814470785698475,-0.0005183958106820496,-0.0005858279345228861,-0.00034988947663686136,-0.006274245152722284,-0.001747898802696516,-2.443952648937058e-06,-0.0024809048350837664,6.74149516046922e-06,-0.0022845349748344293,-0.0038030862880619985,0.007604064253075519,0.0004998961229535133,0.0023619479150791965,0.004245124758887536,0.0053068554984129004,0.0034053683692949494,0.0015002477889873383,0.005022593966992497,0.003079223268784993,0.0024509800481645624,0.004870953647581546,0.006129146470596231,0.004556031657164112,0.008255480588483641,0.006059892821133659,0.006057104926375129,0.0016380348405015484,0.004761686903266034,0.49988403351173244,0.5024197417147328,0.5003634336594536,0.4984965361802034,1.0,0.5006475506365364,0.49780329012138985,0.4947289428751561,0.49865030012085887,0.4985978957145599,0.502485381112476,0.4951432234509805,0.5003313669902612,0.5018569840676002,0.4960429524354027,0.4959634005599917,0.4985211235566252,0.49777596232018423,0.4994821394557166,-0.0008560340220257261,0.0003805623802210826,-0.005866614494918145,-0.00027161143440734777,0.0015936957889550471,-0.0035189438394998096,-0.003564951684482208,-0.0012508161876539877,-0.0010685787153776269,-0.007967106894410093,-0.00030732433692725,0.0009536467689529701,-0.0001281431365337296,0.0009153647117722697,0.005387942679354604,0.0033781544937526186,0.0013800560181781258,-0.002210967760445542,0.00816281626333114,0.005028473356868231,-0.0007318846372362902,-0.0021667049624151937,0.00013529750702217838,0.0019268512771959533,-0.003658670637213906,0.0025140962846677615,-0.0009717655312516651,-0.002965928726658434,0.0008508519851600963,0.0018337015806388862,0.0024574469893058576,-0.0024226025783189507,-0.00033166990516422974,-0.004778883152896805,-0.00014926897605026636,0.0018176033480170124,-0.00016615709667499708,0.005584326701013265,-0.0016191406656916952,0.0002928133821258691,0.003007494902885758,-0.0002459463994215287,-0.0005216768634229475,0.006418939596783473,0.001928508464565338,0.0025060804894453783,0.0007360206152508027,0.002340889430601322,-0.002688041354261897,0.001978119751130704,0.001674458440936733,-0.0010226188261089502,-0.003189922374482874,0.0017164303909922983,0.0002419924605000748,0.005619669675247395,-0.0007959311117603069,-0.003233672649474828,-0.0026187713026135017,-0.002169609741664206,0.004519869062687694,-0.003997894296003487,0.0006854901892077256,0.0018895772282429286,0.0025946125911266347,-6.056374810109007e-05,-0.0023979453114074084,-0.002085699887641855,0.005272424745138625,0.002294576095432677,-0.0016256304157712554,0.0009681357076413489,-0.006823849692352864,-0.00039221767118448363,0.006004762013731036,0.00020836016479270644,0.007262476462923667,0.0005548669922605925,0.00043867884765705676,0.004027677522641014,-0.001601480333704916,9.459370875572206e-05,-0.0014584173230092938,-5.943012584287017e-05
symptom_polyuria,-0.0031272475821633046,0.004071044186289078,0.003390840790442622,-0.0005365414681275096,0.0005537951319853493,-0.0031865486454073313,-0.0034869339899492044,0.002545413352092949,-0.0015119397925205094,-0.0023338359912856263,-0.00035334632194437566,0.0006098161185244052,-0.003813538184590038,-0.0014135901316198486,-0.0045831372946366945,-0.001568488728241696,0.00281400831616324,-0.00012466547835510822,0.004576390248384703,0.002884547759349719,0.004462063272757559,-0.0031930963686866752,0.0031053410701481084,0.004197793397358778,0.0030728324242033055,-0.0009712379576246852,-0.0004678758311826563,0.0012417713436550268,0.0026905924302898267,0.002404265221009484,0.004891122229745361,-0.005000674703366352,-0.0059332073435668315,-0.0016142130789488954,-0.002857194244464136,-0.004846120940857466,0.0014893354280928397,0.0006768459129435472,-0.0009106619774087066,-0.004114307418553046,-0.007058119762338642,-0.004044093741217816,-0.008703441603343728,-0.006147091108193959,-0.003790739367723239,-0.0036971281405131667,-0.0037536680901980313,-0.0025934730186696576,-0.003423767918488424,-0.004399769995247737,-0.004914130013708851,-0.006701431099803211,-0.00250830982650176,0.008850254510633242,0.00928081294597271,0.0007525750627093841,0.005502991384143213,0.0030693609697520574,0.003638615668341717,0.004282281657016998,0.00423317078627182,0.005838801448324284,0.002347149357113136,0.005576326496865638,0.005252933623043878,0.007866259091896694,0.006088741423591442,0.007986494109203384,0.007969125481130396,0.011281482515445463,0.009260710691668419,0.4976566962103523,0.5019766338394229,0.5013784388786292,0.4973269034082224,0.5006475506365364,1.0,0.4964451929850917,0.4962887333124217,0.501055129918673,0.5028071565361819,0.49700133213086045,0.49510613002390763,0.499356938814424,0.5055216117666355,0.5003619611103876,0.49890914355230387,0.49807555020651995,0.4996485183053371,0.4922084732427486,0.004709281405582064,0.004245926416187285,0.0004509758721487105,0.0053413350443735534,0.00430888796151803,0.0014975654487619611,0.003104117812663608,0.0037276259510175486,0.006295911160695433,0.0034215263956177923,0.002531089852061187,0.0013761915167137253,-0.001950660089762303,0.0003935513841821879,0.0015406525306190942,0.0009077927512970608,-0.0026995987739217076,-0.004997002460414306,0.0014118984682789965,-0.0007561870746080511,-0.0010979609154047353,0.00020597668144681702,-0.0036226518081765497,1.9449997667668405e-05,-0.002979591040315513,0.003072337759999026,-0.0014172470120215625,-0.0023136659134902486,0.002242258183232334,0.003078002296054221,0.0008375302267862569,0.0016049378405505067,0.000847504283334118,-0.0014271992083392305,0.006132660150525658,-0.003155797038210289,0.0017819473134892223,0.005278732399060664,-0.0021187745292217657,-0.0027482387831212532,-0.0008559390162546003,0.005026270102126222,0.004917314298960292,0.00031563072543361976,-0.0006698060770578368,0.0016112570593887563,-0.002151443264607696,-0.00036026200599194113,-0.0058817416538144915,0.0003831458274792138,0.0028147514291836616,-0.0006404794046160811,-0.003308116671847207,-0.0007538949011576733,-0.005584753051165737,0.0032782428919610838,0.0011164292094628537,-0.001563621640775578,-0.0013882736754705913,-0.006478152463186968,0.002284145558385423,0.00045673113429065573,-0.0018874071446586572,-0.0021988669427752,0.0013678621175859005,-0.0048717489563143476,0.004835564531373075,-0.0048849148329703,0.002551266206381585,0.0031961227662789145,-0.0029906813596897487,0.0033268044473969685,0.0003713503800172917,-0.0005192070520259315,-0.003198218696622192,-0.003990602251197213,0.01059503759525578,0.002313853536882995,0.00031871801255697765,0.006612234389822199,-0.0006414468243452427,0.0019642465038746822,-0.00269917311800955,-0.003358944298328278
symptom_polydipsia,-0.0050771012506903145,-0.004111711773517208,0.001044106864032611,-0.005393009258150381,-0.0023193406022236187,-0.004405594739920455,-0.002790292816745384,0.00304383241054502,-0.0030679974115169007,-0.006334110981905319,-0.0008453356255553607,0.0011741804052652855,-0.005626888652215633,0.0014701074329330288,-0.0077893831004033215,-0.001599948595793589,0.00025451743895940756,-0.0015006050979314899,0.0026516752214698538,0.002139013721588664,0.003785808159432893,0.0038600566576851244,0.003963221097049594,0.0031747578681096114,-0.0011679994300534046,-0.0012983880299185194,-0.0023986764144473694,-0.002354544457253403,0.00410783861159507,0.001867293519032679,0.00156384438299685,0.002685199552042813,-0.0005686151934236048,-0.0005269481387571768,-0.0006238794791534642,-0.0034038727861912484,0.002862220067003441,0.0013364043605416365,0.0004599939697026656,-0.002243302229182498,-0.0009692895879851013,0.00010750239021074005,-0.00496973076868198,-0.00413577360177049,0.0020099693066271615,-0.0013203934531918655,-0.0009508734024885965,-0.0027202137844214375,0.00015324982630543217,-0.003028235894836936,-0.0014666587663636859,-0.001394358491135984,5.582293965213819e-06,0.006011502541317262,0.0024431339946410684,0.0027604472505319607,0.002933769064000075,0.0060913368705398435,0.0063982374309115445,0.006568965202579483,0.004944038681592824,0.003475789771709922,0.0026474318844620483,0.0045116263726554025,0.00820847040818977,0.007415159330311058,0.0074816085936953,0.0036493741429537603,0.004323028920299344,0.0030549708690036535,0.011534819914977493,0.4964787520326856,0.4999378913295475,0.4986119925984141,0.49396361356677004,0.49780329012138985,0.4964451929850917,1.0,0.4954433403080303,0.49769426667761824,0.49791437344498757,0.49675282671783455,0.4963165762462725,0.4978501981142566,0.5008990842880122,0.4958139087853869,0.4986614374026112,0.4945171633528795,0.4905282347887657,0.4923573757897196,0.002872379649874997,0.002691117274655718,-0.002036547844543822,0.004576608343591977,0.0029696830715061277,0.0007280704709978923,0.004755853638430667,0.0023216841402344947,0.0007425022910107509,0.0002374531638327917,0.001197014017684351,0.0013691493285253509,0.004329113814066263,0.005896545685509642,0.006777145855850243,0.0002495014751238049,0.0017988317874816898,0.0009215301281027493,0.004063380126651104,0.0060978134361994694,0.001074390699549383,-0.000285486802258582,-0.0004045195484571526,0.0021056558337432976,-0.0009737748116135282,0.0024707931313212974,-0.0012645727688934106,-0.0014900211416610082,-0.0012031954480878951,-0.0025758207508694733,-0.0011091576901623035,-0.0030387643813357527,-0.00440792071640814,-0.0012745694438376005,0.001916951322395809,-0.0024054908678444818,-0.0020068216354099866,0.003729996510515288,-0.004200703780485983,-0.0015527176902269684,-0.0018172963767957506,0.0016949148585304276,0.0007606672401467129,-0.0024330292154510985,-0.0011069684596297072,0.0031946762465157206,0.004430885118075249,-0.0016385103584812537,-0.0028076450247845825,0.004097480877810563,-0.001623274975191746,-0.0011636058789049016,-0.004611407505680457,0.0008292904042830849,0.0007551480270919172,0.002152350380462435,0.002117705827999438,0.0008442711246844501,-0.0026735607449729715,-0.0057721576375427686,0.0037008288409997986,-0.0001887672941194763,0.002999619802748677,0.0006256734201560765,0.00030557048206741714,-0.002511440898242602,0.001708954703021258,-0.004877944337179822,0.005794329193757989,0.0016185843344377648,0.0013470120201990521,-0.001584726899904209,-0.001080902758301541,0.0032881714838119583,0.0005945639615314842,-0.002242533873759145,0.007163426662249639,-0.004602289479145854,0.0023585463933918274,0.004978669134585387,-0.004778729054880834,0.0026358715374252316,0.0016919650355246467,0.0014453986052905153
symptom_polyphagia,-0.003528272350823315,-0.001495087943575921,-0.0011805397513168306,-0.007478961512746226,-0.001438815419054955,-0.004649442024082335,-0.0025617321499272422,-0.0005712717702517571,0.00040750769288603564,-0.006501586875198471,-0.0043909505390479185,-0.0016457127562063225,-0.007385461284736942,-0.0025391191043949253,-0.007162796417491339,-0.00441520857035395,0.002922402283884737,-7.788430295202443e-05,0.0003657091932167303,0.0015297735577427028,-0.00044972912105085944,-0.002736986533233887,0.0009116845321210629,-0.0011280817252570345,-0.003583163322335519,-0.00016181745606148038,-0.0019588606945649813,0.0018996531956429954,0.0014749792873718828,0.0009819871057622162,-0.0012047767796271053,-0.002433243958580601,-0.0014707586945653982,-0.0015691467998958843,-0.0023046889696118097,-0.00252283099137294,-0.00025213094525145923,0.0011502938386519568,-0.001726300374894536,-0.0019314206434109717,-0.003364920405736266,-0.002718486449519721,-0.005431262748642019,-0.0009795237992971783,-0.001388481875460052,-0.0008564276656527235,-0.005415938743967279,0.0010933268010675833,-0.0012510972196127473,-0.006775913064571207,0.0003514361962654623,-0.0035745416149798592,0.0002443202538481179,0.00655973134105103,0.004065732507168374,0.00011025052289650993,0.0007612772008139242,0.005742995584190899,0.002447021213078287,0.0041899185492111305,0.0031802088648567066,0.0008926551274141332,0.0075075171020194615,0.0056760378427296605,0.006567289803654424,0.0037354752799492047,0.008778602526595807,0.007535295577449022,0.004792786585540627,0.0008799337075756512,0.004519840679142073,0.4965847123914384,0.5001681575243296,0.49519956053639375,0.4962505177586089,0.4947289428751561,0.4962887333124217,0.4954433403080303,1.0,0.49772273685327806,0.49437166471829835,0.4975864821461567,0.49257619618162946,0.4962256561596459,0.5007940902535817,0.49491429256780606,0.497765305345928,0.49296067255100845,0.49301074811020484,0.4976544227265094,0.0068085799655975155,0.0018600309577808595,-0.005215650420571969,0.0035200330148518724,0.00612823270361655,0.001184589387268899,0.005611044565235895,0.0007715585521748049,0.00569036353000567,-0.00010261320134967454,0.00469170960462677,-0.0006627417597212348,0.0009258318657114738,0.0009475734195069024,0.002966876063360165,-0.0018584657482333983,-0.0007956801326296339,-0.0025659060085580923,0.0021093366129705205,-0.001098600800119833,-0.0007133682972517187,-0.0019114551260061648,-0.0010633495378337403,0.004979286511201946,-0.0013928856887918148,0.006227276115623898,-0.0004383832086657699,-0.00300347668037795,0.0002064239110743532,-0.0009759048272351317,0.005261493758758673,0.0019230461256837224,0.0025266214179677482,0.0009907929044742929,0.0022460857779860004,0.00019281246376632018,0.00038299487430995684,0.001722716909941308,-0.0030631891595255738,-0.0013288314440354108,-0.0012829440943469617,0.0016182200960991983,0.002622037118724337,0.0005559641619352364,-0.000883351207139441,-0.001619474379389899,0.003207750973349536,-0.0030254267068840516,-0.0059762730371303195,-0.0004419684693073289,0.003981678197553097,-0.0018205056667193755,-0.0047081175969483245,0.0015301792622527816,0.0006477071658387043,0.006606473250272217,-0.002926833565739262,0.0001316418646392218,-0.00143490388053288,-0.007956485645551407,0.005711534801899006,0.004926930635771108,0.0022760301467846713,-5.7332388046433344e-05,0.008206822135149243,-0.00572897919948429,0.0005996348156256141,-0.0002840987736596921,0.003743990412624516,0.0030741293381682266,0.003089450279914274,-2.7643560422748596e-05,0.0024711926445398352,-0.003146775203137542,0.0020174129718124084,-0.0006182933131766524,0.012226410543240054,0.0022118593732194554,0.006315379485214257,0.006490084245298069,0.0013674186860278255,0.0012048237609022256,0.00101952879205045,0.0005605877394085284
symptom_heat_intolerance_symptom,-0.00254497501826078,-0.0005713370024295456,-0.003234854720962413,-0.006032789247645655,0.0007900953662689561,-0.004926312438007899,-0.00679189981452733,-0.0008453420431068914,-0.00435543410840069,-0.005514602812638486,-0.003157667111450782,-0.0009290303357225989,-0.00838279022675703,-0.001548792749545522,-0.00571384415212178,-0.0023708207421592013,0.0013776347598773845,-0.0018945970145251522,0.0063104580134983185,0.005623772449652269,-0.0012920132319553586,-0.0007375781999778662,0.001447640725750196,0.0016400820502373455,0.0010862800386170128,-0.0021200707406563305,0.0008835922664213799,0.001253469885172328,0.0014625007423108075,0.0016706681741073498,-0.0012822128382596867,-0.0009177134712131807,-0.002968699077592902,-0.0006441166496645608,-0.0049374893038691275,-0.0033087582766578227,0.002022680773955533,0.0029310854498949207,-0.00287011998167657,-0.002432172656725549,-0.006994610657948357,-0.0022953136768692163,-0.005492677560877294,-0.004753550093663817,-0.001886837878776449,-0.00013739075469526747,-0.005265824594096451,-0.0002624202524703741,-0.0009056655948583792,-0.003144431434672717,-0.0016435585555309028,-0.0002866312463017689,-0.001041321451157663,0.00734693899041192,0.0034144631288394504,0.00022877015165882972,6.219258991338038e-05,0.007127983253338787,0.00603701919262411,0.003561597933219875,0.009575134146234576,0.0049600374489557975,0.003596401455700297,0.004967363682975044,0.008904407018039935,0.0045334564095805075,0.008474340731432939,0.007977823797498146,0.0050257215475562516,0.0039179442179170555,0.007060122169649875,0.4996236580904811,0.5022702239681179,0.5006755968103609,0.49908019873310866,0.49865030012085887,0.501055129918673,0.49769426667761824,0.49772273685327806,1.0,0.5025061310726125,0.5030052913400541,0.49679976742491416,0.500442359205899,0.5052053395555376,0.4959509600158876,0.4977512108206888,0.5010713889057664,0.5009220049596762,0.502559828235645,0.007433142377377708,0.00834027297132467,-0.0014950866752128842,0.0035720256172027042,0.003553871601441536,-0.0004559403240834789,0.003033846254817726,0.005016972441750931,0.0057522906843814735,0.0008770394033639488,0.0043162740202436455,-0.00119065171609318,0.004582235642066337,0.0007572090518333869,-0.0014206963708130666,-9.898905411309547e-05,0.0012470251140611881,-0.0012895171550230654,0.004957831335073725,0.0025695304155934537,-0.0005874083147613191,-0.0024315823356892657,-0.00037707049955175464,0.004287041784967676,0.000414220086242874,0.005434870886010348,-0.004063025601559955,-0.0008546605714118475,0.0033419677150825938,0.00042907575962002623,0.0009549364324304698,-0.002886674049759043,-0.00018774974827025202,-0.0022220338839427883,0.0046463160829723635,-0.003314508363395326,-0.004536795601978175,0.003096206508149305,-0.005527298394469903,-0.0015030406761788295,-0.0047904384250101895,-0.00396365301121228,-0.0017055458016920662,-0.001393666470689533,-0.0006877348187270033,0.0014406959066659006,-0.004571002853056799,-0.004411132084399113,-0.004245678747182593,0.002423760070538031,0.002600772057146057,0.002300572208989464,-0.0028463686554309198,-0.004063738255559825,-0.001988317833496838,-0.00022898649175410134,-1.1577283753447808e-05,-0.002376808922886576,-0.0040575163039729654,-0.0038585920429757715,0.0013892070239069142,0.0002545700094361437,-0.002706093106474605,0.004313527346413417,0.0005846704584831542,-0.0011128241290015361,-0.0005083156040969641,-0.0010553313969272383,0.0029870501425259387,0.002939494060388387,-0.00196144228078067,-0.000929144361404645,-0.002719933529475618,0.0030641448013018417,-0.001097415533644393,-0.0018932157624904171,0.0087004549005219,0.0008437029041018129,0.002826768228699439,0.005808985356740498,-0.0038646196095809887,0.0010993233011328508,-0.004571002853056801,0.0012712460188509169
symptom_cold_intolerance_symptom,-0.005077325629110451,0.000791842206717767,0.0018310740800091437,-0.0034805764806758554,0.0007780619286517703,-0.0027649021208680934,-0.00398040262795876,-0.00013722137765799798,0.00024551623877630465,-0.006663558157215112,-0.004945483294583184,-0.000551094259529888,-0.004446330615617837,0.0018652863295983868,-0.005739161716150196,-0.002130684809780964,0.0007667734778061593,-0.00014430132362953932,0.0043322288127110075,0.002440373189538396,-0.0012133210771031729,0.0033178203482886874,0.006410412791618773,0.0022878323577073117,4.894383481201127e-05,0.001166454079603879,-0.0044625465634286834,0.0036436860093246003,0.001618974456171248,-0.0010372877318527737,0.004375365703387426,-0.0005832508756795531,-0.0016931560442897784,0.00034697140826806157,-0.004173087585158192,-0.004027160914229006,0.004658483338347093,0.0009268494668790246,0.0006852920527855382,-0.002011656824595501,-0.007371870179561865,-0.001730300287141173,-0.0027281140948315903,-0.005186594814661924,0.0009561282395109004,-0.0012241663720336073,-0.00771079358569236,0.00293959125985662,9.250374896272805e-05,-0.0011572493423402707,0.0026270249620273956,-0.003942402546094772,-0.0041123181056898946,0.006033283872873342,0.006667194246397326,0.0036072320741467687,0.007330569082778797,0.004132447583230416,0.0031468854797673655,0.005437656793061477,0.004905150452968039,0.0017285948948361483,0.0032922036364601303,0.0067857258450995574,0.010872099281353237,0.004640523313485518,0.008593398497449998,0.006328607828696748,0.008007984058847022,0.00307856462687027,0.004812133962141317,0.4993201101697397,0.49965613012041077,0.49826307544947496,0.49732770118712644,0.4985978957145599,0.5028071565361819,0.49791437344498757,0.49437166471829835,0.5025061310726125,1.0,0.49873058002014253,0.4948445087829534,0.49975240867798165,0.5019385676871791,0.49592465100640326,0.49553141568343073,0.49727836170429224,0.4988494796931782,0.4971388977001165,0.001459145535764217,0.002636056791286542,0.00020361368976806073,0.0013818894111895575,0.005336436098264045,0.0007471328013804436,0.003477518252931273,0.0022575022540471308,0.0029003022777658962,0.0010984949339937697,-0.000714860081846223,0.0005512867621954833,0.005202549819209013,0.004435882110211845,0.005877307263522291,0.0011471140610547308,0.0039559380256694015,-0.0013439008889175323,0.002440737656385065,0.0008447406089300219,0.003570131580289743,0.003170320310332815,-0.0034721332472926994,0.005874477786809515,-9.674266793356161e-05,0.002704086037408249,-0.002451978269572302,-0.002173215318980691,-0.000719112804321458,0.003050760962160345,0.004248599485202643,-0.00027024340150666416,0.001251218689639073,0.002158778529026032,0.0032461371268267636,-0.004286799984472143,-0.0015820156764407007,0.0008782949450347808,-0.005332424287195165,-0.0006178726412598498,0.0010664909969934056,-0.005158596321841289,-0.0007517600986903521,0.0011193290071210692,-0.0028414944994264377,0.0015452979015151958,0.0010410493798804822,-0.0036502857338869777,-0.0047333820193831,-0.0011670599579018854,0.0033664678314894673,0.0019240999109676603,-0.002727694503716589,0.002332891935070354,-0.003761655157744444,0.003230117372325979,-0.002915822128078935,0.00015109957905926093,-0.004001413958164936,-0.00025572775699059637,-0.0013096980510139884,0.0010310337040635785,-0.001968777323438637,-0.002286864627172279,-0.0019400818945976986,-0.004147568387513372,-0.0014746960120833987,-0.0002667914743936796,0.003762856977708642,0.002568355685977451,0.0018732445255813968,0.002442824731827576,-0.0004273424709495851,-0.0012314199727501047,-0.00023614728877876737,-0.0023362589735811197,0.006232060585426109,-0.0002842825472619163,-0.0038168874788232533,-5.331268666443884e-05,0.0013789704440362487,0.0032121615413300856,-0.0027892178530265757,0.0029718485527862057
symptom_hair_loss_symptom,-0.005603078665338579,-0.003111612529285182,-0.0013379469403485035,-0.006382746579951693,-0.0019910724936052023,-0.005398583569332357,-0.004837790433105851,-0.0004637647244432645,-0.0067698990216622686,-0.004083317764558434,-0.005072600809889498,-0.003983975387232405,-0.00866353036330527,0.0008094694867320157,-0.007850780787287868,-0.005897452346227275,0.003668365005143576,0.0019925869057139897,0.005003396046628603,0.003599663054749894,0.005387153328419946,0.0032238369663884505,0.005343489234913537,0.006510188681762725,0.004140904153476747,0.0037890767212332642,0.0028262277615278193,0.004731968422594466,0.008911320333571296,0.003052526473854045,0.002816095899395038,-0.0026292444068790125,-0.0032273862897490265,-0.0025443530898577194,-0.003569981997027581,-0.0019286351605747422,-0.0012263235171513212,0.003030210981749843,0.000363417559481734,-0.005185790582314828,-0.0064840096145225914,-0.0041900934881727815,-0.0021962121514552315,-0.0032317211123522225,-0.0004377835867943208,-0.001049344232379167,-0.004966747886011177,-0.003450791982886484,-0.004141686105891655,-0.005471101201511849,0.0004456377896570098,-0.0015532270268367834,-0.002368843175529972,0.008679681993362243,0.002105538276566205,-0.0009112064518876308,0.0021288589994777765,0.006636076766414039,0.005453280170894288,0.0036434798791634285,0.006872412035664183,0.005057886955739661,0.0016386243588641,0.007113737360159701,0.008480823449425785,0.006333717776886645,0.008648941493508729,0.0071337179918981725,0.009424727656492727,0.0028607079513635887,0.007247914910805993,0.5004151421391906,0.49856386583618845,0.4984963468988592,0.5016007483033472,0.502485381112476,0.49700133213086045,0.49675282671783455,0.4975864821461567,0.5030052913400541,0.49873058002014253,1.0,0.4977926439549807,0.5048862538753116,0.5064116375478801,0.49721617654181205,0.4993411679266317,0.49102764240884694,0.49577540659822855,0.499296793150162,0.002775450678300181,-0.001327546699818563,-0.002765857466711684,6.627052322912358e-05,0.001020403661024636,-0.00650175403087586,0.0004618001454864326,0.0003723207726725846,0.00414675624462337,-0.001425779780177767,-0.0014622101301645925,-0.0013096788428997648,0.006396179628753527,0.0024757089977530864,0.0061851027917612265,0.001453708043210957,0.002253645481681836,0.003992479739323095,0.0004133293761147143,2.2311757367047468e-05,0.006056002469565029,0.0018666771133465146,-0.002763236873303997,0.00296410544055646,0.0002904301807966506,0.0019208786018938928,-0.002063456609827172,-0.0026226158488482122,0.002010807708920118,0.0017590512755330928,0.0013662880986465109,-0.002487307875163906,0.0020631925494343805,-0.001902697638134693,0.005398841566288949,0.00017909126351597853,0.0005155273321556326,-0.0006609871198126527,-0.0035301290890014238,0.000733300613283678,-0.0004074013577613656,0.0031625926046827345,-0.0017022065536930237,0.003218509604222608,0.003774681759857734,0.004709258741291945,-0.001129651296630356,0.0021462418877021628,-0.00349252196104899,-0.0033763492008553,0.010997981647475683,0.0003473191977353402,-0.002712988959450442,-0.00238048274796208,-0.0005832039387251986,0.0021099661753389187,-0.0009158740290243187,0.0019659415678762353,-0.003994463964366832,-0.0016392191557374578,-0.0027038768744398205,0.002351739717171963,-0.0013434568890820277,0.0011064289616571237,0.005038359502581737,-0.002567468178434509,0.004792647912336032,-0.004941796326916931,0.0037790358572900302,0.00047325654824031276,-0.0018182275761609178,-0.0032769429844264762,-0.0004137410504909865,0.003845579173387825,0.0005336047207183236,-0.001160642677290946,0.01053909722669765,0.006649584923752426,0.0002582663860067896,0.010910700851217564,-0.003783992814920281,0.0038911395493139763,-0.0005823625626373304,0.0037839300039712123
symptom_muscle_cramps_symptom,-0.001576641134157799,-0.0056879684092076,0.001826846957302437,-0.004604100401537328,-0.00298825003323906,-0.004352747071452191,-0.0049019938953844345,0.0017084954133795216,-0.004117412102969761,-0.00613236398854184,-0.003767098171735531,-0.004976838691286385,-0.006954900886233868,0.0006088256789640761,-0.006991446287810886,-0.005895284462452365,0.003906388865888695,-0.0007610456702027473,0.005438182566889427,0.009478243301336089,0.00541668181523223,0.004288839941197732,0.006891776526893223,0.0047939838156490465,0.0006874804364456616,0.002286143869033259,0.002437296736069131,0.005585455944844616,0.00413040725335608,0.0021793497794780157,0.007721224276329481,-8.709378957891865e-06,-0.0031965336948159753,0.002333564174934024,-0.005742931416640081,-0.0022557279014764602,0.0043606180203347835,0.0022753374162884725,0.0051516405460607624,0.00061438778527985,-0.0024510533591077023,0.0009639428866556267,-0.004656403646173032,0.0008493268771668527,-0.0017601610473919782,-0.0015829213952109956,0.0002774837193497541,0.0006490069686927096,0.0019258636705909834,-0.0022338728244086013,0.004688925787845497,0.0010523845403109177,-0.0003433289045643426,0.0016871777507144689,-0.0005904615637105118,-0.004010084646516079,0.0007993613698759085,0.0014228907641859643,2.92029600652035e-05,0.00019785064592964474,-0.0019006050486450148,-0.0016602563964127032,-0.001667785776871921,0.000190609726475203,0.0032644870022540237,0.000429652430244776,0.003903888156882938,0.0008263120824103298,-0.0010886727444900477,0.001050808945571833,0.0036636928803891054,0.49692471168048635,0.5004371264470413,0.5021519123900037,0.496784923800372,0.4951432234509805,0.49510613002390763,0.4963165762462725,0.49257619618162946,0.49679976742491416,0.4948445087829534,0.4977926439549807,1.0,0.49907457900331165,0.5000684960318079,0.495312314341337,0.5016737193603997,0.49197443849482936,0.49209039739745003,0.49302221433997684,0.004792054435044618,0.005835109623924004,0.00020005498985096787,0.003068372479922662,0.008457151479565014,0.0038779535397727,0.0028873969667057675,0.0058628206921963666,0.005598588848534809,0.0007265485325901181,0.0028902669665749397,-0.0004882294733950818,0.003999818962124132,0.006472299151401311,0.005237986261320507,0.0005189770359399912,0.0022716268726003653,0.001596600834218788,0.0026878025264159985,0.0031918154795652093,0.0009998670397088072,0.0008432548156222185,-0.00048059601096624036,0.004349091881344695,-0.0035454897347137865,0.000937091775994265,-0.0019577995070015975,0.0016731253743885114,-0.0008957568747170564,0.002374632464216067,0.0033179531443872185,0.0021639282083096537,0.0031948025061604656,0.005760644192541712,0.006257606378449707,-0.00264714795132019,-0.004169213613839429,-0.0018575164280881938,-0.005087977178771429,-0.0036488873893695956,-0.005390722460324746,-0.003444713694213257,-0.0015579806450997057,-0.002660231967357011,-0.003055662741369461,0.0006947981825610795,0.0014970770386621333,0.00012694061373169996,-0.00970513357904587,0.0009878859246185824,-0.001151013806199337,0.001830028395177185,-0.004107805813380749,-0.0024525399835506737,-0.005099396255418514,0.005440270683921767,2.0095476049541553e-05,-0.0017269095846420882,-0.0027491927742135185,-0.005211920386380193,2.8431228953994316e-05,0.0016067910604879525,0.0016043757827372655,0.0060583725336504565,-0.002029834876607206,-0.0010732811757183957,-0.00047840326458628216,-0.003016476961588847,0.0023920488896542495,0.0003610270677853624,-5.9725433369735424e-05,-0.003345104523862727,-0.0012222030275016458,0.0018520406289863909,0.0019665513516510503,-0.002418632194583407,0.00960040640275122,0.0015226058745291603,0.004227295406673173,0.0025903837908837425,-0.0028031653219246894,0.001810119810770344,-0.001782843218002902,0.0021095992554295414
symptom_joint_pain_symptom,-0.0023891792317345026,0.0008395725876542332,0.0016077208138671778,-0.0025798795152413546,-0.0010304096037399145,-0.0028589817342629395,-0.002278558431211048,0.003007471110951237,0.0034676041595814193,0.00044799775072927546,-0.0015509218687845738,-0.0016305595506826576,-0.003089149228791264,-0.0013943877313104462,-0.005229166632112436,-0.00010216621880647287,0.0008536627138451552,-0.0017947156138511488,0.0037807426886280787,0.0004370287747874232,-0.0009126493284154401,0.00033862172209446,0.0048859964094077135,0.002439117427062317,7.174292135602913e-05,0.0006957142941630029,0.0010559739781559464,0.001566707898110162,0.005254094748412088,0.0016330137897127496,0.004110354178775968,0.004022572392334772,-0.0026748091207280805,-0.0015609705505488156,-0.0005784888519241063,-0.00016955506044923316,0.0034573984298977263,0.006577052488733162,-0.00015857518176795346,-7.429359943352677e-05,-0.004707668739965808,0.0021247551504137083,-0.002704641448999223,-0.003180219890389083,-0.0023060327274716484,0.0003695349769925448,-0.0015521409984052858,-0.003104838698736108,0.0003136648164597052,-0.0029931004899691857,0.002429686564075383,-0.005843809558869275,-0.0022421695730411102,0.006383945712003015,0.007138473913288721,0.002873329990845564,0.006047570318364862,0.002165936208851946,0.0015956943267020098,0.005049804959764597,0.002739847907202807,0.007333669079626703,0.003924492861164925,0.004207409947880315,0.009237978138266463,0.006362377399652602,0.006966528699808522,0.007765124677126368,0.010450106812508487,0.004588117951533613,0.0054245940212209,0.4981254553461148,0.5008414694132602,0.499049665661888,0.49831355815643075,0.5003313669902612,0.499356938814424,0.4978501981142566,0.4962256561596459,0.500442359205899,0.49975240867798165,0.5048862538753116,0.49907457900331165,1.0,0.504374791287753,0.4953188143388966,0.49916655706062724,0.4953520331836531,0.4992995521743544,0.49654814794004554,0.0013987929264107292,0.0019376882351185714,0.0001533043072985752,0.0022376737435822612,0.004348279347754177,0.0038299070237071795,0.0026950612163873277,0.006593692978240568,0.0059062061394173975,-0.0008135530958251224,0.0019176646438551503,0.00023566960280016027,0.0015090335492068537,0.004858973794762857,0.0025036437129143407,-0.0011758350975377059,-0.001660087543979164,-0.0009092622714783293,0.0048609987776729435,0.00166465667294578,0.002695829552322068,0.0030986761557302137,0.00040829407611274004,0.00443145882385044,-0.001854035491832425,0.00271199733570909,0.004409155021586453,-0.0007359329169630655,-0.0004605484334086633,0.0010503035983543995,0.0034198984328502684,-0.0017630329290597338,0.0033839039646683623,0.0018367971188327959,0.003425097293288558,-0.00400998216561022,-0.00011221612225006443,0.0004065450141714999,-0.005040489988888418,-0.0013087612063486475,-0.0006597942487463602,-0.0015487477544410544,-0.001290180810362796,0.0013251035600397646,-0.0007153698084256518,0.003040957651571279,-0.00016259580434142297,-0.001814484665207508,-0.005437333904614442,-0.0012463632503343903,-0.0005340619315985161,0.0023405749100612015,-0.00020059658938340066,-0.00010571353145812444,0.001834581899058248,0.006557632144912991,-0.0019785184016814627,-0.0023431251324477344,-0.0027569810445436994,-0.007319958133409454,0.001419253705793688,0.005500167173793396,-0.0038900893371317047,-0.0029524103069386177,0.0027623739470762866,-0.003435881101254399,-0.0015302218342846449,0.0009824000059773634,0.003020384787122401,0.004035806001503258,0.003008566052764566,0.004820369780338161,0.0009469781419867379,-0.003219937182916407,-0.0003148584511345232,-0.0035940155404181997,0.010443472795197337,0.004645367742243084,0.0042104513925784745,0.0036631669019492282,-0.0007466867794472077,0.0024558520423327034,-0.0018022083927516708,0.004489404043383011
symptom_myalgia,-0.0014601827937743964,-0.0017357347547609404,0.0014812133499327836,-0.003498199192328302,-0.0016184254122764764,-0.0026550752399659688,-0.002869332124350196,0.0005046325983630766,0.0019512388818023656,-0.005025877979642883,-0.0020046390171255027,-0.0016916489320128996,-0.0037418725988824556,-0.0035067834722872864,-0.006545205611039396,0.00029897742261217905,0.0031166838111117336,-0.0020403347620019173,0.004443095919972662,0.0020037158729823,0.005880652878044247,0.0030843303330062347,0.005618090428125878,0.004144413519965563,-0.0028235113745378035,0.00824985565279915,0.0010216138004130587,0.0012561510818695435,0.004872481645600729,0.0043857064958182515,0.004285256250509699,-0.005330991839985465,-0.00286805624961167,0.002805046484696955,-0.0044858889538919745,-0.0018561058023740667,0.0006294079858733477,0.0013207778269366836,-0.002768112225935651,-0.003684272290710667,-0.005116945324748254,-0.004684204423975204,-0.0028287903988826802,-0.0032306478263708885,-0.00014842996962887028,-0.0003968438737370658,-0.003743539269706884,-0.0013034015014829303,-0.0021515184861653843,-0.002190037772603818,0.001022707548395961,-0.005397870816618612,-0.004572217823417144,0.006502866878169668,0.00603872194750809,0.0004002455165988159,0.0015287407445309029,0.0020819217616285975,0.000758399352927641,0.0020905375280282123,0.007498166545517043,0.006975316078784553,0.0030185242940867995,0.00364441545403512,0.007864493064644637,0.0025918652968851936,0.011445690831925976,0.0018268818876532587,0.004731543493630909,0.005796192626284904,0.007446528771808493,0.5033592094493302,0.5067347775764669,0.5032853201228026,0.5018211564239158,0.5018569840676002,0.5055216117666355,0.5008990842880122,0.5007940902535817,0.5052053395555376,0.5019385676871791,0.5064116375478801,0.5000684960318079,0.504374791287753,1.0,0.49901952699871494,0.5033366106127152,0.49971564280942216,0.5018795370602326,0.5009252288659574,0.0039110414577752635,0.00780415468464591,0.00045796340623556876,0.005242641631815513,0.004654732345670477,0.004349815574196266,0.004633164615809076,0.0044865596024201,0.00678307775440542,0.0017647960028363686,0.007833285534881903,-0.003579664032237628,-0.0006296815879917783,0.0010889799513400219,0.00471093134997664,-0.0014701641870877272,0.0012642392379133669,-0.0008796919651471056,0.0068254074001085525,0.0034699584899253377,-0.0017847593338964525,0.000718735617068611,-0.003825123440383465,-0.0006773991721865332,-0.0022230847196542656,0.005322934341039076,0.0029229895629226473,0.0031307639757259895,0.0014771811474119684,0.0014011220149939628,0.004442012128008681,-0.0035124836589203717,0.0028073320683038223,0.004369072499672703,0.004112077507744036,-0.001717057838412551,-0.0014538822204765436,0.0038835401406687453,-0.003409386171606973,-0.000719182823013855,-0.003193405270853546,3.7495721127442304e-06,0.0021199988275661464,0.001469403361354229,-0.002866494759007884,-0.0024494984233413637,-0.002871733474877445,-0.0017942674921634693,-0.003580848459424304,-0.000488738330358997,0.0013884091802199073,0.005023131759762658,-0.00018034828649483902,0.003058612940804698,-0.006359665921050414,-0.0013273818695359756,0.002010890322214679,0.005461793940520304,-0.004033819550226891,-0.0038124477042258283,0.001438496937567201,-0.0016487116979650353,-0.0002173981761592195,-0.0006813820074645164,0.0011835369884842719,-0.0010701573502942309,-0.002559746396173436,0.0023409583204639355,0.002396021233811087,-0.0012183491885910615,-0.0012903179451876138,-7.019799489248549e-05,-0.0019469444612453788,0.0037520098790304337,0.004237262266765299,0.0022157741383542445,0.006172235802204528,0.0021548580684236955,0.0008506441348171206,0.010248589675833723,-0.0007340498312995924,0.0031390933620610707,0.0031417479691984804,-0.0026759395466363187
symptom_arthralgia,-0.004607801404822154,-0.0012473889437858337,4.283096769808751e-05,-0.007039176943556527,-9.218643273775485e-05,-0.005937100284299543,-0.00653992237641169,-0.0012622925732013732,-0.002848681877939837,-0.006585751133561386,-0.002660507748539119,-0.0016756449051131786,-0.0038648489988318407,-0.004138549802420747,-0.0075757779201869905,-0.003905294119320911,0.0022196176186713348,-0.001670297190713316,0.0049182111427452085,0.0013869739213960139,0.003312133162205847,0.0007920205548022118,0.0011019938563971924,0.002686097802912834,0.0016558080080437958,0.001505365631635555,0.001863228185034951,0.0020860535642373314,0.0030683177989724755,0.001889826518088806,0.006792978845088106,0.006024860926782663,-0.0020419775231528157,0.0020621744107289816,0.00042070942733780627,-0.0007489873662912481,0.006573582908044064,0.006635509260515342,-0.00024303204439402468,0.0021904599026031702,0.0005631080225803166,0.002465273690429243,-0.0028436147408465082,-0.0036861511000193755,0.0017474127435908031,0.0009405984112102325,-0.0021936294951839285,0.0029451683148661793,-0.00034132811955243057,0.0004835115774337685,0.0024960039567327613,-0.0005640270694703642,-0.0006120566010482194,0.0035436352555831556,0.005239672332247376,-0.002342349433004564,0.0047068491086206254,0.00685193247211939,0.004071991935628115,0.004263084800164641,0.005767853334064346,0.004901074674138568,0.0029287190274850843,0.006198954376197224,0.007135803923880554,0.004545682205678086,0.00841008328310086,0.004378166023388286,0.0025150848769240996,0.0024294945631653108,0.007462009193613751,0.4993930546991908,0.5007122528576387,0.4985894624736909,0.49871271180152554,0.4960429524354027,0.5003619611103876,0.4958139087853869,0.49491429256780606,0.4959509600158876,0.49592465100640326,0.49721617654181205,0.495312314341337,0.4953188143388966,0.49901952699871494,1.0,0.4975841134037184,0.49060402328756875,0.4985696318915097,0.49299312501610204,0.0059329905173771125,0.002215295355663434,0.005569814976407312,0.006750913426037457,0.007961193974269103,0.0002616312711207805,0.0026660380060829713,0.0048644005664039355,0.006247814578428264,-0.000831301347007406,0.0063601499832874895,0.0050297532017000175,0.005762160841632421,0.005834698653695585,0.00660050033691173,0.007011109351221385,0.003867787477260228,0.0034799100261739112,0.003165890461723941,0.005927846722689137,0.0017304862501872436,-0.0015648621951071288,8.698877220227082e-05,0.006426728842013496,-8.640896010632614e-06,0.0015597160568037608,-0.0009182550713652732,-0.0028852440013953026,0.00014000811952471045,-0.00445408001455454,0.003021709574424746,0.0030485317015879598,0.0006417548006788649,-0.00559137300526904,0.0028604809785368664,0.0033017023045841215,-0.0015282972671141126,0.0023820587589823967,-0.004958657808116802,-0.0027286689053706106,-0.0036321543182825616,-0.002154758754666776,0.0012207647204743567,0.0013180869301608765,-0.00021337349684248642,-0.0041307962015768845,0.0013337635764843077,-0.003212924901640816,-0.006776993503940032,-0.0006098237965193637,0.004407340710466471,0.00113104191565962,-0.002276538551882877,0.004509497008895163,-0.0045987091667745944,0.0008477713358876408,-0.0030453210031262663,-7.765869901947198e-05,-0.00409676510523951,0.0009429217268389497,0.004817702430305761,-0.0024350213191945583,0.004495177035722448,0.003086399630181022,0.0036817437137842365,-0.0004016267093979262,-0.0026417733172997954,-0.0004702734512266825,0.003541097863988765,0.0001939592641606173,0.000414335389550227,-0.00018036651217159764,0.004473848717006359,-0.002075261696217949,0.005619241938604784,-0.00776603611882951,0.007768899054048034,0.003261515188309952,4.070996825077043e-05,-0.0003033758513483428,-0.002883204054228599,0.005642852071187053,-0.005214794134846227,0.000402605609012545
symptom_photosensitivity_symptom,0.0002913953963288808,0.002135040713056518,0.0012521400735165417,-0.0037932099231186176,0.0005278494355734826,-0.003146908504976916,-0.0038922841835666118,0.001662198881477526,0.0007953695333571822,-0.0057175937210214986,-0.002166613325644843,0.0023047149055794784,-0.002125200759161834,-0.0005626858718005479,-0.0035401294585186444,-0.0025072671331410126,0.004183236163487968,0.0034897679839704285,0.003841118754266283,0.0029309414061208317,0.006599657355101916,0.00317632713559982,0.005640881442793071,0.0061840691859833255,0.0018006173154632953,0.005765721638199557,0.0021571616975662677,0.004056902590956468,0.0074012482349670216,0.005662307313971517,0.005839567633003037,0.0015530478339638664,-0.0025668806527949315,0.0018242516590643264,-0.0006863300701345442,-0.0014836894124604326,0.00499162871900209,0.0026210731003989884,-0.004031497497624337,-0.0016032166127372318,-0.004316681673329537,-0.00011367361032478409,-0.003812098791268436,-0.0004406735787691959,0.00036693942760113407,-0.0015948084530242642,-0.0013027153100766491,0.0024205524494408073,0.0020583812593484257,-0.005234766465328429,0.00046814213996850554,0.0006128618723473974,0.0007854569301312925,0.006530448272000165,0.0038958539402208637,-0.0020956267676490365,0.006874980884260261,0.0007515677686668691,-3.2965685589889954e-05,0.0006813533042481595,0.0029515078883468613,0.0019584346129273376,0.0028407041300408838,0.003603547747221834,0.003951837632940476,0.0031644975747921206,0.005886652470691555,0.0019222541087212785,0.006457644282222462,-0.001734189175670097,0.004554699558376147,0.49555803319568037,0.4982778678276762,0.49979616883952505,0.496545694736293,0.4959634005599917,0.49890914355230387,0.4986614374026112,0.497765305345928,0.4977512108206888,0.49553141568343073,0.4993411679266317,0.5016737193603997,0.49916655706062724,0.5033366106127152,0.4975841134037184,1.0,0.4896200642532097,0.4900667834164646,0.49397456457531924,0.0033587614408103475,0.0037571486036349724,-0.006308570650944433,-0.0005620775551397433,0.00317564067095196,-0.0018380056051048718,0.0015317553349046599,0.0006680397628096386,0.002380834895200648,-0.002336500652541868,-0.002018087077707109,0.0005035920314666344,0.003546296815914744,-0.002317416695280356,0.004784030550107031,-0.001074235207700111,0.0009357186402573657,-0.00129411968275225,0.002716935478779004,0.003945750613872415,0.002076089680644327,-0.0009787160427053394,-0.004396863027157491,0.003735607641068408,-0.0035975855145294537,0.008154002409072852,0.0015715912785775241,-0.0010700877840014932,0.001963954868213933,0.0002937792482780192,0.006103713250951442,-0.0011766237274434793,0.004140816175471969,0.00015924094712295168,0.0022523260032221953,-0.0031909321705762906,-0.004121194610713423,-0.0022523771035530696,-0.0063809939782023895,-0.005600053160433799,-0.002442515488829041,-0.003025383145462014,-0.0010639369177986293,0.0005848699277685491,-0.0001914818693675365,0.0038521863787291132,0.00588483937840727,-0.005637248110500863,-0.006021578678865377,-0.002702330657832852,0.0007624508452646571,0.0013129266315425447,-0.002788910097930037,-8.256415913577364e-05,-0.0063524091438562184,0.0009338234568099088,-0.003949372128733363,0.0012792041759051164,-0.00017069837619980687,-0.004503840021959755,0.0028523792230847394,0.002270427985874594,0.002834300749876125,0.0015757974266308807,0.00012326314433663775,-0.004197121837784467,-0.004639133900983745,-0.0030057611211833216,0.004341296040169727,0.0024875963473537824,0.0036565988670629913,0.0015720524966762294,0.004613235150049929,0.0024961736051754206,0.0027325655526581312,-0.0018272421030977757,0.00703660829360316,0.002791272154666477,0.0015342648732976256,0.0031511710502465868,-0.0007293093281246334,0.0004963994155901358,0.001510970053350175,-0.005064581128660816
symptom_facial_puffiness,-0.005190008021823138,-0.003351816414063507,-0.0032413024527584563,-0.004325917476389255,-0.006599848052559807,-0.006580288831215015,-0.00699413278333924,-0.0032932435843568675,-0.0032364212863439904,-0.00967516230506381,-0.004614729698191021,-0.005619063035742122,-0.008850694172147686,-0.0030735303810308814,-0.006774849464635009,-0.0027730285128719626,0.003307542774627102,-0.0006558620666622219,0.008853552814843669,0.00372635791026401,0.004191400758674956,0.005767176123798952,0.00586880888872458,0.005234303398367666,0.0025331678529143704,0.0022451155948080754,0.003229368770264245,0.005118466516112941,0.003809228266413937,0.005204763291584654,0.0032231105136659747,-0.0009796751566409662,-0.005167276209225932,-0.005122555874877588,-0.0058555510535894,-0.0018820508753650707,0.0004614416726436009,-0.0016235167849608615,-0.0037890880376169524,-0.007689314295943814,-0.0076269773476622775,-0.005346795109907681,-0.003131286343680531,-0.0048904658041931375,-0.002663733952316805,0.0005118721043718289,-0.003334272761093711,-0.0026067314563605884,-0.0045228915106455235,-0.008329797942759475,0.0007157317685582109,-0.005911514643669898,-0.00281461337632784,0.004990989437703159,0.004589367771751841,0.0012114717501073766,0.005813828091650727,0.004572472143028601,0.0011607043019130903,0.005572530190825727,0.0021697917915902616,0.005668152897718352,0.005328866801976449,0.00506208179020272,0.008315675065787788,0.006265503295530508,0.0057774338976366016,0.0059625006585007165,0.009594085917676057,0.005984671865262378,0.006539676483706435,0.49743973074807984,0.49651474670972545,0.4968401346250641,0.49194123265393014,0.4985211235566252,0.49807555020651995,0.4945171633528795,0.49296067255100845,0.5010713889057664,0.49727836170429224,0.49102764240884694,0.49197443849482936,0.4953520331836531,0.49971564280942216,0.49060402328756875,0.4896200642532097,1.0,0.49491055040848175,0.49454131272238955,0.006083617043478147,0.004425837264587647,0.0026487958351402805,0.003998057339210699,0.004767260270988136,0.005533971317051303,0.004024488598416641,0.007500857157819991,0.0021245268408164016,-0.0012492562706790712,0.00850077209136712,0.003084720987048955,-0.001094523138977007,0.005316949096860471,0.003356918987349355,-0.000872200804649625,0.0041639819089172745,0.00020452179022265068,0.005870070730449253,-0.0015845980052266086,-0.00015236530708867153,-0.0010333419814030152,-0.001149718854184963,0.002950707454423759,0.00044436504056074455,0.005074213967269552,-0.0035022360683222013,-0.0022998987927708658,-0.0009396154380291995,0.0005748429684519188,0.0033593896270505907,-0.002404104616686104,-0.00012272932426099454,0.0014435215691250489,0.00504043449028114,0.0005025035202692806,0.0024848033047583924,0.0038009330320178648,-0.0026532890542576397,-0.0021274297230269084,0.0033535001777717922,0.003922597611980506,0.0019711111778245994,-0.0026113882275594744,-0.00072042599987797,0.009275280618808484,0.0030397904086201795,0.0026107996160940872,-0.004276534250365741,0.0009174744159823096,0.0006687180723291022,-0.00039192679132810066,-0.0035289619914976385,-0.0040874203028425276,-0.0020190246374642328,0.0053892996460538755,-0.003010847209074896,-0.00420337957714251,-0.004071376364709592,-0.00458292150804171,0.0006578666877964391,-0.0010784279371383928,-0.0003057145421333396,-0.0013380340603305484,0.004821102808140958,-0.0042673687135629315,-0.0005271889732012786,0.006937663245167204,0.0016650153618248539,0.002900635341712871,-0.001992910849855191,-0.0017702267262607247,-0.0012915260600105385,0.0005062219921459168,0.003406555097027532,-0.00019236975547134972,0.011244828051828276,0.00018415227088303595,0.002120853910754153,0.0074086081952114335,0.003343975819299746,-0.002240446387814244,-0.001329027377971131,0.002043124431158986
symptom_cold_extremities,-0.0004764598799078307,-0.0012059189957892593,-0.0016928654827370652,-0.0031086714188374724,-0.003603329986927407,-0.004904105229328999,-0.0064341069585368785,-0.0023386611490619482,-0.0015530035913958787,-0.009577325572384224,-0.0053076391763360615,-0.0013012899584687232,-0.007569100567414961,-0.0029096130085167777,-0.005226846758407703,-0.007030863211206725,0.003494199733282809,0.0018301060998815112,0.004947412471414462,0.002521905726310203,0.004726337668517006,0.004564706969219746,0.007997021167996408,0.004725550296938214,0.0009791726081505925,0.002849084548717559,0.003068240021578847,0.004401988879963611,0.0041348517767079256,0.006784042368628409,0.0016012912214104938,-6.615066672688435e-05,-0.0014159492492701348,-0.004640380009553523,-0.005157986172432153,-0.0012590413559964355,0.007631028172258879,0.00028377908603833646,-0.0023851359800498716,-0.004220917687482805,-0.00401019007133835,-0.002449188301432954,-0.005499386487951442,0.00027769326291717764,-0.005242688635058844,-0.0019290691593067317,-0.0026379280218283077,-0.0034773760528701526,0.00028706624760196914,-0.0051460810657509405,-0.0022224986906864913,-0.004358891031101605,-0.0004124847762725609,0.003262673552238482,0.002799009556163642,-0.0016753109162890945,0.004151928697937856,0.0010851287634844945,0.0010657968482287866,0.0019275453661057175,0.003574976738653424,0.005028118035686506,0.0017584400279116452,0.005306902963637266,0.00435125942133542,0.004194139651321381,0.0077234432131016665,0.003487252824660328,0.002917862863297633,0.00017664576684269147,-0.0006784000035041165,0.5005336167270921,0.4975563101850434,0.4978146741953299,0.49033912446129346,0.49777596232018423,0.4996485183053371,0.4905282347887657,0.49301074811020484,0.5009220049596762,0.4988494796931782,0.49577540659822855,0.49209039739745003,0.4992995521743544,0.5018795370602326,0.4985696318915097,0.4900667834164646,0.49491055040848175,1.0,0.497839290510657,0.005142155892069094,0.005975709720070844,0.0014915737092557901,0.004334995192714506,0.006173337703292871,0.001955758172352815,0.001386577771472133,0.00201977373893192,0.0066640948251942955,-0.001337298354018127,0.003305938881421335,0.0011689180009659332,-0.001167052359270235,0.0009620751937284184,0.005214248844654761,-0.005070617677975752,-0.0016844658269024393,-0.003914877263788752,0.003306875386760462,-0.00036932973740913457,-0.003445003096590396,-0.0005433141804995084,-0.003955888205109433,0.00030890462009285015,-0.0007525021179358118,0.003500477821039662,0.0020212145710038283,0.0025651778206629964,0.0029123426431315424,0.000674185498288772,0.0034579140631847962,-0.0036466478888661615,0.0015782366414094954,0.003050762573332651,0.005055161725735383,-0.0003937930414906219,-0.0019755408555530763,-0.0006442034964071226,-0.0019165447239785835,-0.0015436104435005073,-0.0014826077689126832,-0.0005994103348258396,-0.0015955978487962985,0.0034704000144747133,-0.0014685128524631022,0.0069101677260961095,-0.0018840510859095,-0.001242947654431257,-0.0018387941685991606,0.0031281578606944674,2.7650854532497925e-05,0.00012951784408980822,-0.002883001993973738,-0.003307373613401565,-0.0001329471783353402,0.0031302713050228425,-0.0010295532102899947,0.0005729441736398192,-0.0015049611497010512,-0.004589597237170693,0.0006507334758977741,-0.0010859514546225114,0.00029408777121548894,-0.00471510646524572,0.006413880162600158,-0.005837943578008758,0.0025900461813598706,0.0015818746234055852,0.0023021193313862327,0.0007812131464028913,0.0010822201285971976,0.0006750598396418011,0.0008835485062329976,-0.0007641973846570392,0.0003800399170602638,-0.0013571666978971608,0.005239679213850336,0.0001762172914549004,-0.0005880163424868981,0.006306684910419844,0.0023066135368082735,0.00370845968418112,0.0019382923790441677,-0.0019493268918205453
symptom_hot_flashes,-0.0007954140886345126,0.0005720931805076478,0.0020199129190953727,-0.005346890375109208,-0.0006831587835523793,-0.0028361462630282987,-0.0029449164880509253,-0.0006793357023198027,0.001550241162256531,-0.003642306404328383,-0.0025737739014404853,-0.0004976472673589375,-0.005379827878107874,-0.0010701302109213506,-0.0060254098085923994,0.0003669620593962124,0.0018645178958865947,-0.0029688977431511937,-0.00032974096358000607,0.0015158820175849052,-0.0011004568253598116,0.0003877361599657761,0.0020938336163518817,-2.5325117374648292e-05,-0.0028463256298333142,0.003103119441899191,-0.0048382852019993395,0.0016222836606654375,-0.00014351110705323623,-1.6454008183332178e-05,-0.0008755569730186145,-0.0009474397238254997,-0.0021054493145963053,4.4106393635528875e-06,-0.0033880670237288794,-0.0029442740725294687,0.0006106568126548252,0.003512809416266631,-0.0020001534856164327,-0.0021405317382383418,-0.006302556046029053,-0.0007145611558833629,-0.006447547197986056,-0.0003246500179751809,-0.00010151441754589726,-0.0005776030810146046,-0.006427959478076653,0.0010258438416657517,-0.00023783652736590865,-0.0034255820577370226,-0.0006516542750012561,-0.0010088509157760038,0.001037864099710464,0.006337042178329177,0.0029090459750383225,0.0004158752642499241,0.0039388089642384124,0.006830993223521735,0.0018003388470899649,0.003324764683291431,0.0020479230090753027,0.00167939432388301,0.0011890128754603374,0.004494184230888199,0.00574688206230751,0.0042502058703089715,0.006304944556083496,0.003223565040529152,0.005129339143788939,0.0036521872620192963,0.006013850187209245,0.49636509939650764,0.5022188242987445,0.500361467627972,0.4971027177023977,0.4994821394557166,0.4922084732427486,0.4923573757897196,0.4976544227265094,0.502559828235645,0.4971388977001165,0.499296793150162,0.49302221433997684,0.49654814794004554,0.5009252288659574,0.49299312501610204,0.49397456457531924,0.49454131272238955,0.497839290510657,1.0,0.0036932186301149,0.0017942676793282998,0.0027864009209457997,0.0049739876295526704,0.0042182694219174265,4.3637769116070706e-05,0.004729063888541981,0.0008646894321557831,0.006706176654556544,0.0014146398941149536,0.0005951790748217778,-0.0006419271410392961,0.003197340014418753,0.004022255461961305,0.0035458069842072247,0.0005595833319668353,0.0038907357254553527,-0.0028317925676386245,0.0018035916235540634,0.0023783712513903046,0.004057469628600849,-0.0012596611185749396,-0.0002498232419970186,0.0004912029296845409,-0.0003342083891024999,0.005938642203151327,-0.002076124227093712,-0.0027253813236992617,-0.00017118066792194044,0.0033387553398518876,0.0006785443818293216,-0.005630637510339009,0.001439893595708817,-0.00419743251784066,0.006818340387186131,-0.0011801971114906598,-0.0019743420115599293,0.000877601714251557,-0.004994623682249592,-0.0004009440435037168,-0.003501491221176711,-0.0024248581147549636,-0.001585084552351972,0.0008782400231516362,-0.0027776722726059167,-0.002277711495873945,0.0001187223052700198,-0.0035105518985841682,0.0015491708740322625,-0.006236759979182766,0.002249784280883721,-2.6659263853521256e-05,-0.007835355417323381,-0.0030667726961686416,-0.00361986614883257,0.006713829247486111,0.002157773252960188,-0.00029190301305418505,-0.0026458825755643024,-0.0036216610460866544,0.00023195978125937952,0.001830883049907321,-0.0018179193058041145,-0.0015601167233184185,0.007349200140320579,-0.0024645101058457593,0.005925948866521332,0.003899757198115349,0.006505520219934781,-0.0009551549003157494,0.003267137647860612,-0.0007188916074705228,-0.00029905177567310224,-0.0017186546803867847,-0.00011224136688959977,0.002465025405506539,0.007213450247870207,0.0030146874232721017,0.0037729186731747604,0.00998632856046522,-0.002672772838547575,0.001366826899396027,-0.003170479779795039,0.0030951144032091422
symptom_low_back_pain,-8.691491844786987e-05,0.009278925135888539,0.002248823801344643,-0.0004896998437445387,0.005158013394529518,0.007060925847273807,0.0018281277565723307,0.002655743977785403,0.0027901046510674385,0.000635749205317722,0.002094162082643263,-0.0028857477697331545,0.0033339546919268054,0.003567907216138028,0.0008027302394401486,0.0009539541596675567,0.0027959419514849747,-0.00044073556356692526,0.0033341868662349465,0.006752968308817819,0.0030098079375101834,-0.0004414546937114797,0.004622292652843365,0.0034134833040562465,0.002442848455091699,-0.00020223142228934836,0.003397850603890622,0.0068427102181713466,0.002013606059854374,-0.0010337505066175213,0.0029792197402627985,-0.003396324740384344,-0.006346203985815768,-0.0013491404938103118,0.0001615032338920139,-0.003762693225423918,-0.005491019111305987,-0.0016528151065844435,-0.005256464478099636,-0.00788877786069822,-0.0053228810699695855,-0.005124689181135507,-0.005295604960175658,-0.004446381934124177,-0.006725137226399733,-0.007684000623643469,-0.0068554319500717074,-0.006260499767775114,-0.005633015959389656,-0.002284824586199829,-0.007877071748672793,-0.00790559359824688,-0.003380709931806357,0.0018422882694743212,0.0008539642047557508,0.001643287062332145,0.0022219144949584147,0.002715236604744533,0.0010717450521631506,-0.003116224047362465,0.0053015591098559,0.0022985281601446096,7.533840196890821e-05,0.0015968605984634436,-0.002489477047493982,-0.0019210957316407365,-0.0032096698750335518,-0.0004891155558946376,-0.00021950019889124727,0.0027827127609907536,-0.0032014741936524644,0.00424954300953918,0.004726014240147331,0.00036508605483054726,0.004377327572881262,-0.0008560340220257261,0.004709281405582064,0.002872379649874997,0.0068085799655975155,0.007433142377377708,0.001459145535764217,0.002775450678300181,0.004792054435044618,0.0013987929264107292,0.0039110414577752635,0.0059329905173771125,0.0033587614408103475,0.006083617043478147,0.005142155892069094,0.0036932186301149,1.0,0.4560078056959372,0.4570149709533782,0.4558140242547296,0.4547619416307878,0.4564992850709789,0.46036101617025965,0.4581919611784187,0.45842832368341374,0.4505710338002251,0.4541584870683093,-0.004712911425904076,-0.0020853460212865707,-0.0033379109220753587,-0.0025940480085270166,-0.0033042078236046905,-0.0019876162505059586,-0.0026364854238462546,-0.002229443424551512,-0.0009744831645537437,-0.004679917475549574,-0.0027244767573398085,-0.0048140770995409796,-0.0026171856507203797,-0.0015420164675358297,-0.003627068773367196,0.003404905799692583,-0.0022539785096952728,-0.0031259170906662226,-0.002234673181324485,0.0005541846628104262,0.000257756172264001,-0.002550611637777721,0.0017225244297574037,-0.0046345789356024595,-0.0028317317658438437,0.0004864441528779482,-0.0012203697133645302,0.00047813223123586074,-0.005066597462371809,-0.006006872374373383,-0.0021492374689105484,0.0004695352193132479,-0.0020604646643792596,-0.001017315131551,0.005052929674292217,0.0025241191184470456,-0.0007926733469046971,-0.0035833748912113147,-0.002318616412102327,0.008201497295883509,0.0026383807761102456,0.0014681288180831856,-0.0034113338079695375,-0.0008006906467511384,0.0027839773754824264,0.0012889743841783294,-0.0026339202144176075,-0.004477401566544449,-0.003755400145007623,-0.003471766887895588,0.0062275670336367555,0.0020594694006578866,-0.002561591495264538,-0.0038926654333889216,-0.0052539963990186666,-0.0006268295390228271,-0.0010595141431153498,-0.001900782919439149,-0.001137097701584671,0.00011624628878163585,0.003182523504111554,0.0025561387041415583,0.0019185500236240027,-0.0007180936398538225,0.004503562577524352,-0.0004892205413031124,-0.0044529856208121495,0.0037424890529827526,-0.001004209620058581,0.0058191855540086134,-0.002201885382248918,-0.0010042096200585842,0.004796952810915067
symptom_neck_pain,-0.0019624597948802547,0.0022774791643638713,-0.0038934721469628744,-0.003569791056440098,0.0005952058615817766,-0.002386264155776152,-0.0010467347292309026,-0.00611634730389481,-0.006289197963373728,-0.0023763270107993975,0.00016829233055196902,-0.01024365938487818,-0.0018602516990269004,-0.000234978945256517,-0.004057429883474466,-0.005052922810663625,0.005789396201606859,-0.00030872223558537623,-0.0013743337881770433,0.003075038325978362,0.0014978894317891173,-0.0003721571109243182,0.002455187113517471,-0.0006367156250714845,-0.0005015527326897924,-0.0018653314051162175,-0.0040314206721655975,0.0045310764015209955,0.006431139546207557,-0.0032296882894938027,0.0019207071434093734,-0.002274289504834856,-0.0002333920509557873,0.0013975163817681378,0.005217514564184654,0.0016638954057171973,-0.0036725383121929615,-0.002365492586553196,0.0007792006055501727,-0.0010873479493043027,-0.0007395110097200705,0.001602974193975027,-0.001556976163667597,-0.0032364146878943604,-0.005293582083265047,-0.005565002161866713,0.00010758065811877772,-0.0008338709796451792,-0.004270713757509282,-0.0014569454745297767,-0.002682230016832613,-0.0029411406361435056,-0.0021720517142511594,0.002499426152861643,0.0010099134930041476,0.002738207099116453,0.0002309938097004885,0.0033103516018405466,0.004442930735925177,0.0022352816150303695,0.0025011597109724924,0.0031013056886051845,0.0021948303986452783,0.00225310329549538,-0.004028210720317133,0.0024002551781268366,0.001842804284546949,0.0007529521348952572,0.0057122903662162,-0.00029860501529948126,-0.0029093527588167512,0.003716755422708797,0.0024141575881529895,0.002826265967606832,0.003352587142546095,0.0003805623802210826,0.004245926416187285,0.002691117274655718,0.0018600309577808595,0.00834027297132467,0.002636056791286542,-0.001327546699818563,0.005835109623924004,0.0019376882351185714,0.00780415468464591,0.002215295355663434,0.0037571486036349724,0.004425837264587647,0.005975709720070844,0.0017942676793282998,0.4560078056959372,1.0,0.45978940958448955,0.452702535299629,0.4569979020775419,0.45927425140513833,0.4571157348566047,0.4582194392402911,0.4579817047386258,0.45578964527021576,0.45601709014388175,0.00596836622293432,0.005071528026109001,0.0001818404015825352,-0.003069147163752853,0.004668949137595385,0.00247842953456964,-0.002519249996418765,-0.0033933241137998576,0.00011413528213638762,-0.0043799018119650285,-0.00016319858351584703,-0.0035574635239061262,-0.00178785250956584,0.0005014911435366456,0.0013758315880700808,0.007335583881151205,-0.003201300517630706,0.003042432908270957,0.0015137482229264656,-0.001656332803018589,0.001205056120994711,0.0014761032766190513,0.004120136546033386,-0.002338455930285996,-0.0049717252665953835,0.00025956152016831695,0.0027090548661099613,-0.00039743493280228155,-0.0005845817396508934,-0.00785093893748427,-0.0012539390602794441,0.0011253282063306692,-0.003655701436707047,-0.002035838793196028,0.00175756824081514,-0.0020580738187811567,-0.0027611544462324855,-0.002817562232136373,-0.001432248839742672,0.006275250445662805,0.002772664488044807,0.005099435417762472,-0.002481932070022912,-1.2138075791394799e-05,-0.000797833203261869,0.0035028915961921206,-0.0005880125691490909,-0.004431756528640697,-0.0021588956597715986,-0.001864330864568425,0.004939148516021836,0.000864498331712448,0.0005846772514196184,0.000263369431661892,-0.0034873532636357017,0.000560737520423435,-0.0016796303706413409,0.0009857027365265342,-0.0032845212719276335,-0.0004371862984143283,-0.00025362676459341735,0.0050088138822438205,-0.0006931318616924234,0.0018148734606394544,0.0021357571730089195,-0.0022587249889177196,-0.002320320281080471,0.002393731301698274,0.003832712707804682,0.0014415719005227594,0.0028958357158171753,-0.0008799165134639693,0.008331614912300464
symptom_joint_swelling,-0.00260283057297109,0.00548950463572858,-0.000262152384589026,-0.0029992594230049165,0.0022391188908620152,0.0036633659568303042,0.0022321613473428536,0.0017150855974991251,-0.002446403563190772,-2.52573502381429e-05,0.0030225394846479575,-0.0017770253397239536,-0.0009285805839487011,0.003330435213086143,-0.002705618280129515,-0.0026348301931316894,-0.0016485139078384302,0.005021082466196811,0.001320820961975857,-0.0012115966382360089,0.0014900530721390596,-0.00022446164428308716,-1.644301669686664e-05,-0.0007925106561505971,-0.0039001448096641976,0.00015303598403819266,0.0003873002341892614,0.0011641351644910802,-0.003859004843379149,-0.003169220221141086,0.000788040087517046,-0.002973893046250163,8.052768376512058e-06,-0.0006677351101828172,-0.0012421105670823458,0.0007568756981028692,-0.004360079455213695,-0.00013093310182640293,-0.0022752265281695445,-2.8036858033758016e-06,-0.0033498256253385677,-0.0009932177942219916,-0.003633561268245094,-0.0018461260449389714,-0.004523900572498367,-0.008111725043727645,0.002268535696865382,-0.005136027747105175,0.0012593335578781246,-0.0010640393651394895,-0.004990454288259568,-0.003171554017515207,-9.050609273531235e-05,0.0033643629988849857,0.0023933499221382073,0.0027926014052075793,0.005652487440288968,0.005061915542270055,0.004720239730263477,0.004567917474122723,0.003067219367133984,0.004259895673477079,0.0012159773709093608,0.004955097080260318,-0.0011141568256344437,-0.00019764229884474487,0.003294562500640742,0.0037468813322881285,0.006587670879887598,0.0037958695231733557,-0.0028513715103627916,-0.0014329519429293407,0.0008404459050440533,-0.0038120668593634227,-0.003070412759719821,-0.005866614494918145,0.0004509758721487105,-0.002036547844543822,-0.005215650420571969,-0.0014950866752128842,0.00020361368976806073,-0.002765857466711684,0.00020005498985096787,0.0001533043072985752,0.00045796340623556876,0.005569814976407312,-0.006308570650944433,0.0026487958351402805,0.0014915737092557901,0.0027864009209457997,0.4570149709533782,0.45978940958448955,1.0,0.44972673447783995,0.4570820735510852,0.4556650244164959,0.4599685601864447,0.4561679041307872,0.4535283144980587,0.4572611255294611,0.4556505798779426,-0.0035468730695741167,-0.0006604657479219448,-0.0028054738428716546,-0.0015207264316182917,0.0019429603834947961,-0.005582799345426755,-0.006306318630268492,-0.004968509385128684,-0.0015498850310554338,-0.005355561966983943,-0.005642555699352693,-0.004180995263945365,-0.003185452511973152,-0.006791920298530103,-0.005657317577856787,0.0023968850683537017,-0.0025662709453716393,0.0005344116126151326,0.0021515613287703727,-0.0012013628439223759,0.0003020607137564019,-0.0013484184241286247,0.005939449115696926,-0.0016135627416350177,-0.0033056999442172648,-0.0001532244897332353,-0.0007259992929831709,0.0009505477671487289,0.00044811392604654976,-0.00314170572571646,-0.001740860089963168,0.004560421173896841,0.0015396023499970946,0.0037106266590253238,0.0026760546006948747,-0.0001945212390116576,8.703885206768902e-05,-0.006697560420862698,-0.0037582614708424884,0.0077349463466861055,0.0023025228504408735,0.0023644869595130635,-0.004116247633418061,0.001435256116932626,-0.0007521496453801658,0.0035606675514469745,-0.0011465603808822765,-0.0030086452421679492,-0.0005796785266294583,-0.0010329183060927912,0.002916669196370237,0.001609204794239165,-0.0035655873037583148,-0.00021446258869328285,-4.421633444304274e-05,-0.0005120302912609929,-0.000880856070752172,-0.0024147935555158843,-0.002619033396155208,-0.0023504240371894523,0.002458458364530031,-0.0004112875367146308,-0.0006104665247050495,0.0018871674668307112,-0.000892572880384238,-0.0012745722716842104,-0.0015614902577336832,0.003934105791573273,-0.0019641284841857894,0.005954826002007507,-0.0020249137424702903,-0.0037337357293599064,0.006686575605045537
symptom_morning_stiffness,0.00017615545376311565,0.004278423397651284,0.0034289124903676732,-0.0038408034114317926,0.0017225097053553372,0.0012845502747437436,-0.0006023616737004979,-0.0016927613144102922,-0.005672532195475517,-0.0008035356844262264,0.0021938010557462327,-0.0039622294251950695,0.00039472594856248356,0.0048964721080341994,-0.001629199729354598,-0.0008372721069751726,-0.0023208527258426117,-0.0024823686428677894,-0.001261737218318257,-0.0009140253594919611,0.002678149457437538,-0.0037606473877250285,-0.004001966521326218,-0.004540859997690148,-0.002823181918746336,-0.0010531998411586832,-0.006051896687317217,-0.00268037922642015,0.0016054227071855018,-0.004645746161211885,-0.002138051192288226,-0.003136436798395982,-0.005340595045606068,0.00010948170993843933,-0.002891619083486511,0.0009766143196695192,-0.0023421494575813495,-0.0016416411039243796,0.0007016869768622942,-0.002675995574283424,-0.002855267687700881,0.003512137354416615,-0.0038179027134297443,-0.0058919791653247655,-0.006551929459570559,-0.005124600485972627,-0.0002509212325292154,-0.0031795295093254507,-0.004027396036089103,-0.000294649232004242,-0.006088007286215215,-0.0036647416841034766,-0.0003153917013517182,0.0024308949002831304,0.006737099560311868,0.004066204625994032,0.004499105816296947,0.004158279959700492,0.004666708333016018,0.0007314460405796643,0.004355880705340306,0.003987008348902995,0.003239412548762843,0.002260033432965929,-0.0027073811133429323,-0.0007289762982780111,0.0015593305729440417,0.0001009357889524958,0.006186654981361398,0.004316134713210276,-0.0026187101634810948,0.0029593637985088437,0.004141767275806151,0.00390554641055168,-0.0002562692725247808,-0.00027161143440734777,0.0053413350443735534,0.004576608343591977,0.0035200330148518724,0.0035720256172027042,0.0013818894111895575,6.627052322912358e-05,0.003068372479922662,0.0022376737435822612,0.005242641631815513,0.006750913426037457,-0.0005620775551397433,0.003998057339210699,0.004334995192714506,0.0049739876295526704,0.4558140242547296,0.452702535299629,0.44972673447783995,1.0,0.45948433459152865,0.45954477910760005,0.45741242496967427,0.46074229461815075,0.4600115030189923,0.45496522075705476,0.4568666345912669,-0.007648588894030116,-0.005457599180768151,-0.004710719532487531,-0.007520361778701521,-6.706061750043346e-05,-0.008203896579352245,-0.00905145508225125,-0.004911016165159338,-0.005300432194400686,-0.006316145483907803,-0.004713766379866368,-0.007488745334513509,-0.0038321165925590287,-0.0060369957691929045,-0.001882049909969177,0.0004632786368345761,-0.00437314892140119,0.002820672580450972,-0.0018270647348115775,-0.00040133301274117484,-6.184814122104848e-05,-0.0002273952600930943,0.005357419420916702,-0.0016174651930941294,-0.002173883835529374,0.002983022812164491,0.00197153004271252,0.005305977183217258,-0.002735454986269779,-0.002370903057064442,-0.0009374527147363546,-0.00014628199216907704,0.0014836410735266546,0.0005098680943095069,0.004919820063785549,-0.00117622989635829,0.0011265729268418302,-0.0050441272037918365,-0.0016476369006616577,0.008711762597317759,0.003593058450021431,0.005529640719925061,-0.0035241708045570014,0.00040681410564940586,-0.0009395517095405541,0.0033238081208870553,-0.004714271823268383,-0.0031601615968114014,-0.0016355057691748683,-0.0013348623732715203,0.003967884496131835,-0.0026740559748234076,-0.000915701011625079,0.007416333324304493,-0.0011605549294344648,-0.0007166679943215078,0.00023698912216441178,-0.0006579489510647504,0.0009515699081663123,-0.002688172688137997,0.004814130010443491,0.0008565547248111791,0.004475905900391913,0.0007796787380165069,0.003085892614627108,0.0012421887548872967,0.002147410650368941,-0.0014861268593944215,0.002343648201823425,0.0001682922022093265,-0.0002073949294915188,-0.0005895835466613375,0.008948543125047562
symptom_reduced_range_of_motion,0.002646638409412418,0.005328255966829678,0.005055744724285219,0.0003963607114152062,0.00548112678256718,0.006891672894262914,0.0032832024733526447,0.004183384862652987,0.001681889586304379,0.0012375821643617227,0.004474031044232201,0.001835466182780878,0.005289396053769383,0.006803995078235095,0.003537015315612099,0.0026218217892870635,-0.0021522444577207417,-0.001122204046306026,-0.003236985100595068,-0.002015854032891396,-0.0022436425095404312,-0.0029090288108027623,-0.0006074354102952321,-0.0031743936529111585,-0.001239674983505081,-0.0020041154818289247,-0.0009469533308745572,0.0012427485165628883,-0.00031078393985293834,-0.005241807718538945,-0.0019697813456179755,0.0022486488547891906,-0.0004946861833687413,-0.002775972190633376,0.0008820174752125403,-0.00013138479612048962,-0.002779468869268765,0.004595742733000886,-0.005838472546530646,-0.0030338329264107296,-0.002610179398471747,-0.0011881664194066045,-0.00020017673311063978,0.0008673070441325871,-0.005625656148235979,-0.00789348159213159,0.0008467469928012736,-0.0019367940939644416,5.996923759225612e-05,-0.001103816493988858,-0.005242929957470491,-0.002274732456014156,0.0010960226110071853,-0.000756869345319631,0.0007557282951156516,0.00021445730130043695,-0.004199830373853575,-0.0025010250797657166,0.001036956366205059,-0.0024977964780600603,0.002254923759173374,-0.0001564623537485721,-0.003193626233641797,0.001930760770215598,-0.004715107996734207,-0.004236954670571215,5.3806765246207946e-05,-0.0056521698871123465,0.0016535108140766225,0.0023857054157177243,-0.00352461264062293,0.005847525833120501,0.001905700825700116,0.0059493002292817536,0.0027711141348217448,0.0015936957889550471,0.00430888796151803,0.0029696830715061277,0.00612823270361655,0.003553871601441536,0.005336436098264045,0.001020403661024636,0.008457151479565014,0.004348279347754177,0.004654732345670477,0.007961193974269103,0.00317564067095196,0.004767260270988136,0.006173337703292871,0.0042182694219174265,0.4547619416307878,0.4569979020775419,0.4570820735510852,0.45948433459152865,1.0,0.45733601542398294,0.4557136948150152,0.456052743842415,0.45381914535114853,0.45354857360818246,0.4517884356821388,0.0013467092719147667,0.005030712948759518,0.000586515503885898,-0.0037092317585471525,0.0007984625518205137,-0.00032904616121311636,-0.0044654528379414644,-0.0019558836576953073,-0.004345043867939476,-0.0023282932166314085,0.0011863930530597842,-0.005323975638430182,-0.002516448199725136,-0.005508421432677801,-0.0009618421299712239,0.0018461069439631352,-0.0038232181515678735,-0.0024413500824151243,-0.0023660356321723816,-0.0032716453288411523,0.001213857896307197,-0.003504889211046154,0.00213830341419453,-0.0010644723098739547,-0.0003143271188174803,0.006129178123006632,0.002094720866911384,0.0042058126916451315,-0.0011957738858109958,-0.005650690885968221,-3.0152350127509663e-05,0.003071666892029453,0.0003808942661177169,-0.0020874668336351427,0.005104126499862485,0.002593512899929345,-0.0007363215994964429,-0.00023182032653072397,-0.0014745246430814215,0.007584383340807768,-0.001867247092126986,0.0036378605919767048,0.000868079022851222,0.004019609222758705,-0.004470273201667634,-0.0008137817713442756,3.356597521025036e-06,-0.00722324377784284,0.0023064582453172326,-0.003422908914009254,0.005587653660743929,0.0001556187986322096,0.0023423487459540517,0.0025061990095192844,0.0023774317599006486,-0.0028357758356463867,-0.0010057669309926358,-0.0011505872919610504,0.00404803255889733,-0.005141465575037083,0.004991676810325947,0.00025700528906348906,0.004700048377640187,0.00014340938276907294,0.0020784193161750637,-0.00044701147760114866,-0.0010168638050460093,0.002344218729461355,0.002593512899929314,-0.0008160174539714711,0.0028449382941318304,0.0014163151372702102,0.008284558467288079
symptom_muscle_weakness_msk,-0.0012833213465851196,0.004739917960701973,0.001696219598235079,-0.0030333199771333265,0.004261072721289679,0.0002808691273416481,0.0009859896674166665,0.0004681953884118427,0.0025867480741713672,-0.0038318712925611773,0.003118375999227611,-0.007360598820248032,0.002653448697089271,-0.0002679560236895969,-0.0011021989880144743,-0.0002444727119940062,-0.00237547299426214,-0.003076042034035319,-0.0006111539651723639,0.002789441145299245,-0.0011919801074075,-0.002453971700378234,-0.004866699082587035,-0.0023466701896282124,-0.0011648451354921597,-0.0013264780900665036,-0.0009427499520957592,0.001478141034069791,0.00119407579898723,-0.0012637414945905752,-0.0036943135406068053,-0.003583378598524523,-0.004524403173573051,-0.004895033099724704,-8.705014424981476e-05,0.000135182665658521,-0.006202776858814561,-0.001978054594930357,-0.002741156728242965,-0.0018504927609740592,-0.00012113911690432706,-0.005600697145586412,0.001215002904500627,-0.004688328701417092,-0.009208480805367302,-0.008025759174747621,-0.0010416432875528492,-0.0033660743286597346,-0.0036538003808803707,-0.0019898997673479476,-0.003294598382850722,-0.001477038455810651,-0.004317381656993441,-0.0015873121666003852,8.524826050904144e-05,0.0012928211968387328,0.000695432948309886,-0.0011280991686201157,0.0035857215195597993,-0.002014611971497296,0.004290349251989943,0.0016563661463676615,-0.0010902332383695968,0.0022774695406659992,-0.0056150104543324815,-0.004634557865773,0.0008390595528487877,0.0014376435315425773,-0.0009950258511255362,0.002220406288740293,-0.003909303542821044,0.0008988195167374364,0.0004546289355325248,-0.0007002461604246388,0.0003968074493399109,-0.0035189438394998096,0.0014975654487619611,0.0007280704709978923,0.001184589387268899,-0.0004559403240834789,0.0007471328013804436,-0.00650175403087586,0.0038779535397727,0.0038299070237071795,0.004349815574196266,0.0002616312711207805,-0.0018380056051048718,0.005533971317051303,0.001955758172352815,4.3637769116070706e-05,0.4564992850709789,0.45927425140513833,0.4556650244164959,0.45954477910760005,0.45733601542398294,1.0,0.45997620495367014,0.4554194593556799,0.45808948879685313,0.45291384935475565,0.4580390629806776,-0.006346901131843619,-0.0009529790049837521,0.00022430847275638655,-0.003980763678056802,-0.0007884317986637648,-0.0014579748459890814,-0.002565253890846556,-0.004476758570868354,-0.0019263860355703609,-0.005640513333101826,-0.003674746055673523,-0.0073318911099290365,-0.005815175728591095,-0.0032664288624156645,-0.004452859885996428,-0.0013647549027582758,-0.00019116044063617482,0.0029870308955966844,-0.00225539458035102,-0.0005397035303821049,0.002505026484689774,0.0022349926590730677,0.0015317301632547208,-0.003029107117863554,-0.0045854456703951305,-0.002395747606888675,0.00014505036179723117,-0.003059487828673736,-0.0013149597232107928,-0.007625595451052083,-0.0015853635473786825,0.0026329969635003666,-0.0021473324964751297,0.000746323337698459,0.0034655101908387604,0.0038499547462073104,-0.006897578121518691,-0.0047826518940913216,0.004162646062856874,0.00492437403207468,0.004508329381386123,0.0008851361544852057,7.314069563276017e-05,0.0006831603452891893,-0.0007900985602496124,-0.0007732947950860768,-0.0012185030706811388,-0.0016528012392490238,-0.0006417920843798774,-0.00261001763548974,0.0014410040624217128,0.006783402329299908,-0.0006108020850598341,-0.0037547025442037523,0.005809051340215647,-0.003922201740421975,-0.0016666492415316507,-0.00456782321829431,-0.0015609538093816053,-0.0017534723737964138,0.0006388897797415602,-0.0004709928928538774,2.012103652767404e-06,0.0010125383722874803,0.0015278946492949003,-0.0013241921111539186,-0.003660788719699948,0.0016787903347242504,0.00031468117909496285,-0.001890930794721525,5.354142036009718e-05,0.0026715302238364737,0.005764038573640469
symptom_bone_pain,-0.0009982408335545727,0.004094484199883975,0.0018255901729123138,-0.00529376221562554,0.0061276319958601085,0.0008090495085480941,-0.0022687557747368514,-0.003500845283042002,-0.0006682086198427037,-0.0020473325867532114,-0.0008956157214335909,-0.0037156347749577596,0.0022503960871593904,-0.0008155389264762083,9.839472395998902e-05,-0.0025038519483100096,0.0002131043096292144,-0.0010609701822049476,-0.0041019282079318145,0.00020061497467776084,-0.0008389316136718621,0.0026338787859993924,0.0003821127134943802,-0.0029783894100943713,-0.005883805684742101,-0.002177074189258376,-0.0034404462788280173,0.0006581778572411716,-0.0010891051975443695,-0.00262537583302968,-0.003931316023226663,-0.002978844395011464,-0.006187007704504322,-0.0021170765445363707,0.0014658274900649756,4.3767526269010835e-05,-0.00471775016833312,0.0032418743512071043,0.001825149315610187,-0.0016188905894572395,-0.003243122085312229,0.00013586970229302093,0.001226654937877115,0.00011728012556009137,-0.004797115590167892,-0.008030208212781192,-0.00010761871472386719,-0.0018866450679894103,-0.002137926434834239,-0.00015680779730274498,-0.003717135147283173,0.0008443394762585013,-0.003686173748919013,0.0008179907016012409,0.00162116914602809,0.0044975244091902174,0.002884967648818115,0.006830084117291487,0.0068502862165093084,0.0024959014618297407,0.005888600437666305,0.003030146934352922,0.0011893859262716996,0.0023265159394421377,-0.0006770721916476448,-0.0007993948092997134,0.0022839868096313867,0.002647429817895031,0.004053340821305873,0.0020429783513212486,0.0005727991711393193,0.004274137583078725,0.0035358297632123335,0.0015966541439084085,0.004671149278421661,-0.003564951684482208,0.003104117812663608,0.004755853638430667,0.005611044565235895,0.003033846254817726,0.003477518252931273,0.0004618001454864326,0.0028873969667057675,0.0026950612163873277,0.004633164615809076,0.0026660380060829713,0.0015317553349046599,0.004024488598416641,0.001386577771472133,0.004729063888541981,0.46036101617025965,0.4571157348566047,0.4599685601864447,0.45741242496967427,0.4557136948150152,0.45997620495367014,1.0,0.45978613867057977,0.46005827438720176,0.45607105626283456,0.45355687905908076,-0.003466686438688217,-0.00013899273958683383,0.0014278649738868518,-0.0054705232293405705,0.000868495755575783,-0.007024651712557715,-0.005495670005638876,-0.006403214222045799,-0.004287300782771508,-0.0035730974602337746,-0.0013782964530921905,-0.008372555904736456,-0.006704125740360701,-0.004082474068665175,0.0013973670268166742,0.0033732715723122303,0.0007062953676067886,0.005456143377365908,-0.001677960041999227,-7.930364163797936e-05,0.00386367477858729,0.0002894916416751155,0.007021063335311119,0.0033793890761851697,0.001419537868608265,0.002366730398190202,0.004680779714244636,0.00445111660279999,0.0008572051230238168,-0.0009052408364720214,0.0022560924869889157,0.008783886538230555,0.0038978571462331604,0.006082475988367191,0.0014619458200527003,-0.00011524018342751194,-0.00034586865790780163,-0.0038250282483377643,-0.004899573118085873,0.00248893712079885,0.0006251842448201113,0.0012231018378230044,0.0006188414661756306,0.003694819934387117,-0.0034103830304014152,0.004322263554199116,0.0022470084027226985,-0.003202933578115111,0.00276695160118525,0.004608132232598569,0.006661552937298226,0.0011420826355473558,0.0019875044026006674,0.00499806585084647,0.002119736770102564,0.005923454073284801,-0.002006202868363157,-0.001443804709010951,-0.0014292736653983486,-0.00013774595388920194,0.001225954080775848,0.0031114110869136236,0.001663393644399826,0.003126704293451704,-0.002606129496531791,0.0020880263084848854,2.7129215966191796e-05,0.000598702317297452,0.002227747151956329,0.0034305633878836273,0.005379637125789032,0.0010562534842643817,-0.0005487713991466884
symptom_limp,0.0010520341809587802,0.005865807478050386,0.0011868010278313942,-0.003462385165364606,0.0035200563084294948,0.0027981529961724908,-0.0006494206964411004,0.003931459492050682,0.0010936150105426083,-0.001274743423292572,0.0035662136759944995,-0.0018124723401933272,0.0020493995713088894,0.0020114184589528484,-4.54445194320295e-05,-0.0027992076563756424,-0.00541752329458069,-0.0027400831613552407,5.1565303709672285e-05,0.0013724595840093013,-0.002214891921014398,-0.004536736498026998,-0.00022853472916915669,-0.0018842335674402026,-0.006974465100307161,-0.00519532571200567,-0.002797250960415732,-0.003753615580446557,-0.002908969191037917,-0.0060264436243908925,-0.006431479034201473,-0.004577119440476455,-0.005623974211557823,-0.002314471717190385,-0.0011081058765075873,-0.001747927129110131,-0.006372496573613239,-0.002078913845752016,-0.002784205744648631,-0.004334252788856595,-0.0003072414210521953,0.0023164975030334533,-0.00257144631455812,0.002069966920532524,-0.002935184184063745,-0.007404840833990412,0.002221952497138429,-0.003004726144802041,-0.004232101573302538,-0.0036328901195895845,-0.006910948709203018,-0.0037973091709284476,9.094190642602848e-05,0.0008878614980427884,-0.002515205271747615,-0.0006254576116326385,-0.00356154619296974,-0.001750345949769845,0.0006339538016821751,-0.0036097060165005824,-0.004007070424896335,-0.0023866977451672765,-0.0017495942928960244,-0.0021359402605850503,-0.0038086011261235565,-0.0017647197092491931,-0.0007891678641087095,-0.0019529038668983575,-8.608581514594158e-05,0.0008016194577939883,-0.005395597734198742,0.002768705004457381,-0.0019465307011006263,0.0034330734090104323,0.003104708275140684,-0.0012508161876539877,0.0037276259510175486,0.0023216841402344947,0.0007715585521748049,0.005016972441750931,0.0022575022540471308,0.0003723207726725846,0.0058628206921963666,0.006593692978240568,0.0044865596024201,0.0048644005664039355,0.0006680397628096386,0.007500857157819991,0.00201977373893192,0.0008646894321557831,0.4581919611784187,0.4582194392402911,0.4561679041307872,0.46074229461815075,0.456052743842415,0.4554194593556799,0.45978613867057977,1.0,0.4576490664277045,0.45551025511105325,0.45687908105372377,-0.0010918983357744623,0.0012909314150313135,-0.0009679761321488963,-0.0019778197893608753,0.003160455237541471,-0.0036230177169898977,0.0011337545819261959,-0.0007549149858744017,0.0005056616291391904,-0.00500820190021142,-0.0011603228377328459,-0.002984582700260776,-0.0026974308984713154,-0.0014510971288839063,0.0003521162147283717,-0.0016098737979835687,-0.0023192224587696444,0.00559187434455525,5.240801196265159e-05,-0.001223309802971562,0.002179008190200596,0.0035594181105068554,0.009400365769650124,0.002870739828977309,-0.0009111181571857798,0.004409017702644775,0.0037921612668918706,0.0017784330420942082,-0.0012345079714172053,-0.004300161271361753,0.003984100377125529,0.004066769841726843,0.0011534228020940501,0.00018321643498889017,0.0032562973963229606,0.003552839321054223,-0.004355211895151607,-0.004358795996454956,0.0007603309126223401,0.005342620759879515,0.003059480893042109,0.006965069358115741,-0.0035020632718968086,-0.0002418895175733903,-0.002134846433433828,0.001209512159809027,0.0036710582196047585,0.0009962337504868892,0.0013883890403500268,0.00020116625407895136,0.0039984435301074995,0.0012761394357277281,-0.002089646902489737,0.005732318486076839,-0.00029634784515995984,-0.001817613486372782,-0.003327425730936562,0.000757204389183323,0.004955828698186143,-0.0013336171662901455,-0.0004300856519547546,0.0032277250332277095,-0.003634389576903676,0.001616192161071664,1.27711010975393e-05,0.004027662698103931,-0.0025430023126679275,-0.0007332813236917991,-0.0005556109580188682,-0.002032535570391823,-0.0030246011348366805,0.0006182319788591567,0.0038349027089408377
symptom_spine_rigidity,-0.003620090205086098,0.0018281170534609511,-0.0033455222622518176,-0.006007967052239372,0.0024197042960067074,-0.0027643030710279614,0.001779258636509165,-0.0010871780340283293,-0.00039514977497183645,-0.0012602662228725764,0.0009949939974142309,-0.0010177821388897357,0.0008845807498471622,0.0006698048567554816,-0.0006657047192725134,-0.0005186235592580001,0.00047399300017318365,-0.0008968211094887127,-0.003457729560568845,-0.0017898698744434006,-0.0026188874612787993,-0.0030558273297662183,-0.0026237079809276927,-0.0007751593942662123,-0.0018408239883086982,-0.005152985977158088,-0.0035688354436232716,-0.0032407982141888624,-0.0019586563787610594,-0.00381692758673537,-1.8390379452738197e-05,-0.002939432989645874,-0.00020854044402379658,0.00011776172739782741,0.001474358830561889,0.001611398822160491,-0.005104104324605117,0.007111086111623681,-0.002184128282514517,-0.002442470021257838,0.00028516263925664766,-0.0005189859386306007,0.0015448620397291127,0.0023037298786187793,0.0004150181739737116,-0.0037675835075469915,0.004128212249373489,-0.000884613077976696,0.0021846476285872817,0.001252280865823677,-0.004807299588075615,0.003312995813674357,0.0002318555513809322,-0.006014727446175903,-0.0014796606802035183,-0.0014498007393528452,-0.0014596407156405116,0.0024278648769017037,0.0010621941580901447,-0.00394980454049204,-0.0019118705572126339,-0.001306415207205175,-0.00647837930614879,0.0011499855297561435,-0.0024202211897746237,-0.0011286690151587851,-0.0010215781561318969,-0.004675461803485698,-0.0017550384228987815,-0.00022720827937229945,-0.005472491144847824,0.0042665508076908144,0.00396181290442757,0.003232035837909965,0.004114470115580793,-0.0010685787153776269,0.006295911160695433,0.0007425022910107509,0.00569036353000567,0.0057522906843814735,0.0029003022777658962,0.00414675624462337,0.005598588848534809,0.0059062061394173975,0.00678307775440542,0.006247814578428264,0.002380834895200648,0.0021245268408164016,0.0066640948251942955,0.006706176654556544,0.45842832368341374,0.4579817047386258,0.4535283144980587,0.4600115030189923,0.45381914535114853,0.45808948879685313,0.46005827438720176,0.4576490664277045,1.0,0.45040106785856565,0.4552178637013678,-0.0013749153568253826,-0.0022060660139560546,0.0003619365478832053,-0.0036714510459461983,0.0009216973516814789,-0.0031423897865232786,-0.004519834924910679,-0.0026959158446403517,-0.0026589941512237163,-0.005329304928812842,-0.0031930291814981633,-0.005893840701598282,-0.007238342713417558,-0.0020066431104798052,-0.0017599286450990456,0.002761870805239017,-0.0028197736043836493,0.00315040589829294,-0.0024464560373439366,-0.001816098617898217,-0.0005835394867698198,0.002588629878658063,0.006579609969737217,0.0004829146516702906,-0.0009323552904116592,-1.1811624191338938e-05,0.0029943488588159333,0.0025400932194555004,-0.0006170101789528069,-0.003633421170149361,-0.0010467433304527213,0.005890849614339872,0.0024809924748570907,-0.0018283944268083384,0.0008946418566476092,0.0014546898568623446,-1.3402655432574036e-05,-0.003495067407042466,-0.003041874191645956,0.00420652230946336,0.0016050961425042255,0.002262214272609419,-0.003343610014848989,0.0006502695235313256,-0.006885416375776087,0.00027738474378820343,0.001972599386200306,-0.00305368460226052,0.003841102489836309,-0.0026378826823314043,0.0014087154375183025,0.0021564649461631408,-0.0018579907387032443,0.0013937624242274169,0.003248624168221506,0.005038731612820349,0.001908121939676717,-0.004597282629602189,0.0029514678215901845,-0.001120877670053578,0.000613442051171975,0.0002853642425354285,-3.0523724718793067e-05,0.0026131210344592527,-0.0028728147654686416,0.00142499483735245,0.004429235729547593,-0.0027224668303405994,0.002632500220836765,0.0025431602919804663,-0.003546212966996657,0.001454689856862333,0.005735292570155011
symptom_tendon_tenderness,0.0006735768868173371,0.009319440098049891,0.002013203890058682,-0.0032731501365898526,0.006113731397040284,0.0011451223937555593,0.0016682571192882575,0.0030559361541045256,0.002135700300351121,0.0028819922872483084,0.006788918152412485,-0.0025441175680204218,0.0021644226004666318,0.005181859183754773,0.0034726077252778664,0.0018582049522726256,0.0005839053443283278,-0.0010704600563350576,0.002975801135871092,0.00438254372325754,0.0035662795394172503,-0.0007129242277202171,0.005680545287687224,0.001719906286093755,-0.0018601736751800726,0.0011041978162264537,0.0005109946578014695,0.001857158800990142,0.003688259979437388,-0.001514089197142919,0.000841854253805168,-0.009216928475889856,-0.008104147756695783,-0.007932918094032163,-0.0016800963581000106,-0.0037709822645986815,-0.008089507518415731,-0.0005075431462900009,-0.00442451543724061,-0.006357059375842912,-0.0054711872928366895,-0.003297082494000517,-0.006283011685975093,-0.00827139914164611,-0.00794304081920753,-0.012878682747304318,-0.0017954564457462229,-0.004188298361256463,-0.0064051076335378725,-0.00412794358473604,-0.011386056018467696,-0.004904439403597645,-0.005449556980542972,-0.0018138745525186756,0.0035295162863962105,0.00011047966660236066,0.001127787033204506,0.0027695077081755616,0.006271487540204561,0.0024862181187904606,0.0037647082676377907,0.004640488923253894,0.0014039388953281135,0.0020357761435025987,0.0026106057437567075,-0.0020522737564722016,0.0022123793068653534,0.0030910320880600966,0.002757229175232679,0.0019002979128239375,-0.0036437003971108097,-0.00016809016807642116,-0.0004040629389988825,-0.001205200784734166,0.00038367395921124804,-0.007967106894410093,0.0034215263956177923,0.0002374531638327917,-0.00010261320134967454,0.0008770394033639488,0.0010984949339937697,-0.001425779780177767,0.0007265485325901181,-0.0008135530958251224,0.0017647960028363686,-0.000831301347007406,-0.002336500652541868,-0.0012492562706790712,-0.001337298354018127,0.0014146398941149536,0.4505710338002251,0.45578964527021576,0.4572611255294611,0.45496522075705476,0.45354857360818246,0.45291384935475565,0.45607105626283456,0.45551025511105325,0.45040106785856565,1.0,0.4563610267389827,-0.002002173955635028,0.004522854121808849,0.0023723126981011547,-0.004185402302612514,0.00041913579515735983,-0.004101885026456517,0.0003926536417306865,-0.004082692334676936,-0.0017038959449859569,-0.005486333411705929,0.0025046528915392695,-0.0013902276740823804,0.0031196489092873247,-0.0047776588243589255,0.00014275120338052273,0.0057138322871322315,-0.0006407223141123321,0.0034977050685572504,0.005883345935242577,0.005494385479649143,0.004042955988671514,0.001088387294929628,0.006397306735456806,0.000501249719209621,-0.00020689238041562115,0.004955484512822724,4.4572664694602114e-05,1.1233851777443787e-05,-0.0018818709598643422,-0.0019135174474282609,0.0007908236716804948,0.005647827952645785,0.0020210498128833236,0.0010458150469672546,0.0040803087298986445,0.0017636798133294114,-0.0002451194049317478,-0.003068132829129284,-0.0032313504364801637,0.0039561272623421136,0.008162381347444007,0.0020263395652649154,-0.006897859048034594,0.00448194237115291,-0.0045693401665938445,0.004394604513451494,0.004929464689342849,-0.0003964897558912885,-0.0016305503974911504,0.0009343132255715116,0.003973702859346924,0.003210383223231752,-0.005131723414583496,0.0016841511671340488,0.003046691743741844,-0.0018314368376601098,0.001678777810688467,4.049011072278152e-05,0.00039171600682896547,-0.0013576400663294732,0.0004294718886983774,-0.001482672998562352,-0.00026575505547327886,0.004028855322751051,-0.0024979873559056926,0.0012464482943366493,-0.001891936961705879,0.0014214120580019769,0.002937077222154253,-0.0020463959176163105,0.004775422065686314,0.0005902824045044908,0.003814491803136782
symptom_enthesitis,-0.0027646031940985775,0.004455138714766856,-0.0019218800926741443,-0.006354497101717985,-0.001145296681424483,-0.0005899940716209879,0.0016307411731878705,-0.00435018297340017,-0.0023017485319172157,-0.006223456404442977,-0.0027881651246340795,-0.008036183415504152,-0.0005607061667943948,0.00017700771719973265,-0.0035068720073017532,0.0011116644677385311,-0.003548886448538719,0.0016002887232942778,-0.0009965678691287682,0.0008467101856813716,-0.00363574458641268,-0.0035696197986604017,-0.0019474028442091815,0.0013975815558763638,-0.002780801487135465,-0.004373032725130872,-0.001454157789054268,0.0006405800218630292,-0.0019385142686454465,-0.001761293039976711,-0.0017969741166010194,-0.005086758658578339,-0.00414992283509252,-0.003668151210723171,0.004584344218627562,-0.001345354052931928,-0.008564809278420866,0.002459723280242289,0.00013604401628132545,-0.0033184420432879323,-0.0048758635064253845,-0.0012532098304050025,-0.00584003991573599,-0.002489756222490512,-0.00727131161881585,-0.003546647488624136,-0.0011240052548681307,-0.0020631799340118553,-0.0031437109599554403,-0.005138319375881353,-0.0052002903166689565,-0.0010156827034048836,0.00011170270117092461,0.004004806644361978,0.0029166468905397138,0.0022032341194507966,0.0011721908961173707,0.005581249295005238,0.0008284912084083866,0.0022378469148915782,0.00549375942309113,0.0036603118272006486,-1.5643007335501817e-05,0.0033955866965577723,-0.0018665595964898443,0.005239826547104545,0.00042868861971393304,0.0010894435295585284,0.0004680921949250848,0.0034052200099713367,-0.0006853652477862569,-0.0002757176143154668,0.00019855976789249024,0.00017782889504493703,0.00410901273428687,-0.00030732433692725,0.002531089852061187,0.001197014017684351,0.00469170960462677,0.0043162740202436455,-0.000714860081846223,-0.0014622101301645925,0.0028902669665749397,0.0019176646438551503,0.007833285534881903,0.0063601499832874895,-0.002018087077707109,0.00850077209136712,0.003305938881421335,0.0005951790748217778,0.4541584870683093,0.45601709014388175,0.4556505798779426,0.4568666345912669,0.4517884356821388,0.4580390629806776,0.45355687905908076,0.45687908105372377,0.4552178637013678,0.4563610267389827,1.0,-0.0025966593870182467,-0.003238869598276284,-0.0014378763319659257,-0.0025347655030628037,-0.000614364144031297,-0.002025295173296108,-0.001771766550225696,-0.0039013626004725807,-0.0003982716361027949,0.0010095644268222595,-0.006725283306758025,-0.002418156460243414,-0.004547902559626795,-0.0017498134383047283,-0.0038820518506028656,-9.938500281355196e-05,-0.008260337771144561,-0.0033878436797857583,0.0031954890623900546,0.0012829124228065215,0.0006346021142881699,-0.002242617768119516,0.008663376897805757,-0.001641936129314103,-0.004270273126714776,-0.0033443972888217758,0.0028951630973392812,0.0016013836488139904,-0.002287898424486522,-0.007427543683235892,-0.0012053207558135233,0.0018155648265755938,0.00017791251954862416,-0.004924876766864325,-0.0009931910594604225,-0.0005928173900922892,-0.005073471857047971,-0.007673958525718446,-0.0024440513733408912,0.008708564373275279,0.00415975387182949,0.0013161451100058975,-0.006059359581971796,-0.002308629030876313,0.0014804947929948453,0.00012153673585984793,0.002350034557279742,-0.003161402906105982,0.005103761032197497,-0.0020919769874590856,0.0046644816249494635,-0.0013706328990805224,-0.005743650801101827,-4.7695953786434316e-05,-0.0036841209861356635,0.002635567100357672,-0.00048380873589509927,0.002110875980190013,0.0020813829870647343,0.0012835327634548234,0.0021784288304720865,0.0039792460205104845,0.0024384329662976803,-3.370160333535273e-05,-0.0006437000025162004,-0.0024421862525081522,-0.0005519661001096007,-3.7686388464371007e-05,0.0011670431527604562,0.004602261613127899,0.0005008972828869893,-0.0041125384757976224,0.003807292034160449
symptom_rash_maculopapular,-0.0006136274186991942,0.0015256011935747935,-0.00044366676835923063,-0.0017434481793497773,0.0004714536432020383,0.002400587105549299,-0.0016713549240453724,0.0008634273116620812,-9.005796031691106e-05,-0.00018201407709243488,0.004419897604196377,-0.0028787176167465412,-0.0004504572468258875,-0.0002918706539366063,-0.004439994451596489,0.005262253553640554,0.001461567845600588,0.00249218534935374,0.006201859939480306,0.002188247082513082,0.002287816924863671,0.0010884186768671568,0.0034536726724062774,0.002143595987725386,0.0014833950277670551,0.0015661636104146498,0.005456142445736371,0.003733287432084674,0.006857336191316876,0.002501020534370023,0.0012137949264657529,0.006021825264133639,0.0026071754185335795,0.0013654564276095232,0.0007669538637026824,0.001600027571471378,0.0033928202563186572,0.0036732920154855554,0.0026249788045606607,0.005725530759375873,0.003813778890975031,-0.00045689450862233404,-3.581727549670784e-05,0.004236381027172251,0.00647405838787654,0.0029626763777211274,7.614170310958237e-05,0.005376640108929531,0.006551200787664074,0.006966989290785282,0.004789229371669032,-0.0007278817954752985,-0.0034987527610215344,0.0002993890562549116,-0.002993790847260037,-0.003102666593977353,-0.0011092593805454931,0.0016942722223140527,0.0007940034926862691,-0.00031072505618500064,-0.0044992578337322365,-0.0032274912003507593,0.0005021275710579784,0.001390708569943355,-0.0012492396081573316,0.0008203535232961153,0.004223765930558697,-0.0011668691190849828,-0.0003960357451571747,0.000563805979995105,0.00021255705526809074,0.0019002752268170847,0.001029752673532496,0.002065945579921991,-0.0023011572078635947,0.0009536467689529701,0.0013761915167137253,0.0013691493285253509,-0.0006627417597212348,-0.00119065171609318,0.0005512867621954833,-0.0013096788428997648,-0.0004882294733950818,0.00023566960280016027,-0.003579664032237628,0.0050297532017000175,0.0005035920314666344,0.003084720987048955,0.0011689180009659332,-0.0006419271410392961,-0.004712911425904076,0.00596836622293432,-0.0035468730695741167,-0.007648588894030116,0.0013467092719147667,-0.006346901131843619,-0.003466686438688217,-0.0010918983357744623,-0.0013749153568253826,-0.002002173955635028,-0.0025966593870182467,1.0,0.3620195753301536,0.36480602027631875,0.3615284947150763,0.3658401111138618,0.3581495424226903,0.3565722974459975,0.36098419908861135,0.35830726055269785,0.3591919994818596,0.3591751425427903,0.36267707455566467,0.36140044166172625,0.36197998060581216,0.006711411483085321,0.0035851377216448823,0.002722911903576339,0.004396006767766743,0.004844316854443467,0.009386257171127229,0.008376185424833411,0.0011774728039842084,0.004375634996757359,-0.0003856292726465567,0.000796783537317959,-0.002538918425509442,0.001423457561018385,-0.0032262320323576967,0.00030114002101865105,0.004018562305374683,-0.0014538617037311772,-0.0007651397819216726,0.0032085267575631743,-0.0022484519994310703,0.007401549194899803,-0.007750327540439796,0.00043828474555172235,-0.0021257541842058508,0.0032604969529317967,0.0007348443110031484,-0.001718793182731497,0.0011686223079871334,0.0016783702837497583,0.002914649028316324,0.005618215736730236,-0.0002039714386044069,-5.754124514064713e-05,-0.0016704546114751147,0.0019953493705671395,0.0005639288613275953,0.0034156039156639025,0.0006134174807712726,0.0007673123953762984,-0.003379535068356827,-0.00037239948362213153,-0.0015895224458228447,-0.001187214999894523,0.005375114627291156,0.008882241849744243,-0.00030658790196752024,-0.003000804543344455,0.0017895152896843071,-0.0009158429600609355,-0.0023879541405452333,-0.005649625208763614,0.003473217976621629,-0.0003800235939298234,0.009008878557600295,-0.007087631020662618,0.004496880024204928,-0.0007379278023426137,0.0008647272166642101,0.00601293597970146
symptom_rash_psoriasiform,0.00026384574415090904,0.0008732496431309656,0.0003529646720565885,0.0014604174212944927,0.005206249579486452,-0.00022802679951441638,-0.0028103610420448194,-0.002509692650006225,0.0016653108994429374,-0.0017110705938120578,0.003484497572704271,-0.0008039188100688448,3.645400517422346e-05,-0.0011094924793870482,-0.002690460614321742,0.0035035943591381056,0.0009304176503898263,-0.0017733943688714967,0.001311858476993902,0.0004734842582741378,0.003110863948501176,0.0017502808173481318,0.0023494556649904055,0.003057838429540494,0.002809917083857378,-0.0016731507454486405,0.0022318350890345026,0.001955634764265865,-0.000936708790269071,0.006459667757447302,0.0008504954479612005,0.0015400905710462088,0.0010169590998812274,0.001064254118152563,-0.0009339366640103413,0.0007868220247448756,-0.0072948108282686434,0.001987041365669509,-0.0012081317082254662,-0.0028686191985918693,0.0014355658026705663,-0.0003248408158395305,0.0015602640421098774,0.0011867021050098862,0.0035872221688602003,0.0009200051739860439,-0.0012737440493168627,-0.001937232143589708,0.0012665456357442923,0.0005416986440568966,-0.00019297496483145879,-0.0032122671767375365,-0.006670060921154534,-0.001775841395011098,0.0008886047382916108,0.000442509725933957,0.001280835612868905,-0.0006026738029468521,0.0010352758502045717,0.002491432804942263,0.0015298395939101039,0.0029696778852008167,0.0015688220893019115,-0.0002680519300753924,0.0009846890605025582,-0.005245631383128541,0.0051414680609031555,-0.0011724481670585798,-0.0033605409947156245,-0.00026553194248759676,0.0023698422771267426,0.002044177503829845,-0.001964401983685047,0.002137422679116865,0.004192403942128996,-0.0001281431365337296,-0.001950660089762303,0.004329113814066263,0.0009258318657114738,0.004582235642066337,0.005202549819209013,0.006396179628753527,0.003999818962124132,0.0015090335492068537,-0.0006296815879917783,0.005762160841632421,0.003546296815914744,-0.001094523138977007,-0.001167052359270235,0.003197340014418753,-0.0020853460212865707,0.005071528026109001,-0.0006604657479219448,-0.005457599180768151,0.005030712948759518,-0.0009529790049837521,-0.00013899273958683383,0.0012909314150313135,-0.0022060660139560546,0.004522854121808849,-0.003238869598276284,0.3620195753301536,1.0,0.3671421481178718,0.3638637360919865,0.36532012496673993,0.35432813031133736,0.3653833742059464,0.3701648069381686,0.3653337333815136,0.361518097054123,0.3597437082663285,0.3605139923333895,0.35533502807481654,0.3606055931491684,0.0003557312847613971,0.0006879781403688693,0.0009317457308013203,0.005261679331749316,0.002533518995013976,0.0007819542422729694,0.0021962048561608317,0.003448223654887375,-0.0021126802078238853,0.003311681849297746,0.002210310304156551,-0.004484843446681349,-0.0003993189914412185,-0.0008412852777001351,-0.0007179318762169971,-0.0008067330316482603,-0.0012177053197277353,-0.0009854787986880986,0.0035362899808316175,-0.0003034342395845405,0.00658278337051493,-0.0016252945178741468,0.0013614087924181636,-0.0027281123445552415,0.0006937035008120688,0.0031926669322573696,0.001031522990070687,-0.005050485694392372,-0.003941880823263555,0.0015303922858427611,0.005715811812668327,-0.0013221777321830482,-0.0006340012936050933,-4.088108207260403e-05,0.0046779802763968585,-0.006146241511788412,-0.005153718386891801,0.003724841209653841,0.0002479324336971753,0.005884051444120001,0.0006946799058876363,-0.00024051512949013805,-0.004310162367844225,0.0031767891359715346,0.0045871964935981285,-0.003162843328813405,-0.0019044315921083695,0.003690313373144421,-0.0015433965997079242,0.00048173292814590005,-0.0005836746164377314,-0.0016260412274025642,0.000527246696470561,0.0009497438374425944,0.001698347071713267,0.004598431999309623,0.0050363028264059995,-0.00029583788203917794,-0.002589170115575925
symptom_urticaria,0.0024892455948533755,0.0005815355777471553,0.00047796089050479787,0.002488396810217504,0.003916116822235478,0.0026549318351418725,0.0001180558902609317,0.0033325879647193106,0.0021867233014052595,0.0017953851963202908,0.003253485402264013,0.00044727762916094675,0.0022761864587391542,-0.00035925598257855536,-0.0014482252140962245,0.004691503551189521,-0.002405285276499321,0.0027881772035498248,0.0005597371885049469,-0.002099443312749886,0.0024191965657260795,0.0007381754712206165,0.0037198702870162065,0.0010217911350878038,0.0021099587349856746,-0.0010212377858063533,-0.0027927739487652015,-0.0027033598608880802,-0.001642332250463213,0.004932404714047387,-0.0009547420202278202,-8.919509016486688e-05,0.00569841492637183,0.002345304382266026,0.0004982484142142083,0.0001613785546732323,-0.0007457541813477042,-0.003534529737083094,0.0033767451414669337,-0.002300286977288117,-0.0005120171797565366,0.0006962656222916706,-0.00039448497277319187,-0.0007351151799106769,0.005402933118843861,0.0002659613267451284,-0.0016679068426072683,-0.0010255327193850296,-0.0001277142744775164,0.0012164383683177815,0.004038014689346833,-0.0007434850856670773,-0.0017715382587227997,-0.004285497050983362,0.0013415643470727193,-0.0009809942534788417,-0.002725276678541944,0.000499060874832289,-0.00013511106693505075,-0.0010364512165469504,-0.0008186278230456545,0.00047864567559331944,-0.002191044622724198,-0.0041870811429395504,-0.004471171289656564,-0.0024536208449551216,-0.0012471595446642359,-0.0005915843613207758,-0.004931486844145153,6.858353470370748e-05,8.394322029816184e-05,0.004414745639357252,0.0011990399349865054,0.0024967570241769127,0.001166450380637206,0.0009153647117722697,0.0003935513841821879,0.005896545685509642,0.0009475734195069024,0.0007572090518333869,0.004435882110211845,0.0024757089977530864,0.006472299151401311,0.004858973794762857,0.0010889799513400219,0.005834698653695585,-0.002317416695280356,0.005316949096860471,0.0009620751937284184,0.004022255461961305,-0.0033379109220753587,0.0001818404015825352,-0.0028054738428716546,-0.004710719532487531,0.000586515503885898,0.00022430847275638655,0.0014278649738868518,-0.0009679761321488963,0.0003619365478832053,0.0023723126981011547,-0.0014378763319659257,0.36480602027631875,0.3671421481178718,1.0,0.36614869796644733,0.36550048351601816,0.3612878777308084,0.360110998147044,0.35715431959682375,0.3660473621696934,0.3615183311031155,0.36092807091703044,0.35992798078453436,0.36436315192353896,0.3633729819349817,0.0011547321249289189,-0.000956479600900624,0.0004014237851267065,0.0015015073739724914,0.002609202086660807,0.0019860784019487612,0.0009356325210103678,-0.006184446751455895,0.0013282078457794494,-0.007774402704760186,-0.0019951656597623877,-0.007486070994640908,-0.002527957925403806,-0.0011129269670378298,-0.0047554748658525875,-0.004343160975748541,-0.0002777315726465284,-0.004956652872293205,0.007025998535412567,-0.004883251127989579,0.006823816554271668,-0.004012440491490417,-0.0007333779558467566,-0.00098284073066302,0.0027249075053493756,-0.006610324030726845,-0.0019073731078936692,-0.0040320239766065335,-0.005682758757590826,0.0025667368107053323,0.0003718062669848036,4.809078889802337e-05,0.004756056229774459,0.001656905515206483,-0.00018622601553873423,-0.0033712447084544546,-0.00413758973881271,-0.0011986002256406082,-0.003586473712991889,-0.0029357315941834633,-5.3265810546939516e-05,-8.71969896287895e-05,0.0032711004260582047,0.008970276519734293,0.0036270150394320418,-0.0021641253650418113,0.008283250907166704,-0.0014090754436507172,-0.003614615813117963,-0.0011503436578138837,-0.001723284114526768,-0.0014471054378951806,-0.0015172499383382932,0.006153231031905199,-0.005349201175154917,0.012360483659345481,0.0004470387876180156,-0.00334406014965821,0.000525984780873413
symptom_ecchymosis,-0.0012322802540509156,0.0027527511862013867,0.005365706945258712,0.00044933863887300807,-0.0016621585616850543,0.00413495966514242,-0.001979766408863007,0.0010536912638967873,0.0024186541163235425,-0.002083920811663662,-0.0017664110345506998,-0.003425665156632529,-0.0009726219272107765,4.397950677136663e-05,-0.0032245605335174364,0.002088568381135511,0.001987462258427345,-0.0008038337079770913,0.001271713134668699,-0.0010122297501559284,0.0006926111161827547,0.0030621965742622034,-0.0015795953097737176,0.002424004617272648,0.0008129830300286474,-0.002567082885735466,-9.773570520600484e-05,0.0013237385401067949,0.0015591085918764834,0.005485489241967046,-0.0035165742397550034,-0.0007158381766189912,0.004754842310716939,-0.0032587858696772605,-0.0013599984962811853,0.0014932804801706097,0.0011194097682362975,0.00026311186665564754,0.0009680361416425814,-0.0012991959457505557,0.0003191970059526337,0.0015929226772947369,-0.00033951881202140186,0.00016318424342551635,0.007244236393926399,-0.0005475425612833541,0.0012523347681546798,6.73585612265929e-05,-1.4993149084877614e-05,0.0028936731388315234,0.001813733982529578,-0.00589776245897111,-0.004670450657310199,0.003263868140946326,0.0032740609623490013,-0.002311496007759279,-0.0014735426211066151,0.004178918333328267,0.004753090996510835,0.003970664931615679,0.0037557364627525563,0.0016287522775507407,-0.0002738512449333673,0.0008768529505385989,-0.002416262568154662,0.00037784302914519737,0.003637859738065488,0.0025398026374638546,-0.003209272253511481,0.00038238637522968827,0.0030219505512528587,0.006505248383609091,0.004585786135055095,0.004662206604334737,0.0063163541944142145,0.005387942679354604,0.0015406525306190942,0.006777145855850243,0.002966876063360165,-0.0014206963708130666,0.005877307263522291,0.0061851027917612265,0.005237986261320507,0.0025036437129143407,0.00471093134997664,0.00660050033691173,0.004784030550107031,0.003356918987349355,0.005214248844654761,0.0035458069842072247,-0.0025940480085270166,-0.003069147163752853,-0.0015207264316182917,-0.007520361778701521,-0.0037092317585471525,-0.003980763678056802,-0.0054705232293405705,-0.0019778197893608753,-0.0036714510459461983,-0.004185402302612514,-0.0025347655030628037,0.3615284947150763,0.3638637360919865,0.36614869796644733,1.0,0.3699412376869508,0.36438297673030257,0.36487743031904996,0.36214090989954995,0.3627787359575107,0.3640588971631913,0.3640431239756603,0.3644237028877217,0.36001840711741073,0.36363123637732236,-0.00021158677807827403,-0.0011989792547449111,0.0014850149685598836,-0.0012953901700130863,0.003598327031926306,-0.0016231734292239972,-0.001236259691032134,-0.00010361699501253689,-0.00227723991279786,-0.0032766468383061674,-0.005124597468299944,-0.0016319909793741777,-0.004125740018153568,-0.0005185070159481814,-0.0038165223682372217,-0.0027456609093461748,-0.0006209813072601901,-0.0030090974231758274,0.0025973170928533552,-0.0007877450449898578,-0.002955584611569371,-0.004241656902109094,0.0014019176497895075,-0.0011994421471053422,0.001628980903548744,-0.002164760184166312,0.002373333700482292,0.002942524730523619,-0.0010403716325685483,-0.0007356613440648967,0.005743047853428508,0.001121762960467001,0.0015935190287907205,-0.0031524184972356716,0.0004703931768535593,-0.002692195190954362,-0.00035946395593980347,0.0030288079972772466,0.000977082277840082,0.0020312860193998036,-0.004038356587347887,-0.0027523414465380897,-0.0010183675063720656,0.0040044240147128155,0.0033537614768977746,-0.003124645489947023,-0.003866214010353582,0.0010698907518578876,3.344352782435448e-05,-0.0013239882280568357,-0.004766688143003286,-0.0026420562170040946,-0.001725678621727144,0.0034563140147527154,-0.0029110624941551737,0.004626767376021549,-0.0029845400109370793,-0.001580468086201209,-0.0006171726570424678
symptom_petechiae,-0.0017544462881444057,0.0025582533184767713,0.0036682157141278843,0.0009153521442587175,-0.0008855431075646947,-0.0001225764323002898,-0.00033267911613420057,-0.0004252047686779436,0.0005218040168688917,-0.0019638884144981255,0.0033020329709558863,0.0004040936473965699,0.0051449656456705175,-3.0442801469268323e-06,-0.0024635095355835528,0.000122776355966508,-0.002326675014492163,0.0021884219054755898,0.004643475598175706,0.0009635118423143555,0.003015015583326446,6.02382340036445e-05,0.002621272735920331,0.0006816769855511334,-0.0006257322356321603,0.0006791866314924619,0.004614364363404847,0.0013766667711751467,0.0008243819965951792,0.0051901515265636395,-0.0024943811279188287,0.0026544664098827973,0.004350900721946899,0.00011689008365895457,0.0013181354171201746,0.0006361780028020913,0.00033651303773816885,0.002083355244169707,-0.0015407453264172674,5.716907775947566e-07,0.00580786716575004,0.0020429563657904377,0.0024341371649477753,-0.0013052990387070087,0.0011705338085255788,0.0025714626011187434,0.001507545394666892,0.0030234510613628865,0.0028717148037791366,0.0012562535976964719,0.0021554390607081047,-0.002633594499153235,-0.0067066537859152954,-0.0007441893959399433,0.001812373016721451,-0.004445251196332498,-0.00602655766188741,0.0008839592593104499,-0.0004264026711121922,-0.00033139780074331013,0.00030667162914715614,-0.0010630304774538015,0.0006034772708603267,-0.0007288534528793367,0.0013126720278158236,-0.00442042183482033,0.004801136436415063,0.001704022580918744,-0.0038893030387805653,-0.002136248332727862,-0.0016103051829866755,0.0035569835535934477,-0.0012008423047464565,0.003747028919724845,-0.0010680095188386283,0.0033781544937526186,0.0009077927512970608,0.0002495014751238049,-0.0018584657482333983,-9.898905411309547e-05,0.0011471140610547308,0.001453708043210957,0.0005189770359399912,-0.0011758350975377059,-0.0014701641870877272,0.007011109351221385,-0.001074235207700111,-0.000872200804649625,-0.005070617677975752,0.0005595833319668353,-0.0033042078236046905,0.004668949137595385,0.0019429603834947961,-6.706061750043346e-05,0.0007984625518205137,-0.0007884317986637648,0.000868495755575783,0.003160455237541471,0.0009216973516814789,0.00041913579515735983,-0.000614364144031297,0.3658401111138618,0.36532012496673993,0.36550048351601816,0.3699412376869508,1.0,0.3658552889484328,0.36728038767810306,0.3706787688596021,0.3672761129221253,0.3635297734002698,0.3609684526688203,0.36400681108676425,0.3668706016786109,0.36459965367050595,0.004395917131566328,-0.004575558010105435,-0.0008676246636209451,-0.00139579099993113,-0.0012360546087715415,0.0029738278800533675,0.00017311184476753375,-0.0011837498037145023,-0.004875214098683387,-0.0031048365777111265,-0.0012186979047354512,-7.99636023533094e-05,0.0014207936751626325,0.0033062950382741845,0.0046326799747199434,0.0010699344956713434,0.0014990204180227906,-0.00018760348602352142,0.004990261239686466,0.002600867141858678,0.002069375033543031,-0.002603246031795404,0.0016875044558569143,0.0013320122881151416,-0.004463340919251163,-0.004225721764875774,-0.0011810228142692752,-0.004774796372776984,-0.0037111374316613098,0.0018625486758847643,0.0017907198292795203,-0.004778775021921565,0.001900248134209884,0.001691604965717364,0.0032919831855691938,-0.0024557993390922498,0.0007092252702012014,0.00035855567307267657,-7.672815578078676e-05,0.007614708446540545,-0.0019181002682655786,0.001228218031010987,6.0470271826837225e-05,0.005094664676215048,0.005650692073845025,0.0001677147401167943,0.0003336622742122109,-0.0022453605435005237,-0.000458770335499874,-0.0029475860839791694,-0.0037796433580354056,-0.004551748796542564,-0.002222266264833335,0.000429008042130554,0.000743430310749755,0.00356140025102763,-0.0011118980866490842,7.4095042240682e-05,0.003510482418336737
symptom_alopecia_patchy,-0.003784698980985451,-0.005264919288335031,-0.005459219655260081,-0.0030701497199893918,-0.005256146588333788,-0.00419420811559089,-0.009099880868719898,-0.0020656457672403607,-0.0059191720720060985,-0.005515621574533418,0.0003111947325898001,-0.010379458889619546,-0.004569998001874943,-0.005237047829239623,-0.0139440347943662,-0.002956912121260653,-0.0027547939221749056,-0.008247859241159235,-0.0032136918916734875,-0.002196746055954502,-0.004300521949118094,-0.004801364947902569,-0.0033596520107133437,-0.0039226571024065645,-0.002149806999381466,-0.0029874523507057585,-0.004665145204495271,-0.0018132813714610396,-0.0029284013768669415,-0.0025660681843503565,-0.0032573359085311215,-0.0006126772107289216,0.006810098833971888,-0.00204044563453829,0.004021955400332239,-0.0026620399402614565,-0.00044165409182637255,-0.004236180102985239,-0.00214997304150723,-0.004583251533655527,-0.0034011728439140845,0.004432518903947682,-0.0006800851172219585,0.0029158350134393675,0.00030478046656819764,0.0006742412998685624,-0.0012587349230217702,-1.790969904246605e-05,0.0030791924062264185,-0.0009199642949295746,0.00025441656372296554,-0.0006800851172219588,-0.003969421739038376,0.0010939195018002219,-0.0007161404080617599,-0.0004930831359699975,-0.0018904376053397278,-0.0021211535073187276,-0.0031284442330448657,-0.00043377036785007493,-0.003961921056388263,-0.00020452858695902055,-0.001520280461797003,0.0010288051669338596,-0.0035870656310831675,-0.005424410966796046,0.0014673188003393209,-0.0017777584678833425,-0.0037199598181423435,0.0030946057881798363,0.004637359244697165,0.004583390684724402,0.003952526264973565,0.002821531050645618,0.001660814530260518,0.0013800560181781258,-0.0026995987739217076,0.0017988317874816898,-0.0007956801326296339,0.0012470251140611881,0.0039559380256694015,0.002253645481681836,0.0022716268726003653,-0.001660087543979164,0.0012642392379133669,0.003867787477260228,0.0009357186402573657,0.0041639819089172745,-0.0016844658269024393,0.0038907357254553527,-0.0019876162505059586,0.00247842953456964,-0.005582799345426755,-0.008203896579352245,-0.00032904616121311636,-0.0014579748459890814,-0.007024651712557715,-0.0036230177169898977,-0.0031423897865232786,-0.004101885026456517,-0.002025295173296108,0.3581495424226903,0.35432813031133736,0.3612878777308084,0.36438297673030257,0.3658552889484328,1.0,0.3551979180574083,0.36344619284933005,0.36604779220776984,0.35480553546659216,0.35245570094774736,0.36123384008218407,0.3584000563331226,0.3599548628513672,0.0016486917333958602,-0.0035007189664547256,-0.005700597479472656,-0.0012655402078710681,0.0027123885358612755,0.0010616845461189287,-0.00027470067541060473,-0.0009728231554485059,0.0006178726624037863,-0.004859479750901156,0.005190662235277039,-0.003461698653609031,0.003210140113261558,0.0019897865955627045,0.002266328801313035,0.0013864963667260173,0.0038357632038363352,0.0008391338502021542,0.0047275919618746335,-0.000735980302199066,0.009368293971234306,-0.005037725776574385,0.004391188545747368,-0.00726778608910189,0.0024167340850155114,-0.0007441935928304241,-0.002295724437190408,-0.002741718285936546,-0.00018231657926407735,-0.005460385421611343,-0.0011893995055702103,-0.0013734237790917383,0.000731338629706109,0.0014791476863104422,-0.0013379415164136439,-0.00023597060025585233,0.005059485262543392,0.0028916538900535358,-0.0018940664543434346,-0.0020158117802770805,-0.0031772241954655897,0.0022378287376824723,-0.000320754178367303,0.010141951604918866,0.0031959245029166785,-0.00324362309050665,-0.001966201475352729,-0.0025757016604245515,0.0014431590572522785,0.00041027264237617736,-0.005592303053113851,-0.0006440242558604058,-0.0003211752385382729,-0.0015927696123377284,-0.0030471394871578786,0.007047162517265595,-0.0006826165441748392,-0.0037106682502967294,0.002192266377504933
symptom_hyperpigmentation,0.0009389938135840878,-8.994831354624985e-05,0.002077454212732523,0.0015075501045168334,0.002130036142295734,0.004666128044438743,0.00017762709379971517,0.0015410629905172706,0.0024094736956916498,0.0035596090987973284,0.0031699294550497172,-0.0005405875646993679,0.00259175498197702,0.002694211890218607,-0.003975190642981638,0.004194072594457368,-0.0024265209647905514,-0.002266314095321389,0.0026784753979912108,0.0016327785224511352,0.001551262339250677,-0.00046232022245834147,-0.0013887355410310887,-0.0037611657834568215,-4.261246310161076e-05,-0.00035731911851225154,0.0001703610969850502,-0.00033589365737033517,-0.0017470037534946916,0.00415382194097067,-0.003532751103291453,0.00253639737359021,0.0010992103872652969,-0.0001738001799678447,0.00032664507157447457,0.00017268089600311942,-0.00012837774240243542,0.002142085388546317,0.004266694935572013,-0.0022078856009984387,0.0007151738001541355,-0.0005116626484326226,0.004240965184346274,-0.004033485441536175,0.0037609751978270514,0.0038542258741120898,-0.00236481049016129,-0.0009344250008843139,0.002149475535649388,0.004716292319942491,-0.0004953953763956467,-4.233838942445843e-05,-0.002812930128706378,0.0015936513055807033,0.004560622641800136,0.005908895034124983,0.0007376867886701952,0.0008053818010921738,0.0006603585647522556,0.004021566543070606,-0.0011977534284007242,-0.0016464487572963702,1.966007413743803e-05,-0.000810767311236867,0.0013170921407593137,-0.00024339603368620319,0.0033864787640263245,0.006876630132159801,0.002352032302114015,0.0038696648359595924,0.005213916552311364,0.0017960705677835481,-0.002718748150316405,4.4854473301220625e-05,-0.00452904658891281,-0.002210967760445542,-0.004997002460414306,0.0009215301281027493,-0.0025659060085580923,-0.0012895171550230654,-0.0013439008889175323,0.003992479739323095,0.001596600834218788,-0.0009092622714783293,-0.0008796919651471056,0.0034799100261739112,-0.00129411968275225,0.00020452179022265068,-0.003914877263788752,-0.0028317925676386245,-0.0026364854238462546,-0.002519249996418765,-0.006306318630268492,-0.00905145508225125,-0.0044654528379414644,-0.002565253890846556,-0.005495670005638876,0.0011337545819261959,-0.004519834924910679,0.0003926536417306865,-0.001771766550225696,0.3565722974459975,0.3653833742059464,0.360110998147044,0.36487743031904996,0.36728038767810306,0.3551979180574083,1.0,0.35912169163854857,0.3663525176110335,0.3582599272234213,0.35698895494144905,0.3618013045973718,0.36043790012179044,0.3602320312750408,0.0014029698494149167,0.0008253448802850655,0.0021857649316632042,0.002469558340767828,0.001825689919977536,0.004389368748851903,0.0008692640203661838,-0.000487097883282394,-0.0006878276755049071,-0.0026160048729727023,0.0009957517216667379,-0.004048671930274961,0.0018215253604075517,-0.0017651325613156751,0.0034923728812197683,0.0012875613361953548,0.0034421934694136382,0.0010302301373255442,0.005665103816280687,0.0016409365970591926,0.006906377442850384,-0.0019105990161673186,0.0017088629785758822,-0.0023944672132246193,-0.004447520215848522,-0.0018774082182758567,-0.003109389607793428,0.0016517775350291127,-0.004659897076492544,0.0003360559368970516,0.0031853703641367536,-0.0011144208002434686,-0.006144021703473571,0.00012686289303661074,0.004167494653635777,0.001869070772718456,-0.005658188055912759,0.0011259785029084138,0.004077486975429234,0.0010920016460967265,-0.0009427216372181481,0.0012414430329239863,-0.0015592735811452258,0.005117441751451167,0.002444288411007602,-0.005860055377947998,-0.000652038049763416,0.0013392121859401869,-0.003534565842495491,-0.0038572129161565196,0.0019131308486857793,-0.0024367462061877124,0.0016453223849688624,0.00458963216672221,-0.005258795005560345,0.001044067151472192,-0.00028087403026854247,9.831857746852106e-05,0.0035286209096931148
symptom_hypopigmentation,0.0013617870802703344,-0.0012410689013154076,0.0019328552759134044,-0.0008913892449641306,0.002772651603470559,-0.002336880776119591,-0.0006651480255754702,-0.0017314093860205605,0.0025248477182079343,0.001794713302966021,0.001454923228964485,-0.00026723732922558,0.00273227854756341,-0.003142326016423164,-0.006004004483365254,0.004842280213053348,-0.006588487197913987,-0.0037921576321562887,-0.004161463353037031,-0.00035962526198065703,-0.0006031415775804636,-0.006091585394356699,-0.0012702889243184972,-0.0012422638397880444,-0.0015842893662549728,-0.0022514192266748076,-0.00029368184235909893,-0.002169741088522135,-0.0017691549599289516,0.00011747611125973183,-0.0015909544238444763,0.004788141266308735,0.003466400879540629,0.005768620200292563,0.004042016809388222,0.004013890225779236,0.0006153597331250263,0.0003685561775336108,0.0018446377588567063,-0.0002434331804266095,0.0038040669217859857,0.0026433731640935505,0.0005484998836288481,-0.0010333667726570303,0.006646326198179589,0.005549154798915837,0.004216552232787353,0.0035518340433903202,0.0035385179842661965,0.009999925104286527,0.006774257994285944,-0.0001453783564949168,-0.0017918051362059804,-0.0011147137809906053,0.006490925528457455,0.00044095987902780323,0.005671694985341554,0.003850220365058383,0.006005005502149997,0.006229082418691735,0.0006990886810546328,0.004872230214749327,0.0068738355743586535,0.0035390004447531237,0.003210010776273213,0.002135130879991866,0.009111894760874435,0.009249376654565091,2.094891066508739e-05,0.0032904761148470135,0.006738883833227385,0.006127183047849395,0.0034041552282003166,0.0005850162996413132,0.0025587177457381044,0.00816281626333114,0.0014118984682789965,0.004063380126651104,0.0021093366129705205,0.004957831335073725,0.002440737656385065,0.0004133293761147143,0.0026878025264159985,0.0048609987776729435,0.0068254074001085525,0.003165890461723941,0.002716935478779004,0.005870070730449253,0.003306875386760462,0.0018035916235540634,-0.002229443424551512,-0.0033933241137998576,-0.004968509385128684,-0.004911016165159338,-0.0019558836576953073,-0.004476758570868354,-0.006403214222045799,-0.0007549149858744017,-0.0026959158446403517,-0.004082692334676936,-0.0039013626004725807,0.36098419908861135,0.3701648069381686,0.35715431959682375,0.36214090989954995,0.3706787688596021,0.36344619284933005,0.35912169163854857,1.0,0.36762437375910173,0.36821968218524,0.36046823029014685,0.3635868498720946,0.3627997498016902,0.3603515245968462,0.0025135921863394073,0.0018263513130602018,-0.002607451417463256,-0.0003021974119300813,0.005312396757698483,0.0018231907368816606,0.006914333061852996,0.0023449301715265727,5.276944134202415e-05,-0.00023360961309413486,0.0010921153292997264,-0.002802432892423381,0.006131568977488676,0.003921102375749541,0.003026609873366146,0.0038590515494507237,0.0015370547091287656,-0.0006598747933643115,0.005487684304941707,-0.0006101264324019911,0.005606847342502893,-0.0009841416794440997,-0.0017792980882165496,0.00022730076013981887,0.0015751018192783435,-0.0014519874359586959,0.001652215116417675,-0.0026837724105040445,-0.0049131454128814814,-0.005403989932216396,0.002958875967989901,-0.00012648155829415823,0.002982780775689482,0.003075992790315972,0.008050911346578624,0.003240026443182396,0.0011668003034237331,0.0007426468210872867,-0.0011417238262421165,-0.001943058160289754,0.0016295736341615866,0.002279552595340911,0.0038059982489891957,-0.0015537109927071515,0.005202081520868743,-0.0001815686517464267,0.004045618657338832,0.00013095830021852024,-0.0023315653671942137,-0.000454384793372027,-0.0006060794730651612,-0.0026832597667309638,0.001269670097569147,-0.0007135448455224306,-0.0023130082275901204,0.002071680582703698,-0.0046490575130757475,0.0016735914168477797,-0.001634396366783228
symptom_photosensitive_rash_derm,0.0009047373782707081,0.001189258667487206,0.00026980408978135895,0.001461943397697844,0.00015246611908001552,-0.0009476191659257174,-0.0002446096821845442,0.0002977940860539866,-0.0031718817580743863,-0.001796470101634556,0.004777166097376535,-0.0016116060360571328,0.000600890244894138,-0.003211720458298479,-0.0036611253578589104,0.0014125761779550724,-0.0017476190005014007,-0.006245257984943902,0.0017770081530196291,-0.00474954798736646,-0.003301500517744803,-0.0010849015796815656,0.0008692519473532996,-0.001475218609235428,-0.0019958412213335578,-0.004269738754950612,-0.0043402898198387635,0.0001373917116078415,0.003080675019237628,0.006076538356778474,-0.005390071783795173,-0.004057062956788436,-0.00012083557395511506,-0.0038078294450188126,-0.003475378504277701,0.0008624720348738838,-0.0030697640170334385,0.0007570110135755371,-0.001740335481935022,-0.0019325727510985289,0.0016815074486184066,-0.0013772463789111268,-0.00245325291633611,-0.004623579202600795,0.0007128020950457131,0.004640660212236506,-0.0032030013384701864,0.001689900528498506,-0.0005583146266816916,-0.0008575687953420852,0.002047775753939682,-0.0014973398790660486,-0.003051708492572005,0.0025348468603133716,0.004121641812084593,0.0031807968261987262,0.0031070352422878154,0.0027115547389371013,0.006763083817534309,0.004234930582364284,-0.0011326872501452657,0.005379618882043697,-0.00266920383546552,0.0025518954228091776,0.0004132094333424981,0.005127199229436389,0.0033235534728904515,0.0024746604145875237,0.00011508553416355519,0.0035490349288497727,0.0074249751562742924,0.007521152925547872,0.0039882719696203205,0.002615731859077153,0.001370945449175616,0.005028473356868231,-0.0007561870746080511,0.0060978134361994694,-0.001098600800119833,0.0025695304155934537,0.0008447406089300219,2.2311757367047468e-05,0.0031918154795652093,0.00166465667294578,0.0034699584899253377,0.005927846722689137,0.003945750613872415,-0.0015845980052266086,-0.00036932973740913457,0.0023783712513903046,-0.0009744831645537437,0.00011413528213638762,-0.0015498850310554338,-0.005300432194400686,-0.004345043867939476,-0.0019263860355703609,-0.004287300782771508,0.0005056616291391904,-0.0026589941512237163,-0.0017038959449859569,-0.0003982716361027949,0.35830726055269785,0.3653337333815136,0.3660473621696934,0.3627787359575107,0.3672761129221253,0.36604779220776984,0.3663525176110335,0.36762437375910173,1.0,0.3627820170168488,0.36012464705481206,0.36540428320623203,0.36275766388347963,0.3637301815689546,0.0028928636017770556,0.003834500697649191,0.0009216118776323067,0.0032273201400894913,0.003441557827283239,0.004954450112331162,0.00044484782376057246,0.003739352387956258,-0.0016195143620866333,0.0026900773824636982,-0.0013084976799286126,-0.0069427220012398755,-0.0029257736520552006,-0.005297770656260029,-0.004329847333601892,-0.0048030263508253715,-0.0033875265472708706,-0.005061184168296125,-0.0015379425327323158,-0.0021111888994410364,0.0037730747862873707,-0.010868059290394869,0.00690102576196856,0.0018108769181186762,-0.0019500082858261386,-0.0013654977746946665,0.0004678031232075982,-0.0002133055118351879,-0.0029343098831781647,-0.006094391501998479,0.0002665779085141852,0.001140730119201352,-0.002749572057054498,-7.215714112137321e-06,-0.0046037107971465445,-0.0026680027582026214,0.0004620274994948544,-0.006574613376838617,-0.001043169641440753,-0.0005383936411400096,0.0017049015852095702,-0.002736604644603976,-0.00017687791954068977,0.006393974526772041,0.00403331854392715,0.002164919572423831,0.004122504189991187,-0.005110868907927808,-0.005324811709122977,0.0023805586399191143,-0.006852572937080277,0.0005115085457273762,-0.0024627831709203313,0.0026620293632169004,-0.004876687075295681,0.003388774041283206,-0.0005384645011050687,-0.006208103123095467,-0.0015666819684328121
symptom_livedo_reticularis,-0.001121209785592745,-0.0009219872995878588,0.0022652034048078213,0.0008848292555120657,0.0006196086202935286,0.004254845210390612,-0.0017100269604872866,0.0010865258362386149,0.0027720745229349517,-0.0030994773881733396,0.000915382783696868,0.0015890923095344097,-0.0015802573619246594,-0.0020213771008661973,-0.0023110426563142253,0.003006598785241771,0.003545019606997473,0.0014305552206591884,0.0039277184582163375,0.001645127484500385,0.007766710331094661,0.004197524750946018,-0.0013797084871455731,0.0020331051017212984,0.0005854744346777605,0.0003429508485562257,0.0003555700265267353,0.00017312642664101427,-0.004092627209978749,0.001103138377642977,0.002871083234179034,-0.00020347209448056438,-0.0013116602704698586,0.00011886445573679198,-0.00267260721084369,0.000712542597207115,-0.0021806674232356955,0.0008660708549997983,0.001747299081835627,-2.574831118807849e-06,0.0020515909319776923,-0.00352160289521409,-0.0010416522416246549,-0.001743495386893175,0.001343059657377739,0.005185610943038305,0.0009007491843532527,-0.0013271856317312177,-0.0001885290065072577,-0.00230920691022894,-0.00010273041769307865,-0.0030411347935597795,-0.006500253023160138,0.006316129415035832,0.006155423330343821,0.003477007376851364,0.003070857604800058,0.007724027730332598,0.004984413201576017,0.006445790670408244,0.006063173513545142,0.003434855931721585,-0.0012119437661223507,0.002350146834381099,0.0010405098270180992,0.0033463342049379593,0.0036200239021958553,0.002107745578510552,0.004299613038759269,0.004260489477095931,0.003670608849192347,-0.0006452962012624345,-0.0008665141389790085,-0.0024777354143796196,-0.0023526957056823387,-0.0007318846372362902,-0.0010979609154047353,0.001074390699549383,-0.0007133682972517187,-0.0005874083147613191,0.003570131580289743,0.006056002469565029,0.0009998670397088072,0.002695829552322068,-0.0017847593338964525,0.0017304862501872436,0.002076089680644327,-0.00015236530708867153,-0.003445003096590396,0.004057469628600849,-0.004679917475549574,-0.0043799018119650285,-0.005355561966983943,-0.006316145483907803,-0.0023282932166314085,-0.005640513333101826,-0.0035730974602337746,-0.00500820190021142,-0.005329304928812842,-0.005486333411705929,0.0010095644268222595,0.3591919994818596,0.361518097054123,0.3615183311031155,0.3640588971631913,0.3635297734002698,0.35480553546659216,0.3582599272234213,0.36821968218524,0.3627820170168488,1.0,0.35660063362148925,0.36599881587741273,0.3574769719360604,0.3599173520155557,-0.003578389234375997,2.0107847618806024e-05,0.001483473284768507,0.0018565316895079644,-0.0013152860347194224,0.00541596326380143,0.004076321293619535,-0.0024766895959812663,-0.0008538129694315312,8.63645407171913e-05,0.0016727070135128426,-0.006581323571432771,0.0008642540846705517,-0.0012172805256809199,0.0025294825270678676,-0.0009077504188324293,-0.0019416078990075391,0.0033484056661116333,0.0009989423165189348,-0.004274368340198033,0.0028300625576323517,-0.00219433566893692,0.0014489976018098134,-0.0011527310866899022,-0.0037386884586366694,-0.002120666098028102,-0.00468971653793657,0.000600281203728921,-0.007714096342449977,-0.004539357225944211,0.0030256154675407177,-0.0012697826528497236,0.0009147310770945027,-0.0031328033217670197,-0.0003375522237525508,-0.006936739090895506,-0.0003148540540458855,0.003821447241605569,0.0017149172467978134,-0.0070326845694274566,0.0036279692103088515,-0.003996152898127115,-0.00016033195263026237,0.007986811796532876,0.005342420596854338,-0.0008242540440364946,-0.0018412788639009848,0.00022423851522890517,-0.0037694866192004377,0.0042375141076875155,-0.0011954574986907023,0.0005246520097139409,0.0013804077437486548,0.004326732635378783,0.0004695026751500578,0.0034008012842073124,0.0075493934953432,0.00046950267515004856,0.0023357230991570012
symptom_digital_ulcers,0.0026535767424851475,0.0027844044026325114,0.001378043442983236,0.00529264709573369,0.004305647383507345,0.004560824120747858,-0.0009010413589404278,0.005259239128977516,0.004863356133286721,0.0004374752376042826,0.0077901102610812385,0.0011039350872217271,0.0008192592062285139,-8.340667797441812e-05,-0.0016660455825794917,0.0018781602515786835,0.002679524883539162,0.0029453530970380694,1.716702389240985e-05,0.0012911833143587615,0.0016413016140219088,0.004932215528727818,0.003334696227932341,0.005989629666868793,0.0014239163128648771,-0.0011944567584701406,0.00025646482995527614,0.005896656648753423,0.00047332899056102027,0.008210924820995042,0.004716985135356434,0.008814459707078722,0.004532316855179997,0.0009444353618705832,0.002938869511421524,0.0006673378812948182,0.0014201147410705572,-0.0020357487225105666,0.0018717653394681622,0.00038768701047973617,0.0048707371630912705,0.000247758109086878,0.0010929427046248424,0.001932101805828559,0.003987598510147808,0.004272788789630133,0.002248243974271167,0.0040981290506241115,0.0027893233878722745,0.001547401037184719,0.003591188765369223,-0.0010766121147512497,-0.00098837580911784,0.0027547287920220783,0.0009469211358793903,-0.0014064970279093682,0.003328831132668538,0.006061665132082736,0.0024195523685988764,0.0006374062105046571,0.00034245517048165134,-0.002691490656460384,0.0021243769581280585,0.003186343971649157,-0.0005269370234246737,-0.00045988199595220177,0.004205596403228934,0.0007063251583075542,-0.0004948896878833887,0.004511530624415585,0.0009418069375943294,0.003072156200325068,2.860172881785003e-05,0.0017160983601383283,-0.00483664887993436,-0.0021667049624151937,0.00020597668144681702,-0.000285486802258582,-0.0019114551260061648,-0.0024315823356892657,0.003170320310332815,0.0018666771133465146,0.0008432548156222185,0.0030986761557302137,0.000718735617068611,-0.0015648621951071288,-0.0009787160427053394,-0.0010333419814030152,-0.0005433141804995084,-0.0012596611185749396,-0.0027244767573398085,-0.00016319858351584703,-0.005642555699352693,-0.004713766379866368,0.0011863930530597842,-0.003674746055673523,-0.0013782964530921905,-0.0011603228377328459,-0.0031930291814981633,0.0025046528915392695,-0.006725283306758025,0.3591751425427903,0.3597437082663285,0.36092807091703044,0.3640431239756603,0.3609684526688203,0.35245570094774736,0.35698895494144905,0.36046823029014685,0.36012464705481206,0.35660063362148925,1.0,0.3607909153167638,0.3574680987900499,0.35775420291964977,0.0027381031389265677,0.0009331962067882031,0.0016862815681491427,-0.00028174812882423607,0.006660797023564777,0.009487110265127368,0.008059291785753738,0.003387417097120143,-3.088114973471308e-05,0.0019261796644709664,-0.00503724787091995,-0.008501016186190084,-0.008180912539212994,-0.002783632572802825,-0.004811304704480612,-0.0042840752035913,-0.0057618610095673825,-0.008517695820559331,-0.0019282765147675225,-0.005298030881429306,-0.0001108972775138031,-0.003614308707163702,0.0037072979178977596,-0.007189326572940759,-0.001101949582870302,0.0008852307732291599,-0.0009012677845698833,-0.004251100749523888,-0.0029815545715408693,0.000766813737349293,0.0043469301283933295,-0.0013192717357872195,-0.0035413244722052196,-3.853554569495765e-05,-0.00041066264676010213,-0.0018665154624968724,0.0011922046089257953,0.006690810229582105,0.00025334750141296026,0.0013378566874298996,0.002603516591198342,-0.001504594796775461,-0.005119909699992434,0.003967029713137356,0.006519783945294926,0.0035979340713016028,0.0010833119432598162,0.009007326713805535,-0.0007702383012965525,-0.0013523496442802128,-0.0005785014720868211,-0.0026659228305463377,-0.004815511282760332,0.000954317919677774,-0.004943901667830146,0.010885359456854536,0.00020707725940717883,0.0023688596158350744,0.0051789198214385245
symptom_skin_thickening,-0.004608783878013105,-0.0017565255142977566,-0.004360270183221281,-0.003085974217476754,0.0005016960858494054,0.0027668489502364994,-0.0038311832475821884,-0.0014399733469787567,-0.0020904656925847614,-0.002327579170705499,0.0012734215434353768,-0.004873765921854042,-0.003782291038725793,-0.004142025427742466,-0.007643968700247173,0.0011205503177707785,-0.003244113009047863,-0.0022238787624810257,-0.0010734587909067544,0.0024829581861077416,0.002833576016524421,0.0007149195816410257,-0.00037565820841423337,0.0027826574685259585,-0.004171122063056802,0.0009278061312523068,-0.002955517095847211,-0.001022391785494476,-0.0011305781249430424,0.0020289474205777776,-0.002562267943470651,-0.0020756232802549204,-0.0014501288182157132,-0.0054806642505137795,-0.0031517251959643677,-0.0037571434199275876,-0.0010165879899074652,-0.002829271018324786,-0.0016839226633443738,0.0011570179803566092,-0.0007773339231565594,-0.00625464266782904,-0.00395434258682662,-0.0031805204306344266,0.003458090871719398,0.0015694247064898302,-0.001926835769183924,-0.0006820423930274724,1.4930604908694308e-05,0.0013646149962622367,0.0013239953521364631,-0.003259752465747282,-0.00767079750700391,0.0032745171079529437,0.0028701788505754405,0.0008528699554422821,0.0021063651431106546,0.010219024075649003,0.0071690950323664935,0.004814252390071443,0.0031028285719515514,-0.000515945789178068,0.004552474599330827,0.0024630315355113615,0.0018931385300035152,0.0017179506608007305,0.008373091442437594,-0.00034813649643094,-0.00014112749306906304,0.0038726134817947673,0.004353152002736089,-0.0012359409925605008,-0.0038744227964529563,-0.0012171143068767968,-0.003507011907299452,0.00013529750702217838,-0.0036226518081765497,-0.0004045195484571526,-0.0010633495378337403,-0.00037707049955175464,-0.0034721332472926994,-0.002763236873303997,-0.00048059601096624036,0.00040829407611274004,-0.003825123440383465,8.698877220227082e-05,-0.004396863027157491,-0.001149718854184963,-0.003955888205109433,-0.0002498232419970186,-0.0048140770995409796,-0.0035574635239061262,-0.004180995263945365,-0.007488745334513509,-0.005323975638430182,-0.0073318911099290365,-0.008372555904736456,-0.002984582700260776,-0.005893840701598282,-0.0013902276740823804,-0.002418156460243414,0.36267707455566467,0.3605139923333895,0.35992798078453436,0.3644237028877217,0.36400681108676425,0.36123384008218407,0.3618013045973718,0.3635868498720946,0.36540428320623203,0.36599881587741273,0.3607909153167638,1.0,0.3581394170880277,0.36302231676217145,0.0011021822198349332,-0.0014121583641947895,0.004530480310971924,0.0021494196723379436,0.004405934395855711,0.0006112093689739558,-0.001551344489628321,0.0007094058341312957,-0.0005506846705692696,-0.005019339432218854,-0.0006595781103694647,-0.005018466272720845,-0.0009260038032119657,-0.0020096188179748783,-0.002146721627100322,-0.005682492180996259,-0.0010247350341472375,0.0006514231429281182,0.0007452937256143682,0.000340682154579387,0.0018216884077084218,0.0017307541006208725,0.008415406894942674,-0.0041909926334092054,-0.00018304941725633218,-0.0014056936098451331,0.00300397920689645,-0.0018445608255909186,-0.002965032360485904,-0.00536160576326712,0.002988717486195841,0.0023228628073058252,-0.0035194061875478966,0.0015375368881546509,-0.00039061831792251613,-0.0018473181834746612,0.0028006682178565133,-0.0006878326648521923,0.0016462380860041068,0.007220921923582647,-0.0011888325889783753,0.0035784900276412414,-0.0018443733138136114,0.008704435462667205,0.005264833290310635,0.003622557966353081,-0.003875020894272501,-0.005142351435205975,-0.0007482407075073989,0.0014242175629097223,-0.0026668449527183003,0.002567962807514685,-0.00020943707699432743,0.0026208411681684883,-0.003590165468267286,0.002103077942266675,-0.002995911028619406,-0.0009297056838231858,0.0013149551576707276
symptom_telangiectasia,0.0029379718694893687,0.006045325994815657,0.0025467472671678575,0.006694178953105683,0.006589627630322185,0.00715920712436942,0.004928195306307033,0.004177434144460389,0.007880841068557382,0.0017666810547304693,0.009661800006437057,0.002191922769614817,0.0023015236340743804,0.004143678109246828,0.0006272448173562773,0.009628214410321188,-0.0012321889726778891,-0.0026636587722596956,-0.0005119824517569926,-0.0002507464976960931,1.4438818537346987e-05,0.0004321155726967502,0.00347770504219364,0.0014851361653612522,-0.00020265479907087525,-0.0010422141513253508,0.0015053339633860317,-3.7720804684444035e-05,0.0007081850907894648,-0.0007043210494825051,-0.0047803542516138605,0.001183076738946887,0.0006548200031854161,-0.00016216630050110107,0.0012239443482780128,0.0015481893564288128,0.0027355831577083904,-0.0002796900242518787,-0.0012234240062437229,0.0022214644413695583,0.0025475007918863615,0.001734133283563518,-1.3065826045402625e-05,-0.0020267856243879616,0.004695743426057244,0.0010818909219288972,-0.002497582173177039,0.0018624648232931824,-0.0007375106777026606,0.0003532229551836272,0.0027422893013516973,-0.0014867026442747342,-0.010051224807812868,-0.0006965665752383312,-0.0016718716651053275,0.0007765424197707139,0.0016973653772508674,-0.0007702968223136067,0.004763982445607294,0.005734360226585012,-0.002943745433507385,-0.0002593763490841461,0.002400289397096306,0.0013893523545968115,0.0010638070819399045,-0.0025013334713621274,0.002490213446338073,-0.001170582179703292,0.0008468194436399127,0.0008109168665815092,0.00013704274675432836,0.005054103976538987,0.002895572533842486,0.005140500945236053,-0.0008426339986491691,0.0019268512771959533,1.9449997667668405e-05,0.0021056558337432976,0.004979286511201946,0.004287041784967676,0.005874477786809515,0.00296410544055646,0.004349091881344695,0.00443145882385044,-0.0006773991721865332,0.006426728842013496,0.003735607641068408,0.002950707454423759,0.00030890462009285015,0.0004912029296845409,-0.0026171856507203797,-0.00178785250956584,-0.003185452511973152,-0.0038321165925590287,-0.002516448199725136,-0.005815175728591095,-0.006704125740360701,-0.0026974308984713154,-0.007238342713417558,0.0031196489092873247,-0.004547902559626795,0.36140044166172625,0.35533502807481654,0.36436315192353896,0.36001840711741073,0.3668706016786109,0.3584000563331226,0.36043790012179044,0.3627997498016902,0.36275766388347963,0.3574769719360604,0.3574680987900499,0.3581394170880277,1.0,0.36243090602335715,-0.0016888829394597078,-0.002065936543183867,0.005597585032993653,0.004228571154711331,0.006808030887716429,-0.002384632972895257,0.003206272635544755,0.0031336578001737,-0.004972621161516421,0.002178577852329928,0.0070178902270834065,-0.000556017393072991,0.004405678485206661,-0.002150379245769596,0.0017517847204316457,0.006465929361274348,0.0020626264941803647,0.0022136831124708154,0.006467013531585053,-0.00035322095206004306,0.0036702186269103143,-0.0036711331966047564,0.005210220401330485,-0.002774736183100968,-0.0011456360115544432,-0.0030181377964382705,-0.00031743613399798755,0.00205785634535015,-0.005887869193634702,-0.003892652189326013,0.0070538039220853065,0.0010639576388061268,0.00367968281781213,-0.0016269202248033474,-0.0004578349796660513,-0.0019116970773164655,-0.003611163107035293,-0.002243223311128785,0.0022419612318639913,-0.0006747617534743321,-0.007907028476012868,0.0009962738950358083,0.0013394553601364433,0.0031267093615702287,0.005807987574861229,-0.0009590700181593564,0.00402234259860503,0.003645024809513086,-0.00312499115221655,-0.001394814837306393,-0.004150533041420642,-0.00270166132524965,-0.004863044838158233,0.007474161050334854,-0.0023430367035050686,0.004564502444457294,-0.002257788021258138,0.006289590501642803,-0.001654903695365464
symptom_pruritus,0.0017984540482087839,0.0014483764647650861,0.0010056186503042946,0.0022704600386172515,0.0036889060589847173,0.004983249550290409,0.002583332820168345,0.0033590077424403646,0.001275511882925848,0.0018301195628294365,0.0065283389330306795,0.0023356622379649976,0.00332645590122533,0.0002702617647516695,0.00028946660260565114,0.006081165050435315,0.004226708706344064,-0.0001631032864521359,0.0036664288903533004,0.0015707461789170097,0.0035303322326777076,0.0016595338993597637,0.00335532175577596,0.0027983080842819905,0.0025529851413362194,-0.004212011930972558,-0.0007323454554564765,-0.001342187986509513,0.0010915984142831786,0.0039976166756623115,-0.006513525558494087,0.00278461387488681,0.005881220396421301,0.0019531951346158562,0.004297199343271892,0.008329632680491292,0.0014759354786774933,0.0029638953209290817,0.005035084993697174,0.0036439860132257483,0.009169904977423312,0.0008218396211573298,0.0007179182332834018,0.001898726041277627,0.005860303789013381,0.003201395321793831,0.002304804531694496,0.007097889734299732,-0.0020804868307583418,0.006099578163259192,0.0030404113836391194,0.0026254326388532897,-0.0030938381246850446,0.0005138761003374493,-0.001783837314941509,-0.0011594681375608337,-0.0009018445032456262,-0.003522637712390327,0.004402660183555094,0.004790036511323253,9.514988515128335e-06,0.003518928647383597,-0.0030181992096381697,-0.0015381547870604473,-0.00012131620408326818,0.0016109201879550865,0.005688159764047248,-0.0004570390986309503,-0.00124527858116325,-0.0017837981036635405,0.004397851413850081,-0.0012419103664777459,-0.005085096879501134,0.0006222403934903326,-0.004558310443225494,-0.003658670637213906,-0.002979591040315513,-0.0009737748116135282,-0.0013928856887918148,0.000414220086242874,-9.674266793356161e-05,0.0002904301807966506,-0.0035454897347137865,-0.001854035491832425,-0.0022230847196542656,-8.640896010632614e-06,-0.0035975855145294537,0.00044436504056074455,-0.0007525021179358118,-0.0003342083891024999,-0.0015420164675358297,0.0005014911435366456,-0.006791920298530103,-0.0060369957691929045,-0.005508421432677801,-0.0032664288624156645,-0.004082474068665175,-0.0014510971288839063,-0.0020066431104798052,-0.0047776588243589255,-0.0017498134383047283,0.36197998060581216,0.3606055931491684,0.3633729819349817,0.36363123637732236,0.36459965367050595,0.3599548628513672,0.3602320312750408,0.3603515245968462,0.3637301815689546,0.3599173520155557,0.35775420291964977,0.36302231676217145,0.36243090602335715,1.0,-0.0014900796201910052,-0.0021717425555122408,-0.005695508340394779,-0.002369775791967562,-0.004624289187643664,-0.002491540014159711,0.000753187079031388,-0.0021996566342428643,-0.008240151304368672,-0.004141972324107314,2.4909749067162215e-05,-0.004140863746813947,0.0013756807449451468,-0.0017637480748440126,0.00024903921953559624,0.003963126478658596,-0.0026801958705924833,0.0015189004955416543,0.001797380501224453,0.00048341089688782327,0.0008119468088854406,-0.002994882735970744,0.0005445519009132068,-0.004251171773509909,-0.0029345934482315765,-0.0014673983323808453,-0.000949844554989683,-0.001903704230508319,-0.0020561636591463857,0.0007246522322608757,0.0029489437925681707,-0.0013444382161905209,0.0029649189074523576,-5.8847602940184915e-05,0.002096632007247143,-0.002756573060180784,-0.0012251309435856409,-1.367140795432983e-05,-0.00662223568742589,0.0006378354986954562,-0.0002870589565546465,-0.0015283889958451773,0.00135031889218315,2.6513678730140693e-07,0.0032565260330359434,0.005802338504147433,5.646561058137117e-05,-0.0007675549787977964,-0.0038824128999535227,-0.001385814757826627,0.0007831086530204426,0.0004328584502917964,-0.0033264306981189125,0.0009147076640162761,-0.0036590894137660023,0.008339185511083438,0.003387348973753039,0.0016545640085958405,0.002232375970976422
symptom_easy_bruising,0.0019639445605376927,-0.0029616433429815315,3.66251364350455e-05,0.0009243820485036966,0.004989832466921673,0.003926149004111248,0.0020450850541407616,-0.000256279200358477,-0.00029628306056321877,0.0003316185894161785,0.0027550675592227223,-0.0020669514766163133,0.0014490906622937373,-0.0030871956713227735,0.0005739857049804404,0.0055378961033726816,-0.0009156939011674575,-0.0003717670727604793,-0.0021789533885282655,0.004416921297017842,0.0026273172627518868,7.039200535637562e-05,0.003161113300994453,0.004704371055308651,0.00024200004539434762,-0.0018565111039317156,-0.0014688284150544263,0.003203663206758832,-0.0028491583578664913,0.0041591314002931605,0.0006660129711308869,0.004738263727595002,0.004371729888767108,0.001569845263290962,0.004623441998568285,0.005764808968330412,0.004959649887756471,0.0007622954527086481,0.0029103488349607595,0.004635906165169137,0.005069963051427463,-0.0008821048829261234,0.003985023857843284,0.004774118513541801,0.0013827269751204832,0.002207153906058299,0.004591172543210968,0.006437887673192618,0.00704508223130823,0.003955908802877211,0.004697539288523283,0.005158386727832907,0.0040896326220606054,0.008906531505639931,0.004673926538760392,0.004875965785609473,0.006681410484678462,0.0030721797077380535,0.0036807210727248154,0.009537391362798091,0.005588527000952197,0.0035499996935669832,0.0022106760199501457,0.0016784231188505683,0.0022004846808011424,-0.0015976056268978802,0.005062613894741467,0.0019951484927989388,0.0014875294546356286,0.001632386974912828,-0.00044916441971400015,0.00391398977928168,0.002892350294297058,0.007786971797562102,0.006748137343383661,0.0025140962846677615,0.003072337759999026,0.0024707931313212974,0.006227276115623898,0.005434870886010348,0.002704086037408249,0.0019208786018938928,0.000937091775994265,0.00271199733570909,0.005322934341039076,0.0015597160568037608,0.008154002409072852,0.005074213967269552,0.003500477821039662,0.005938642203151327,-0.003627068773367196,0.0013758315880700808,-0.005657317577856787,-0.001882049909969177,-0.0009618421299712239,-0.004452859885996428,0.0013973670268166742,0.0003521162147283717,-0.0017599286450990456,0.00014275120338052273,-0.0038820518506028656,0.006711411483085321,0.0003557312847613971,0.0011547321249289189,-0.00021158677807827403,0.004395917131566328,0.0016486917333958602,0.0014029698494149167,0.0025135921863394073,0.0028928636017770556,-0.003578389234375997,0.0027381031389265677,0.0011021822198349332,-0.0016888829394597078,-0.0014900796201910052,1.0,0.33039312040972196,0.33087864121720795,0.32570993022720285,0.3278659517081368,0.3290469963920537,0.32951087236167886,0.3326679653046231,0.32609378647341897,0.3261923125623223,-0.0011438521740233924,0.0011447849705265149,0.0007743376904115013,0.00022798782805430988,0.0016321835290262334,-0.0014681690748041115,-0.00039032267565400146,-0.0027800556932176578,0.0019378266508684808,0.00018465472412160336,0.002324746925891369,0.0003978836369549145,-0.0008640745238260373,-0.000973399747922815,-0.0024173415172022736,-0.0012930565971296043,-0.003498992965586948,0.003935195656655402,-0.003646564386446859,-0.0005993948005116275,0.009809318294042515,0.0010283004078358387,-0.0002679060845586876,-0.0024111106749439702,0.0012021250064752213,0.002344317361223662,0.001336146315238462,-0.003488368456527863,0.0015781144639147168,-0.00459618797650624,-0.002774819243083831,0.0034788917944561302,-0.0010859970128253497,0.00262109845030012,-0.000412269176956049,0.00012002838291360017,-0.0005873444381042886,-0.004724993495979091,-0.0021980210533065997,9.796713203144207e-05,-0.003027219494450282,0.005062462897414106,0.0039536999340866325,0.0009646758809471513,-0.0009849727394143474,0.0006575166885243093,-0.0014197106482141315,0.0031635963896933504,-0.0022742354607370994
symptom_frequent_nosebleeds,0.0039045338928444203,-0.003511910783831816,0.0006466325464852072,-0.004052154068903356,0.00042403068093176073,0.00019660303959870181,-0.0016854810552467895,0.0010206824362289375,-0.0033562855742316606,-0.005062668931720551,0.005513943367393563,-0.001037787549298616,0.0014676898198019673,-0.004305729169992812,0.0011819240688318098,0.0012185206833404238,-0.002875960975718973,-0.005590958417147704,-0.005277324900460245,-0.0035313825634494304,-0.0018022550335886208,-0.001452757467015919,-0.0019636338031944946,-0.00534580014582512,-0.0041858946801017205,-0.003287841788669511,-0.0015825380368327247,-0.0014818909545871418,-0.0008499799281923717,-0.000977370457252785,-0.005430231629140291,-0.002380939189241492,-0.0006521680126916827,-0.0043533207650993345,-0.0020333147791061447,-0.0012372333884110315,0.0015513940281296123,0.0035732699691434352,0.0007649690340699193,-0.0020077252014689996,0.0030108120701928098,0.0024593807048087536,-0.0036605761583573615,-0.0014149655515571504,-0.005981615603590624,-0.000840000572224528,0.00019104013182970288,0.0006850715577824596,-0.0003114151650169978,0.0013592420470585824,0.0004761636932241375,-0.002488921220763552,-0.0015653876638608286,0.003315822415821029,0.0013305153235007511,0.0022155845955075712,0.005310087414513507,0.0022172235801376575,0.0024857662268546166,0.0053151677873694205,0.0062023670231163884,0.002699358615961932,0.0012770031386668457,0.0016902127628511685,0.0005752460098118296,-0.00011337463691240635,0.005155601432708326,0.005271222625030186,0.0002919090866661784,0.0037925121366251743,0.0019599392994487834,-0.004340733346563443,-0.0006745443166802788,0.0010386628411536052,0.0024244797614577287,-0.0009717655312516651,-0.0014172470120215625,-0.0012645727688934106,-0.0004383832086657699,-0.004063025601559955,-0.002451978269572302,-0.002063456609827172,-0.0019577995070015975,0.004409155021586453,0.0029229895629226473,-0.0009182550713652732,0.0015715912785775241,-0.0035022360683222013,0.0020212145710038283,-0.002076124227093712,0.003404905799692583,0.007335583881151205,0.0023968850683537017,0.0004632786368345761,0.0018461069439631352,-0.0013647549027582758,0.0033732715723122303,-0.0016098737979835687,0.002761870805239017,0.0057138322871322315,-9.938500281355196e-05,0.0035851377216448823,0.0006879781403688693,-0.000956479600900624,-0.0011989792547449111,-0.004575558010105435,-0.0035007189664547256,0.0008253448802850655,0.0018263513130602018,0.003834500697649191,2.0107847618806024e-05,0.0009331962067882031,-0.0014121583641947895,-0.002065936543183867,-0.0021717425555122408,0.33039312040972196,1.0,0.32974123321795956,0.32647707714990737,0.327901823068961,0.3279130065473201,0.3336806821247022,0.3302546018583542,0.33015616824814287,0.3308872371995998,-0.0003969712696004898,-0.0003567890794140795,-0.0028776661213135925,-0.0019300659236693456,-0.0026770510218328,-0.005407721320025634,-0.0013289298773168543,-0.002588751708803097,0.0004352242135760746,-0.005432512621729261,-0.0007105233546125079,0.0010148228428671472,0.0015063916642966912,-0.0018100649746280544,-0.0034022056578200404,-0.0021545627360155836,-0.0022266974501873454,-0.006868496916384486,0.006245866115580986,-0.0014596911613276164,0.015459945706618149,-0.00026875076629964716,-0.0010901956395390918,-0.0024385115731882126,-0.0006199187109274471,0.009389700966781399,0.0004498313236866325,-0.00124268748762882,8.527584947468729e-05,0.0020901749295146343,-0.0008432637197511643,0.004751444583073473,0.003927274424900856,-0.0015218600202309698,0.00017971603387240465,-0.0030631678593599516,0.0014310447415778564,-0.0010946181632186794,0.00013660815098208743,-0.0009093332684262022,0.005679853997106309,-0.00040855299481966183,0.0007109685389288655,-0.006780544889765299,0.002395666350698848,-0.0019922230679164685,0.0018693597208801103,0.0017052445967830003,-0.0023207867504234
symptom_prolonged_bleeding,0.004287558871746237,-0.0029804412654470653,-0.007499792350968563,0.0017438131817791474,0.0033068499006029092,0.0019122491697210668,0.0032832474344438537,0.0029854243470531284,0.0003555350049889446,-0.0026915768048589085,0.005074622277584826,8.783783126467406e-05,0.005103176240713134,0.002751053408342976,-0.000778210846706876,0.0037680286219311677,-0.001409060068554974,-0.0005134980980367192,-3.450201371269263e-05,0.0010180666184609391,0.0016937377783314983,0.0006347422605686079,0.001968821923118204,-0.0012420352628786093,-0.0027232073095865587,-0.00129303098220437,0.0043784208115145605,0.0019239130097254602,-0.0024622785500021554,0.005695230081100246,-0.0010604671401893166,-0.0009417992019377903,-0.001816006995900996,-0.003635016995548172,-0.0015849745466081906,-0.004922050926929259,0.0004785711086114446,-0.0019218860258514178,-0.0012928446379866212,-0.0019141582710682477,-0.0033860108524438695,0.00013182379416321388,-0.0025825428854827654,-0.001047514960025025,-0.0022909756613528724,-0.0062623262983969715,-0.003775792207127747,0.0020432016379455646,0.000688778494868202,-0.0009725396940872507,-0.00421572239427913,-0.0013183869461185435,-0.004535361082103674,-0.0005221589538890622,-0.005232238957064987,-0.004821722108096011,0.0015547520906763997,0.00011612027220762418,-0.0018771046010515747,-9.866455735597293e-05,-0.00023531546523769873,0.0031680314681938565,-0.0011939668474218964,-8.302367119358165e-05,-0.003078926055971783,-0.005435376089906291,0.00019918746509502776,-0.0020895004784494318,-0.0035317651751129364,-0.002884297230908518,-0.000313493545853457,-0.0030607675210438134,-0.0013966861068716275,-0.0006822578929284376,-0.00021436653944074868,-0.002965928726658434,-0.0023136659134902486,-0.0014900211416610082,-0.00300347668037795,-0.0008546605714118475,-0.002173215318980691,-0.0026226158488482122,0.0016731253743885114,-0.0007359329169630655,0.0031307639757259895,-0.0028852440013953026,-0.0010700877840014932,-0.0022998987927708658,0.0025651778206629964,-0.0027253813236992617,-0.0022539785096952728,-0.003201300517630706,-0.0025662709453716393,-0.00437314892140119,-0.0038232181515678735,-0.00019116044063617482,0.0007062953676067886,-0.0023192224587696444,-0.0028197736043836493,-0.0006407223141123321,-0.008260337771144561,0.002722911903576339,0.0009317457308013203,0.0004014237851267065,0.0014850149685598836,-0.0008676246636209451,-0.005700597479472656,0.0021857649316632042,-0.002607451417463256,0.0009216118776323067,0.001483473284768507,0.0016862815681491427,0.004530480310971924,0.005597585032993653,-0.005695508340394779,0.33087864121720795,0.32974123321795956,1.0,0.32262611093782234,0.3298637620415417,0.3275425855549996,0.3299153189879683,0.3288049700651113,0.3264969097272963,0.3282931051743888,-0.0045157399602071034,0.00020731253716491845,0.00012286922984636214,-0.0023145203725835526,0.00041806366301748525,-0.0027845758964475313,0.0010189639132724296,-0.0002429172937606367,-0.003985770280381411,-0.003092334729687612,0.0033360376424538315,0.0011109158110211798,0.004025245071646323,-0.0001804794154937592,-0.0005300590859016863,0.0019328806378059807,0.0012278766552503337,-0.0001828929755572506,0.006322955935975272,0.001017930739676921,0.009823688655302552,-0.006507088754243537,0.0012664093611201843,-0.002403165732947046,-0.0014306976792399335,0.004141419271245513,0.0005295967204902993,-0.006551379490174675,-0.000534123578624954,-0.0018697517236201569,0.0031848967871131602,0.000854897797622099,-0.0027627770090392417,0.003457121426880001,-0.006403738114719732,-0.002204481776362114,0.0004615495986445546,-0.0019473193337574512,-0.001381022730950557,-0.0008430076986017662,0.004314804970903082,0.0018215801971554894,0.010332855053381225,-0.003295271914531415,-0.0016559665649524761,-0.0032538499153800552,0.00027381841598887323,-0.003039407752939186,-0.004280493527353735
symptom_fatigue_anemia,-0.000207297110092333,-0.0030340942190683414,-0.007132046832594024,-0.0027446489555181404,-0.004099857561648183,0.0010833982033803102,-0.006047856105075376,-0.000672937669430806,-0.0010418757836017998,-0.0012531776693825902,0.0006622505787779903,-0.0034803394382701557,0.0009399928280726692,-0.0028260840241123245,-0.002677954224187009,0.0033604431306614386,-0.00022379109372245323,0.001908087575818539,0.005076958016937916,0.008263155874410124,0.005514065195633377,0.0015420933931207758,0.008046136570871412,0.0030988434227572216,0.002081236159431736,0.003319026239545029,0.004932776073563742,0.0048431259497480296,0.0066341928383598665,0.002117081730979946,0.004519974981591473,-0.000902169520529515,0.001353592018857812,-0.005490541338483981,-1.86876928246323e-05,-0.003004024589018577,0.0022096960043917584,0.0008111288670580192,0.0006135308357443746,-0.003325440772019917,0.0010594622010157491,-0.0021833822816405358,0.0006060150656922118,-0.002552652969865825,-0.002080083945550184,-0.0016195066251235744,-0.00310934327161886,0.002694906592349446,-0.0006420460572322878,0.0010283345236381852,0.0007768965317690355,0.003128325856433507,-0.0006362127541793765,-0.0019327986943451162,-0.002529185561171788,-0.0025199657325615517,-0.0030433303996606547,-0.0017312729839806611,-0.008876379735781386,-0.00029508376557265645,-0.0015559651594046027,-0.0021217204617000954,-0.0029441738222671663,0.0015154595844985178,-0.005089356513353043,-0.0060560705735040275,-0.006372686997143468,-0.0056459864210294496,-0.002627165302120179,-0.006181068577036806,-0.0024170235534503935,-0.002522250698626605,0.0013072983518834986,0.003685911114961134,0.00031092667271225395,0.0008508519851600963,0.002242258183232334,-0.0012031954480878951,0.0002064239110743532,0.0033419677150825938,-0.000719112804321458,0.002010807708920118,-0.0008957568747170564,-0.0004605484334086633,0.0014771811474119684,0.00014000811952471045,0.001963954868213933,-0.0009396154380291995,0.0029123426431315424,-0.00017118066792194044,-0.0031259170906662226,0.003042432908270957,0.0005344116126151326,0.002820672580450972,-0.0024413500824151243,0.0029870308955966844,0.005456143377365908,0.00559187434455525,0.00315040589829294,0.0034977050685572504,-0.0033878436797857583,0.004396006767766743,0.005261679331749316,0.0015015073739724914,-0.0012953901700130863,-0.00139579099993113,-0.0012655402078710681,0.002469558340767828,-0.0003021974119300813,0.0032273201400894913,0.0018565316895079644,-0.00028174812882423607,0.0021494196723379436,0.004228571154711331,-0.002369775791967562,0.32570993022720285,0.32647707714990737,0.32262611093782234,1.0,0.32511324111543566,0.3263985429173884,0.32898120546998305,0.32809460848630534,0.32514518972069445,0.3344515146444905,-0.007823153285908043,-0.002175015569479806,-0.005344271705117762,-0.0011186296271474586,0.0002780335334516211,-0.0022492907886053435,-0.0037040770010282236,-0.0030930012213842696,0.00021111756645516945,-0.0007925389367263503,0.002252364369382063,-0.0031510821003178525,0.006344545495825312,0.003576921107775428,-0.0034189076262936334,-0.002975137611515696,-0.0009096917493367529,-0.00028175832138985023,0.00026581191747472653,-0.0038737738997539823,0.005469903526658009,0.0009726203313487173,0.001154898760419267,-0.0073194615853356395,-0.0006391114476512564,-0.002174866944827702,-0.0020399004397574764,-0.0020327494097567796,0.0007704581327419942,-0.0013117731930091896,0.00012845376372456525,-0.0018396678035029544,-0.0011636900865906869,-0.0007271034706340426,0.002819998175879953,3.324038350369897e-05,-0.0037491865778850057,-0.0001936830172999418,0.003306004366161392,0.00575125015835377,0.002000514795941689,0.0028245362448991638,0.004653938856668981,-0.001676574281646007,0.0009893904412699665,-0.0006998952528342077,0.003520601063214794,0.001679469198201198,-0.002336683253539639
symptom_shortness_of_breath_on_exertion,0.002996074388769849,-0.0027963504895888646,-0.0002807314278127311,0.0068138092693945445,0.004278564990019121,-0.0007949736138820275,0.0018143824355350432,0.002527504159459597,0.0008863835780272944,-0.0010722076677811977,0.006562407815307648,0.0038950697614330274,0.003158829404612712,0.0011079677674134586,0.004031979553818358,0.005908746336669134,-0.00261910383509999,-0.0062426729602716126,-0.006774186620520909,0.00034582591072689853,-0.0032259903277039753,-0.001437914538125473,-0.002920555118781789,-0.004034736620937447,-0.006336441890042932,-0.006832767980866169,-0.0033476022634862197,-0.0004067473872560249,-0.0008468530176561807,-0.0002751697179499545,-0.0036846451177206096,0.006143864353714667,0.0036253765783065893,-0.0014541604177200976,0.002048579260399845,0.0005992510103507606,0.0033966505475161225,0.00795800129149289,0.0044199923250008285,0.0019909844534335046,0.007031052290239621,0.004314751356174005,0.0008667729762230094,0.002860823166368185,0.0009792931769746693,-0.0005593715029852364,0.0044680715615916435,0.0024311187803386287,0.0035204737407540866,0.0023935137528685027,0.0004058776452963316,0.0035844857200283873,0.003519550664353189,0.00566180289351273,0.0030845295711681314,0.0070610738054082455,0.006015694000850886,0.0035396665085744737,0.004649783597395662,0.010082585509027233,0.001619939174283501,0.006855670601147631,0.0025650705643274524,0.005670164941037017,0.0033521071126750867,-0.00021792037181395286,0.005002007839099512,0.003483577328959883,0.00246606659741346,0.007871986937415709,0.0007811988410322561,5.7768231053363996e-05,-0.0009602746697384358,0.00085149536016514,6.141877946507011e-05,0.0018337015806388862,0.003078002296054221,-0.0025758207508694733,-0.0009759048272351317,0.00042907575962002623,0.003050760962160345,0.0017590512755330928,0.002374632464216067,0.0010503035983543995,0.0014011220149939628,-0.00445408001455454,0.0002937792482780192,0.0005748429684519188,0.000674185498288772,0.0033387553398518876,-0.002234673181324485,0.0015137482229264656,0.0021515613287703727,-0.0018270647348115775,-0.0023660356321723816,-0.00225539458035102,-0.001677960041999227,5.240801196265159e-05,-0.0024464560373439366,0.005883345935242577,0.0031954890623900546,0.004844316854443467,0.002533518995013976,0.002609202086660807,0.003598327031926306,-0.0012360546087715415,0.0027123885358612755,0.001825689919977536,0.005312396757698483,0.003441557827283239,-0.0013152860347194224,0.006660797023564777,0.004405934395855711,0.006808030887716429,-0.004624289187643664,0.3278659517081368,0.327901823068961,0.3298637620415417,0.32511324111543566,1.0,0.3305724679795841,0.32996600935526804,0.3253029194408761,0.32899006432047095,0.33089922179853254,-0.0014688389613290301,0.0004383099020206347,-0.0022647486230095906,-0.004745786505106455,-0.003194635706144369,-0.00030113486785736236,-0.003626726004935671,-0.002836819093563739,-0.002260779054224208,0.002686339935512504,0.0014615063178727123,0.004746358111589742,0.003361636570387289,-0.0023673981013298574,-0.0032304611287679963,-0.004358623634196004,-0.0012996857453578653,0.0024423240075287164,-0.0005362465650380859,-0.0036522442388551898,0.005636858296497647,-0.005177348823142931,-0.0008617252130307277,-0.0007092797659912994,-0.003080958239437412,0.0007097039996614026,0.0039770999032904784,-0.005654633703655025,-0.0010917957827658472,0.0023631176428282933,-0.006634323333984684,0.0009425013595981431,-0.002639562154303552,0.0003266548827905479,-0.00022408360606703898,0.008118913502627709,0.0016095367524280456,0.004637695647200341,0.00035901062398282856,-0.0036069320697781296,0.0030123570384589324,0.0030195747890561014,0.00014018535000365881,-0.0031751374572197366,-0.0028873064677095678,-0.0018670580634365618,0.0004082414373589233,0.003358419097171646,-0.0001309760113806507
symptom_pallor,0.007692329581498579,0.004942801365577095,0.006515530278508311,0.007985931416206248,0.008297125099592772,0.006479813565884867,0.0038420171140077838,0.005552384256725432,0.010712198422195021,0.004886433740419956,0.009393807317215622,0.007418352022896737,0.006669744074595733,0.009925940970210176,0.001366160936115878,0.011190321754396652,-0.0036548232374195087,-0.0057666998843972014,-0.0027065969510881253,0.00018619477777658046,-0.001522479685083757,0.003416453460417853,-0.0031679996276274937,-0.001545042233920197,-0.001089401469481097,-0.0026563003934650113,0.0013477983550207644,0.0012755111318078069,0.0012883948570805873,0.005219721920044322,0.00013412260003429672,0.0003341000412065776,0.0017138654914867874,-0.005700815276250039,0.0009566891658133327,-0.0013061405185821,0.0019375152959976273,-0.002543719017895302,-0.007312266038730077,-0.005778721869710063,-0.0030155041422133527,-0.0006629273213953991,-0.003568041860425405,-4.0619221557905925e-05,-0.00363407229754727,-0.0023690948459705458,-0.004128564321587404,-0.00046994319326530676,0.00016766984312551681,-0.004384659050865311,0.0014858173873109688,4.800912837105994e-05,-0.00254093806908868,0.0019776292964746355,0.0006970902662330878,-0.00016725436298151806,8.42028320415964e-05,-0.0009986241687469143,-0.0011054423472455757,0.0012787167083173842,0.0009694128262184123,0.001528103933730487,0.0035531673768303155,-0.0011209037184694258,1.8421633909644003e-05,-0.001989481054726471,0.000542378767675123,0.0028222410901166083,0.003349709908099331,-0.0040961993699111954,-0.0007405577871578377,-0.0004986364082265706,-0.0006780727866791688,0.0086701266831165,0.002517739393824711,0.0024574469893058576,0.0008375302267862569,-0.0011091576901623035,0.005261493758758673,0.0009549364324304698,0.004248599485202643,0.0013662880986465109,0.0033179531443872185,0.0034198984328502684,0.004442012128008681,0.003021709574424746,0.006103713250951442,0.0033593896270505907,0.0034579140631847962,0.0006785443818293216,0.0005541846628104262,-0.001656332803018589,-0.0012013628439223759,-0.00040133301274117484,-0.0032716453288411523,-0.0005397035303821049,-7.930364163797936e-05,-0.001223309802971562,-0.001816098617898217,0.005494385479649143,0.0012829124228065215,0.009386257171127229,0.0007819542422729694,0.0019860784019487612,-0.0016231734292239972,0.0029738278800533675,0.0010616845461189287,0.004389368748851903,0.0018231907368816606,0.004954450112331162,0.00541596326380143,0.009487110265127368,0.0006112093689739558,-0.002384632972895257,-0.002491540014159711,0.3290469963920537,0.3279130065473201,0.3275425855549996,0.3263985429173884,0.3305724679795841,1.0,0.33285824161668004,0.3318598720549756,0.329221677733099,0.3301695708466668,-0.00165330142509012,6.780111807735925e-05,-0.004324943807005086,-0.004535141622878879,-0.0017809792251604016,-0.004059522172246658,-0.0010858252175201541,-0.0016039265634962357,-0.003283530872228829,-0.0020114338346653186,0.001386364197751054,-0.0009076307839207413,0.0016403843680775332,-0.0047812768674198244,-0.008924996820917004,-0.0004241113050186494,0.0066738829462411765,0.0015219924628693672,0.002383155015335716,-0.001332716566905834,0.002716110376153829,0.002332586014602509,-0.002471648698473635,-0.004011077505407668,0.00038143222861262695,-0.0002633419591552983,0.0030559380659357723,-0.002652032760880123,-0.0011905755059567259,0.001574474099792472,0.003228817161752751,-0.001753468612902881,0.0032155140361076044,0.004327929831654296,-0.0016690300035693975,-0.0005919479022503051,-0.0005356254965559281,0.004550084842866785,-0.006136171947364223,0.00111251159397164,0.004374307009269179,0.004033907761890948,0.0008453324988536233,-0.006678354117226761,-0.002292671823554763,0.004627552287284193,0.0045183224650156084,-0.0002151102641037878,0.0018203188402992156
symptom_recurrent_infections,0.001109451996950928,-0.00250291875182758,-0.0031733475329005474,-0.0023570351886601348,0.0017233414005054003,0.00125294537038622,-0.002170813016572884,-0.004387528611585921,-0.004025388686061576,-0.0054722977393824165,0.003008858885161285,-0.001343536398276338,0.0011920803593515506,-0.0017046303322195396,-0.0038869575066995455,0.007458919202869607,0.0013196966303490971,0.0011537367143877857,0.002527532778696145,0.002605313455891402,0.005315561292847298,0.0007280875418263567,0.0055939938016175235,0.0019304835500479382,-0.00044374899480421654,0.0018781354121790144,0.005271241346302547,0.003080736585963617,0.001412190380608551,0.004552171112207446,0.002553113478424032,0.003563736665475891,0.002052188283769767,-0.0013103018279719224,1.789783959568295e-05,0.0010135545337183552,-0.0040549660015128264,0.0012212576447411868,0.0013136043550690767,-0.0036489280539667196,0.0003862450760730424,0.0014774263133442809,-0.0016160742871868616,-0.0002453088969265866,-0.002043279553034138,-0.0024089807655563447,-0.0001858477676803629,0.002574835849004961,0.0013181069912529594,0.0024464974141557004,0.0034480812764279725,0.0013731776410752673,0.0035725092242047674,0.0041513120562382,0.0016658167227862504,0.003472482974281689,0.005975090570491818,0.002206008120850671,-0.0009290006671220535,0.0011924665280245968,0.0033992617235442707,-1.99172699441195e-05,0.0003599124331017543,0.004591832455428052,0.0027939933703737987,0.00017495400883956868,0.0005510916670591486,0.003615832076806969,-0.0013674506615662225,0.001522445967782031,0.0033265486103752438,-0.00477798955819966,-0.005204263942065301,0.002572362843249075,-0.0006529329978399548,-0.0024226025783189507,0.0016049378405505067,-0.0030387643813357527,0.0019230461256837224,-0.002886674049759043,-0.00027024340150666416,-0.002487307875163906,0.0021639282083096537,-0.0017630329290597338,-0.0035124836589203717,0.0030485317015879598,-0.0011766237274434793,-0.002404104616686104,-0.0036466478888661615,-0.005630637510339009,0.000257756172264001,0.001205056120994711,0.0003020607137564019,-6.184814122104848e-05,0.001213857896307197,0.002505026484689774,0.00386367477858729,0.002179008190200596,-0.0005835394867698198,0.004042955988671514,0.0006346021142881699,0.008376185424833411,0.0021962048561608317,0.0009356325210103678,-0.001236259691032134,0.00017311184476753375,-0.00027470067541060473,0.0008692640203661838,0.006914333061852996,0.00044484782376057246,0.004076321293619535,0.008059291785753738,-0.001551344489628321,0.003206272635544755,0.000753187079031388,0.32951087236167886,0.3336806821247022,0.3299153189879683,0.32898120546998305,0.32996600935526804,0.33285824161668004,1.0,0.33648874073111107,0.32840308669282736,0.3321217219197506,-0.008180604325722885,-0.0023311712672674074,-0.0019235960930623864,-0.0052525094420431484,-0.00031465334921207925,-0.0051499916498700124,-0.0031911494637416773,-0.0035308317515685334,-0.0030501585599494066,0.0005826760329250382,0.0064527119205398135,-0.00011527622601784758,0.001729044182129806,-3.990965433950139e-05,-0.006990351140233765,-0.007580052141633507,0.000719959703302173,-0.0008815199338359037,0.0014587174543507298,0.001960026547546021,0.005634556235357866,-0.00265527061325516,0.002934672260566598,0.007453604145996406,0.0048911034344228605,0.001599324618364307,-0.0026460293573568345,-0.004112510829086527,0.005325252344463281,-0.0017140390041990184,0.004299377146196445,-0.0003820431127446628,0.004153296995527707,0.00278222941338709,0.0004421926672320084,-0.004422248348127443,0.0026451569349203044,0.003710247910564953,-0.002853105589189285,0.00022785933275712417,0.0030084817001426556,-0.0035167300728782967,-0.0014579981052825907,-0.0014616026727958687,0.003354301926867649,0.0046898097380043595,0.0020870510010102925,0.0026603862962905583,-0.0021597697888944933
symptom_night_sweats_heme,0.002905689603862073,-0.007390969206194655,-0.0011436995037398397,0.000858141705291188,-0.0016871065694955775,-0.002818282827339914,-0.006036704551537893,-0.0010997335342405015,0.0009436750507463343,-0.00042153335342424677,0.0014704636425341313,0.002293901092037812,0.0014874177586513759,-0.0016142338063919572,-0.0023630439737404897,0.0036361515626350594,0.001714819577262148,-0.0009478029754773531,2.4258166881535145e-05,0.0008751255121607783,0.003591453084693544,0.0018411326520582768,0.0020350643553662803,0.003309161982895057,0.004469120612913898,-0.0023385353490032444,0.004709766525543654,0.00013307354657574887,0.0004773717825110349,0.007087692076557229,2.3349220659760927e-05,-0.0021920054501823444,0.002063648919520559,-0.0007741004846884736,0.0020061378261406783,-0.00360326127972067,0.0021001741307819597,-5.4895492036422364e-05,0.0015984922468719968,-0.0008500209296387677,0.0009257189149466331,0.0008528401381531091,-0.0027262577529184357,-0.001598100606162409,0.0017587430939452493,0.0004785328093075999,0.0012596691330809364,-0.0006926588400745496,0.0016969277961573254,-0.004800351138761526,0.0006323004173978934,0.00455075526159494,0.0024976793453988224,0.005634870336143991,-0.0019448197450132093,0.001038876045385013,0.007113367625909868,0.002311149757228807,0.0033968269287383665,0.005522471180410555,0.002085521921851791,0.0020512261255093774,0.0006029156519940288,0.0017347385171652243,-0.0003924468090288123,-0.002104403991881733,0.0014976540245180761,0.003191780308463202,0.0032235340377506803,0.0012615755628096097,0.003263269286505038,0.004660244552092304,-0.001929657672161162,0.003352060160552859,0.002643271105573097,-0.00033166990516422974,0.000847504283334118,-0.00440792071640814,0.0025266214179677482,-0.00018774974827025202,0.001251218689639073,0.0020631925494343805,0.0031948025061604656,0.0033839039646683623,0.0028073320683038223,0.0006417548006788649,0.004140816175471969,-0.00012272932426099454,0.0015782366414094954,0.001439893595708817,-0.002550611637777721,0.0014761032766190513,-0.0013484184241286247,-0.0002273952600930943,-0.003504889211046154,0.0022349926590730677,0.0002894916416751155,0.0035594181105068554,0.002588629878658063,0.001088387294929628,-0.002242617768119516,0.0011774728039842084,0.003448223654887375,-0.006184446751455895,-0.00010361699501253689,-0.0011837498037145023,-0.0009728231554485059,-0.000487097883282394,0.0023449301715265727,0.003739352387956258,-0.0024766895959812663,0.003387417097120143,0.0007094058341312957,0.0031336578001737,-0.0021996566342428643,0.3326679653046231,0.3302546018583542,0.3288049700651113,0.32809460848630534,0.3253029194408761,0.3318598720549756,0.33648874073111107,1.0,0.3271665461855383,0.3235289061362901,-0.0016221254842395515,0.0005634776334172062,-0.005342108345791064,-0.0017098797004523165,0.002405405921702298,-0.006629509103829062,-0.0014274955721323796,2.2824771923605406e-05,2.974503335670794e-05,-0.001414828913467248,-0.0024033651677009588,0.0063628137775251226,0.0010947191056834608,-0.0006353005529027181,-0.004980245301042296,-0.0025853591829138583,0.0009361547187890142,0.00012141912487671819,-0.0003974034777844235,-0.0010748631651492121,0.01151129780695186,0.0037832201627369002,-0.0022060167474228414,-0.0039054513898063707,0.0015144431805966016,0.008041751412725173,-0.0024835038372218133,-0.003943740697428416,-0.0008985573997421547,0.0018989994032265047,0.0004684511933060229,0.0023808288740667727,0.0026337088503170757,-0.0003230624256452302,0.0033508195367320717,-0.0018968447675714992,0.0007091490441739816,0.0010969575257408794,0.0029528740250583524,0.0013418187401832771,0.0017412448294600532,0.004254821580174577,-0.002084679563730241,-0.002162157077346894,-0.0013022176839413396,-0.0017673942057231024,0.0005775207538475807,0.0014850664838646417,0.0020421882698333236
symptom_lymph_node_swelling,0.002017247295350186,-0.010978726325997112,-0.002762671148814775,0.0005599997054803121,-0.0028086109887314986,0.0014866905895598486,0.0015919448801346692,-0.00230162771599428,-0.0026040585250131725,-0.0035530721735140586,0.0021539811307022152,-0.00545567180921186,0.0005905249670138608,0.0008874952031374011,-0.000296035087236329,0.0025816908022714847,-0.0032833219060524484,-0.001154756228125436,-0.0008351117825318027,-0.0025291221186876894,-0.0025634184905046473,-0.0028103338202715975,-0.0001514790446069171,0.001122405910981539,-0.005226456262598984,-0.0032548377244720978,-0.0010111581803682514,0.0018300560360488814,-0.0038084022626940434,0.0004728160709391847,-0.0009920912173119374,0.003407109882619053,0.0027930443784561195,-0.004267298322902167,0.003392532720759978,0.0019354360330707736,0.0009394491222327725,0.0032335898434929762,0.0007911773384640448,0.0020634263090502014,-0.0004039600225930303,0.0012260312308069534,-0.0015892459935281861,0.0013075166320415663,-0.0015659848338712818,-0.003829071412394657,0.002008543780847778,0.0007877868653467958,-0.00037622900763626353,-0.0023183288686605477,0.0019311914507071702,0.00040142734278573707,0.0007915802613832445,0.008075425717408718,0.007807637539791154,0.004290180150162074,0.006790714480775557,0.003962650754366942,0.0011901397343543523,0.005398845451846462,0.008287930368681189,0.0047766005346725786,0.001961182782777752,0.008084400765697315,0.003690289967274014,0.004111828059358958,0.0016295066813628895,0.0007184490493585749,0.00487095055692014,0.002252735157252205,0.0070623206313279304,-0.004022384278040454,-0.0004209563222401788,0.004155305211695876,0.004120819601781299,-0.004778883152896805,-0.0014271992083392305,-0.0012745694438376005,0.0009907929044742929,-0.0022220338839427883,0.002158778529026032,-0.001902697638134693,0.005760644192541712,0.0018367971188327959,0.004369072499672703,-0.00559137300526904,0.00015924094712295168,0.0014435215691250489,0.003050762573332651,-0.00419743251784066,0.0017225244297574037,0.004120136546033386,0.005939449115696926,0.005357419420916702,0.00213830341419453,0.0015317301632547208,0.007021063335311119,0.009400365769650124,0.006579609969737217,0.006397306735456806,0.008663376897805757,0.004375634996757359,-0.0021126802078238853,0.0013282078457794494,-0.00227723991279786,-0.004875214098683387,0.0006178726624037863,-0.0006878276755049071,5.276944134202415e-05,-0.0016195143620866333,-0.0008538129694315312,-3.088114973471308e-05,-0.0005506846705692696,-0.004972621161516421,-0.008240151304368672,0.32609378647341897,0.33015616824814287,0.3264969097272963,0.32514518972069445,0.32899006432047095,0.329221677733099,0.32840308669282736,0.3271665461855383,1.0,0.3300796814638739,-0.009786033732563888,-0.002907729909766999,-0.0018460241608571776,-0.0046915848493636,-0.001458938733689837,-0.0008194825942825039,-0.0023599048255319153,-0.00090685046319013,-0.003908281477149405,-0.002722875770149759,-0.001573426533057901,-0.0029417350252417215,0.00330854011154878,-8.800909442686982e-05,0.000483880394160397,0.0004190722408382363,-0.004726495330839136,-0.004242441463400826,-0.0005757108639752258,0.0011099625993805996,0.005602371540814487,0.0023601211159321083,-0.0016726065872160014,-0.002364077303935255,0.003073345129478716,0.0015557127459883404,-0.002688350373087443,0.00047394491951183247,0.00027855465678517315,0.0009450924425457155,0.0022709405360919364,-0.0017308882300996222,-0.000986545356995267,0.0035523198523039544,0.006411594499581321,-0.00446518439358616,0.003643493260537731,0.003665779738156748,-0.0028966308722864647,0.0030635049379169996,0.0007527101370401719,-0.0002839611253230892,0.004869040195774168,0.0010682301321656945,-0.002248571964754368,-0.0032057238653112915,-0.0013200639988252903,-0.0008622458437795285,-0.004218282428684579
symptom_splenomegaly_symptom,0.004605086462727427,-0.0018407681042712748,-4.470959634170363e-06,-0.001368916867272255,0.0014509344914140692,0.0013958516931183442,-0.001428162157774988,0.0027149908287024383,-0.002522731732514872,0.0009614713250560671,0.0033974373292607217,0.0006496465401966076,0.0031722684262444167,-0.0027204265793347583,0.003630722342769962,0.004585451045932738,-0.0017483562909600893,-0.0006781857513436699,0.0003401657195510321,-0.00011179162392610879,0.0016223872181642912,-0.0010162590601999525,-0.0028489789537020707,-0.0016664425237306725,0.0016156283564561927,-0.00207305823563934,-0.0006249566349574978,-0.000779882666251244,-0.002626441130544081,0.003068203515702023,-7.568717185505614e-05,0.0019152286147245824,0.0010355607161217759,-0.0015079293138592056,-0.00017828007744828786,0.0033347082179923724,0.0017998222158493366,0.0029196451356936445,-0.00033356098826843036,-0.0033932781915565614,0.0020851706954005773,0.0016337467930936209,0.0018073918186817608,-0.0022505366547651393,0.00038025841269570244,-0.0023295566322666045,0.0019662799017037525,0.001197735026139692,0.002642684612817041,0.0011588344725430271,0.0026126680015576735,0.002259607695446963,0.004990978360191961,0.005845217805528092,-0.00026370578255296333,0.0018876292818068875,0.0030902124364080184,-0.0008428112273918316,-0.001124603733924408,0.0055900560712556,0.0017289152011396231,0.0033243656579105656,-0.0007008627738167361,-0.0008805467307618628,-0.0009449612768563113,-0.003479313985399245,-0.002583889112350653,0.0015983015611877617,-0.0007959201539855429,0.0028733991279431,0.0002759947480631162,-0.0005804342771789838,0.0045264367336240825,0.006497607595498044,0.005456880436317164,-0.00014926897605026636,0.006132660150525658,0.001916951322395809,0.0022460857779860004,0.0046463160829723635,0.0032461371268267636,0.005398841566288949,0.006257606378449707,0.003425097293288558,0.004112077507744036,0.0028604809785368664,0.0022523260032221953,0.00504043449028114,0.005055161725735383,0.006818340387186131,-0.0046345789356024595,-0.002338455930285996,-0.0016135627416350177,-0.0016174651930941294,-0.0010644723098739547,-0.003029107117863554,0.0033793890761851697,0.002870739828977309,0.0004829146516702906,0.000501249719209621,-0.001641936129314103,-0.0003856292726465567,0.003311681849297746,-0.007774402704760186,-0.0032766468383061674,-0.0031048365777111265,-0.004859479750901156,-0.0026160048729727023,-0.00023360961309413486,0.0026900773824636982,8.63645407171913e-05,0.0019261796644709664,-0.005019339432218854,0.002178577852329928,-0.004141972324107314,0.3261923125623223,0.3308872371995998,0.3282931051743888,0.3344515146444905,0.33089922179853254,0.3301695708466668,0.3321217219197506,0.3235289061362901,0.3300796814638739,1.0,-0.003980677828833782,0.007054820246956758,0.0027305758862977603,-0.0020655724712160587,0.001149218630853487,-0.0005552293055840735,0.0009060790727576267,0.0034009084567375456,0.0005027564855631467,0.001576086086445244,0.003397539969485527,0.0046577833462592595,0.0024740749754559896,-0.001660017509339336,-0.00047125930300938074,-0.006027955282575357,-0.002727693890543619,-0.002602122814072146,0.0014030343171170172,-0.0005124167757127623,0.004158570934312844,-0.003953368677459057,0.0013422589890437803,-0.0023727760172750525,-0.000485039904736715,0.0006457635148404335,0.001424377329535473,-0.007260784616670625,-0.0033055843061296224,0.006343336248046901,-0.004694635116015081,0.004859840585169426,-0.004397583374452924,0.005986183990779965,-0.000976665561322019,-0.0005717751466699615,-0.0005204577838024422,-0.0009670714840532825,-0.0005124167757127998,-0.0007859624893336095,0.005131670210935995,0.0029632246102347425,0.0024581653055703407,-0.0049490407177151755,-0.009891888160831272,-0.004526154863273332,0.0003409199964282521,0.005350624846596909,-0.001197581502798353
symptom_low_mood,-0.0030027147744158965,-0.004165928436256443,0.0032519474426258776,-0.0025351848736336244,0.006080574661448601,-0.0017802684972388926,-0.004504865544812203,-0.002148519848159475,-0.0035130227074840576,0.002117523251295813,0.0017491202065400943,0.002810319179362569,0.0033379668965414495,0.0030889144268073155,-0.00028363303864663503,-0.00413101291580059,0.0026932432785059307,-0.0003945944070883925,0.0021729717688259314,0.001893455178728556,0.0015276476953831363,0.00424355916348159,0.00322314685093303,-0.003823277134990643,-0.0015429021774135867,-0.0031485306463826103,0.003904273743686246,-0.0020689355708675005,0.005554316217141176,-0.002932431633900968,-0.00032462177741791025,-0.0019037123267883558,0.00018196489074584948,-0.0040258580204558265,-0.00020275446534532047,0.002808265078235544,0.0017300748984460951,-0.0026604780585610974,-0.00029879132446640065,0.00014950462445437778,0.000640460315888723,-0.0006030090267345249,0.000694158298989264,-0.00367242058869901,-0.004618355588459741,-0.0038275244742833384,-0.0008028172640853537,-0.0008853797598751204,0.0022979757157909272,-0.0003081057361955105,0.0008952802318197868,-0.0019429702604335717,-0.0006804235490705259,0.0007279456532158988,-0.0010274462052976853,-0.0026814325468590677,0.0006465778626583237,-0.004182773039379125,-0.0006824595891688212,0.0012430556097819934,-0.003418236005195143,-0.0025169414520264137,-0.0006320907185414216,0.005342006514731288,0.004198019104139816,0.0014163683834179245,-0.005005014354304117,0.0005722636131189145,0.0007402802400793403,0.003271835974833324,-0.0029661025668046336,-0.0022388586363906345,0.004335992981916639,-0.0035498304199111617,-0.0027759196937041613,0.0018176033480170124,-0.003155797038210289,-0.0024054908678444818,0.00019281246376632018,-0.003314508363395326,-0.004286799984472143,0.00017909126351597853,-0.00264714795132019,-0.00400998216561022,-0.001717057838412551,0.0033017023045841215,-0.0031909321705762906,0.0005025035202692806,-0.0003937930414906219,-0.0011801971114906598,-0.0028317317658438437,-0.0049717252665953835,-0.0033056999442172648,-0.002173883835529374,-0.0003143271188174803,-0.0045854456703951305,0.001419537868608265,-0.0009111181571857798,-0.0009323552904116592,-0.00020689238041562115,-0.004270273126714776,0.000796783537317959,0.002210310304156551,-0.0019951656597623877,-0.005124597468299944,-0.0012186979047354512,0.005190662235277039,0.0009957517216667379,0.0010921153292997264,-0.0013084976799286126,0.0016727070135128426,-0.00503724787091995,-0.0006595781103694647,0.0070178902270834065,2.4909749067162215e-05,-0.0011438521740233924,-0.0003969712696004898,-0.0045157399602071034,-0.007823153285908043,-0.0014688389613290301,-0.00165330142509012,-0.008180604325722885,-0.0016221254842395515,-0.009786033732563888,-0.003980677828833782,1.0,0.4358289764394775,0.43039676799381515,0.43362314922846695,0.4301786913550375,0.42652627237024054,0.43399119849906337,0.42956934028732674,0.42526350765591825,0.43493036002047214,-0.0015957911661309465,-0.0012875808109477735,-0.00417431121399392,-0.001214210661738018,0.0013232741677807415,0.0038687593460160806,-0.0008986675827257815,0.00022098431242550856,0.00016649662338211681,0.002310696228230324,-0.0007932443991957981,-0.0026774170159863642,0.001171446584077759,-0.002025401784429886,-0.004049589165180346,0.003299621628586628,8.512086233763691e-05,-0.0007782409434443375,-0.001184163052989193,-0.0035661662158572105,3.3373354332865846e-06,-0.0026765163996137977,-0.005547277428760333,0.0018519021353809795,-0.004769232904487076,0.002615695161194455,-0.003966173740274788,-0.0017478559891187795,0.0030183899100539335,0.008059164502334579,0.004757385114050894,-0.002558722631908835,0.0006294772265082677,0.0031444664590427906,-0.0006754060022862807,-0.0005546578929317618,-0.005162168391338488,0.004221992467005445,0.00513403633937627
symptom_anhedonia,0.0011983253897030596,0.004410416285123934,0.007618139348617613,0.0038908863558158317,0.003789449721034636,0.004129540973415203,0.005181421224918598,0.0012392710528132637,0.0020944599395689018,0.004108923247473151,0.0020499987091941348,0.0027278033142260436,0.003638974632875694,0.0042594718183041475,0.0018499034052884252,0.002513775143723247,-0.0007432680849786762,0.0006115427507549086,0.001566940165997422,0.001972747987837602,0.004028187517403424,0.004418665295287214,0.0023039711446883014,0.0008540032308389316,-0.0030463263454280024,-0.005036716380626193,-0.003119553801860225,0.0028476309673901956,0.0015015112045911288,-0.0038883562214842627,0.004518343308781982,0.004382631878246073,0.002869173365353794,7.590681703852069e-06,0.007687811702001328,0.002067744209285742,0.0007403967613174009,-0.0007861364567491639,0.0039058611216300906,0.0036353959662914497,-0.0012387222661691493,0.0037603028013119977,0.002656203253979882,0.0014012104613193206,0.0004536558715630245,0.004534772488652567,0.0036393688689093785,-0.0003661722960550994,0.0028395672994328477,0.002856899157822348,0.0036595555505795907,0.002816470326533103,-7.592715344310752e-05,-0.0006910221649660057,0.0013085964992291899,-0.00227831206259979,-0.0007801289830891778,-0.003001838414855607,-0.0024939395632877824,0.0037932525989521925,4.254150559177316e-05,0.0031685956987675262,-0.0012992166230242819,0.0005688471805383702,0.003645194348797567,0.0035127207778874524,-0.002157032543670152,0.002444271490969368,0.0008668854283912912,-0.001194958663798991,-0.0030018384148556886,2.3896276235502022e-05,0.0012673448031924796,-0.0029198972373412763,-0.0009550304640439743,-0.00016615709667499708,0.0017819473134892223,-0.0020068216354099866,0.00038299487430995684,-0.004536795601978175,-0.0015820156764407007,0.0005155273321556326,-0.004169213613839429,-0.00011221612225006443,-0.0014538822204765436,-0.0015282972671141126,-0.004121194610713423,0.0024848033047583924,-0.0019755408555530763,-0.0019743420115599293,0.0004864441528779482,0.00025956152016831695,-0.0001532244897332353,0.002983022812164491,0.006129178123006632,-0.002395747606888675,0.002366730398190202,0.004409017702644775,-1.1811624191338938e-05,0.004955484512822724,-0.0033443972888217758,-0.002538918425509442,-0.004484843446681349,-0.007486070994640908,-0.0016319909793741777,-7.99636023533094e-05,-0.003461698653609031,-0.004048671930274961,-0.002802432892423381,-0.0069427220012398755,-0.006581323571432771,-0.008501016186190084,-0.005018466272720845,-0.000556017393072991,-0.004140863746813947,0.0011447849705265149,-0.0003567890794140795,0.00020731253716491845,-0.002175015569479806,0.0004383099020206347,6.780111807735925e-05,-0.0023311712672674074,0.0005634776334172062,-0.002907729909766999,0.007054820246956758,0.4358289764394775,1.0,0.4376927908838366,0.4368427142039313,0.42940754411510973,0.43006275062588917,0.43148333590382393,0.43095065724356135,0.43263713898452294,0.4350866763569902,-0.0005923646944715133,0.0031850224745256454,-0.004033362750328647,-0.0010576799717772543,-0.001864775694112419,0.002610212816222648,-0.004893702434577754,0.006245954446092816,-0.0032430919122635334,-0.0003666905355666343,0.0018252027310713128,-0.004819150817280887,-0.0033679473253045533,-0.003399571318874288,0.004701936950128781,0.0026581124454659144,0.00023543390428176788,-0.0013030518363951616,0.0034045392380660797,-0.004593953808334078,0.00012818152050943663,-0.008439569798818216,-0.002410502113601441,-0.0008917413151247278,-0.002225204965503758,8.728470778841453e-06,-0.004776142478577629,-0.0032535222347531323,-0.001785984187399741,0.0065134791598294335,-0.004159053505158471,-0.00437846826247614,8.155070992897143e-05,-0.002775759883324442,-0.0011120278556014322,-0.0051033346899837136,-0.0035407869030616235,0.006254344138902039,-0.00010656906343836939
symptom_insomnia,0.0008101788347920949,0.0021000840038395193,0.0017411374825538927,0.0025277755100858263,0.004197897974231763,0.00010332118372174193,0.0016066883252127127,0.0007774705204432934,-0.0005775887658209082,0.0003121301846228497,0.002153721723394522,0.0021861633731771876,0.00013068341394749418,-0.0016026088514127903,0.0004978655616059131,-0.0017177005113017119,0.0022847589534764137,0.0035698891245323928,0.001062387645268307,0.0007845534962899416,-0.0009840090077430012,0.0024319923176615013,0.002966941287384195,-0.0014258200472074042,-0.0021800516554884935,-0.002695244107130081,6.806133311219546e-05,-0.0005336630385798708,-0.0007767034190523568,-0.0022431840038648803,0.0037887852988355204,0.0023645207853780536,0.0037813116817489254,0.0019742908182325833,0.005169687731070352,0.0070409490459201795,0.004296584787757427,-0.001122606928438797,0.005206036527439844,0.008370232362066065,-0.0017342876693822787,0.007055879711944878,0.0032689514134363576,0.0036647462422764563,0.004813527158714838,0.002348314350669809,0.0014512765226572842,0.004638352845398888,0.009624683313791281,0.003213158687669525,0.0007549578872789646,0.0019115994228482837,0.003321239972933665,0.004867410569505565,0.00529215598852646,0.0007794122886211358,0.0012830024289386811,-0.0008167281730238631,-0.00279140016749272,0.002649066871101836,0.002264500707137808,0.0007140149480964548,0.0005407313967237189,0.0020848665664081984,0.003606650647334899,0.0036559460847533907,-2.1054979453111734e-05,0.0019661031420006043,0.0007592513602906788,0.003140608729660772,-0.0011966105882895886,0.003297974682961944,0.0055657241316790515,-0.001427099498870602,0.0008262844478854422,0.005584326701013265,0.005278732399060664,0.003729996510515288,0.001722716909941308,0.003096206508149305,0.0008782949450347808,-0.0006609871198126527,-0.0018575164280881938,0.0004065450141714999,0.0038835401406687453,0.0023820587589823967,-0.0022523771035530696,0.0038009330320178648,-0.0006442034964071226,0.000877601714251557,-0.0012203697133645302,0.0027090548661099613,-0.0007259992929831709,0.00197153004271252,0.002094720866911384,0.00014505036179723117,0.004680779714244636,0.0037921612668918706,0.0029943488588159333,4.4572664694602114e-05,0.0028951630973392812,0.001423457561018385,-0.0003993189914412185,-0.002527957925403806,-0.004125740018153568,0.0014207936751626325,0.003210140113261558,0.0018215253604075517,0.006131568977488676,-0.0029257736520552006,0.0008642540846705517,-0.008180912539212994,-0.0009260038032119657,0.004405678485206661,0.0013756807449451468,0.0007743376904115013,-0.0028776661213135925,0.00012286922984636214,-0.005344271705117762,-0.0022647486230095906,-0.004324943807005086,-0.0019235960930623864,-0.005342108345791064,-0.0018460241608571776,0.0027305758862977603,0.43039676799381515,0.4376927908838366,1.0,0.4309981786598132,0.433196894860495,0.42107951795553594,0.4341886187977015,0.4315183230055312,0.4303826672321253,0.4311487464980655,-0.004274486258450739,0.0004923839440342174,-0.004218465748592391,-0.0019480412823908698,0.0021087160863404834,0.0016894349141015586,-0.0003610673298226219,0.0001739482366069783,-0.0016333288099648726,0.002967309998934863,0.0017052186070581638,-0.0038181877310806407,-0.0035698499200896663,-0.0078046575251400335,0.0013773134685266895,0.006400588573748127,-0.0043380499111928955,-0.003551841873489064,0.004421812434829702,0.0035598626162139805,-3.5757741178940965e-05,0.0007934193207649585,-0.001844452542997683,0.006137562523228534,-0.0006876776544354621,0.001873131292467132,-0.0030849672153737723,-0.0058615493196692075,-0.004810623114030729,0.004629350101897849,-0.0017752707182875035,-0.0025922033872318733,0.0026887773903021676,0.0030964544041048496,0.0004923839440342847,0.000572444987698804,-0.006686571220021037,-0.00011926418944807389,-0.0038385073981396373
symptom_hypersomnia,0.0019374686800102167,-0.0016235106498797142,0.003094157101704681,0.0018178108578787585,0.0016421361192339493,0.0011760074188210037,-0.0017341395986679427,0.0008638229539448141,0.0034983694539425006,0.0021058917526634905,0.0030983508308269044,0.005327728365874612,0.004391458696646064,0.0012781473752830116,-0.0010485423961018293,0.003476110774570308,0.004264069458309175,0.0031909402471907793,0.002279480730172652,0.0007953693489018244,-0.0014613074607594508,0.0009909839521451355,0.0017650296174442103,-0.0022767761963395526,0.00015274784568043254,-0.006228386184227572,-0.0008590654736263673,-0.003081910542787359,0.0012644087633523393,-0.006024307077100035,-0.0004938627649231889,-6.449851175872331e-05,0.0007838328636783283,-0.0025715155657744116,0.002863883200787822,-0.000978735287985344,-0.0011142680956007895,-0.002089029779967162,0.0032680347105373707,0.00219081639023963,-0.003263770678940332,0.004400572836849533,0.0014380749012090765,0.002838552219641746,0.00044007318639026734,0.0017913977836943522,0.0007415184998081048,0.0009009210731745021,0.0031618359540456884,-0.005077506719489235,0.0031671276006121044,0.003044228829194603,-0.0015301830955633164,0.0023024718049589883,0.0030896068515290317,-0.0023579780747350664,-0.0001670216582238173,-0.0040597410671706505,-0.0014233701773836403,2.3768597203246494e-05,0.00326557012948083,-0.0014239118279137312,-0.00598598446709426,0.0013416383500119743,0.0024460814432909856,0.005515532325310344,-0.002310298734842407,-6.962980224724721e-05,0.0010397697799836717,0.0037900399573375897,-0.00237855619770967,-0.0005952189319277223,-0.0009096424691936154,-0.00041115426019030105,-0.0038764951080058362,-0.0016191406656916952,-0.0021187745292217657,-0.004200703780485983,-0.0030631891595255738,-0.005527298394469903,-0.005332424287195165,-0.0035301290890014238,-0.005087977178771429,-0.005040489988888418,-0.003409386171606973,-0.004958657808116802,-0.0063809939782023895,-0.0026532890542576397,-0.0019165447239785835,-0.004994623682249592,0.00047813223123586074,-0.00039743493280228155,0.0009505477671487289,0.005305977183217258,0.0042058126916451315,-0.003059487828673736,0.00445111660279999,0.0017784330420942082,0.0025400932194555004,1.1233851777443787e-05,0.0016013836488139904,-0.0032262320323576967,-0.0008412852777001351,-0.0011129269670378298,-0.0005185070159481814,0.0033062950382741845,0.0019897865955627045,-0.0017651325613156751,0.003921102375749541,-0.005297770656260029,-0.0012172805256809199,-0.002783632572802825,-0.0020096188179748783,-0.002150379245769596,-0.0017637480748440126,0.00022798782805430988,-0.0019300659236693456,-0.0023145203725835526,-0.0011186296271474586,-0.004745786505106455,-0.004535141622878879,-0.0052525094420431484,-0.0017098797004523165,-0.0046915848493636,-0.0020655724712160587,0.43362314922846695,0.4368427142039313,0.4309981786598132,1.0,0.42802297051817595,0.426983340190484,0.4328537036996015,0.4325647233722425,0.4302351016147951,0.4365481631059006,-0.00669487661387619,-0.003435061009574843,-0.004644924303871347,0.00044271894811191107,0.0032312022360860824,-0.002256663887054211,-0.003564124785532485,0.003432843564180392,-0.0040383883751808495,-0.000246315073881042,0.001896940146339222,-0.0025151946501362726,-0.0018998132384271593,0.003890769177125119,-0.0014627919903613027,0.0003985165562666954,0.004021322358060256,-0.0011800458994979017,0.002915780964489829,-0.0002478077088883453,-0.0041808005921727415,-0.0036947700591188916,0.0037235525778318897,-0.0007750945477918298,-0.0008964464114411349,-0.0012565533797816357,0.0026712751074054954,-0.002336115703471012,-0.0002463150738809845,0.007479395912959554,-0.0007791337927703005,0.0014936445990340666,-0.0005033224124804753,-0.0003860143354080501,-0.002204664030593259,-0.0015515772951185578,-0.0004504979783366732,0.001486526906351591,-0.002705407318018246
symptom_anxiety_symptom,-0.002229592710421053,0.00023800308767925476,0.0016580511216925454,0.0010432924855012416,0.00131130394100433,-0.0015265349973115979,-0.0015106750940077785,0.004168044745772741,-0.0006642206157932418,-0.0016929702470540957,0.0006008805264186592,0.0011428929049851519,0.0015250289438656659,0.0020858893562761376,0.0016708673241540345,-0.0027649925609877645,0.0041591232065421304,0.0002161245202597706,0.004332492190650103,0.00250216686561728,0.0022932403081320097,0.0031380326361098716,0.005228737247959702,0.0008348221120278626,0.0003174080826398712,0.0011246385380295184,0.003654793576752476,-0.00247282941384884,0.006473587670420799,9.741786979321828e-05,0.0042608356826512135,0.0070650398617721506,0.0025674230080466928,0.001315142282220843,0.0034702344161495575,0.005033029667468313,0.002602516021415184,0.001168912317068622,0.005109389990183806,0.0015794782790446188,-0.0008004523253163053,0.0037734099515993936,0.005563890666958418,0.005716480413911702,0.001362941683549241,0.0037641090459112664,0.002706357136382364,0.00342099044536416,0.005076398533047688,0.0008030522851776773,0.001929869797706323,0.0009301474489050387,0.0033015237817055087,0.004210680959749437,0.0035794716349177515,-0.000949803047616172,0.001538181819498698,-0.002763606970574219,-0.004675455660946246,0.0003013128407210679,0.0005325131096960364,0.0029532252359083175,-0.007987912730074908,0.0038667518783002154,0.005235691835709547,0.001544628613165821,0.001530779194669263,0.0026805680930923385,0.00618777100015568,0.00271236174598792,-0.003067695182279097,-0.0019062826451216879,0.003109813866249783,-0.0007740253109656892,-0.002444497080979696,0.0002928133821258691,-0.0027482387831212532,-0.0015527176902269684,-0.0013288314440354108,-0.0015030406761788295,-0.0006178726412598498,0.000733300613283678,-0.0036488873893695956,-0.0013087612063486475,-0.000719182823013855,-0.0027286689053706106,-0.005600053160433799,-0.0021274297230269084,-0.0015436104435005073,-0.0004009440435037168,-0.005066597462371809,-0.0005845817396508934,0.00044811392604654976,-0.002735454986269779,-0.0011957738858109958,-0.0013149597232107928,0.0008572051230238168,-0.0012345079714172053,-0.0006170101789528069,-0.0018818709598643422,-0.002287898424486522,0.00030114002101865105,-0.0007179318762169971,-0.0047554748658525875,-0.0038165223682372217,0.0046326799747199434,0.002266328801313035,0.0034923728812197683,0.003026609873366146,-0.004329847333601892,0.0025294825270678676,-0.004811304704480612,-0.002146721627100322,0.0017517847204316457,0.00024903921953559624,0.0016321835290262334,-0.0026770510218328,0.00041806366301748525,0.0002780335334516211,-0.003194635706144369,-0.0017809792251604016,-0.00031465334921207925,0.002405405921702298,-0.001458938733689837,0.001149218630853487,0.4301786913550375,0.42940754411510973,0.433196894860495,0.42802297051817595,1.0,0.4251799380929935,0.4304071548304332,0.4300519342061034,0.42733011038738894,0.43308753017192436,-0.005130828165210306,-0.0037523110215893895,-0.0056244757170894845,0.0035674572836881463,-0.005317286602547009,0.0038530931437991255,-0.003890404810827225,0.0031352555773261396,0.0019164827312361417,0.004417919129198244,-0.0008012592492875866,0.000652824761918384,0.002496166163602051,-0.006352586668525796,-0.004061835612096644,0.009584044553323763,0.002260211124040214,-0.0014746930575142267,0.001945661182098265,-0.0017864695725286462,-0.003515843034396394,0.003147112190028256,-0.003312065376308368,-0.0003316187123365951,-0.005376742707850467,-0.00016438979909551478,-0.0012291791257119228,-0.0017601530930727632,-0.002657170173667163,0.006352578907406765,0.003444187555869584,-0.001608461370316378,-0.0071217078211422745,-0.0044392013439493085,-8.022106107108778e-05,-0.006348140960661569,-0.004433091730295356,0.007263958859965521,0.005121064679165403
symptom_panic_attacks,0.003848169836143577,0.0026781852659098215,0.004410708570401374,0.0006850218926252448,-0.0008251998619127911,-0.003438562920719045,0.0006306834855511359,0.0026275665542914947,0.0007316668287030749,-0.00013932079551771687,0.0024052893186112586,0.002707735017056017,-0.0004491079946220844,0.002973757287191019,4.864083079693761e-05,-0.006344935792341576,-0.002050532155739555,-0.000698669541230831,-0.0008208685188078408,-0.004576270478655295,-0.0019763466043734882,-0.006872318781153521,0.0028810395756503357,-0.003966510141062138,-0.0015387873667595995,-0.005800170056512421,-0.002002632627741467,-0.0036784051855281922,-0.001602897269697291,-0.006455356642569072,-0.0010893126776657257,0.005731135962321285,0.002698012218020781,0.0010327281833598433,0.0012569316675720267,0.005495107936617908,0.0030474891696042686,0.003925130470411011,0.007413947048599596,0.0036244565397420716,0.004272955480527876,0.004070316309927148,0.007051934239570548,0.006105540730651421,0.0008381502029480021,0.005081497596646474,0.001862044653324503,0.0076301247648852015,0.0021120624092433363,0.004205546684427596,0.0038052300523771575,0.002319306265973641,0.0018299514337132433,0.002741256674796758,0.004813364356099262,0.0005406116243463551,0.00250042271267656,-0.0011793187664651964,0.001780744077839346,0.0018573196491305187,0.005013222036383869,0.0034645755339449006,-0.0010858611482280475,0.0072187552803481,0.0070016797827025445,0.004727783094742679,0.0028821837669699,0.006031658798632306,0.002616947180992817,0.003384027886980427,0.0024081145419843786,0.000887017109618887,-0.0019599772488652447,-0.004809364403183552,-0.002842325442765068,0.003007494902885758,-0.0008559390162546003,-0.0018172963767957506,-0.0012829440943469617,-0.0047904384250101895,0.0010664909969934056,-0.0004074013577613656,-0.005390722460324746,-0.0006597942487463602,-0.003193405270853546,-0.0036321543182825616,-0.002442515488829041,0.0033535001777717922,-0.0014826077689126832,-0.003501491221176711,-0.006006872374373383,-0.00785093893748427,-0.00314170572571646,-0.002370903057064442,-0.005650690885968221,-0.007625595451052083,-0.0009052408364720214,-0.004300161271361753,-0.003633421170149361,-0.0019135174474282609,-0.007427543683235892,0.004018562305374683,-0.0008067330316482603,-0.004343160975748541,-0.0027456609093461748,0.0010699344956713434,0.0013864963667260173,0.0012875613361953548,0.0038590515494507237,-0.0048030263508253715,-0.0009077504188324293,-0.0042840752035913,-0.005682492180996259,0.006465929361274348,0.003963126478658596,-0.0014681690748041115,-0.005407721320025634,-0.0027845758964475313,-0.0022492907886053435,-0.00030113486785736236,-0.004059522172246658,-0.0051499916498700124,-0.006629509103829062,-0.0008194825942825039,-0.0005552293055840735,0.42652627237024054,0.43006275062588917,0.42107951795553594,0.426983340190484,0.4251799380929935,1.0,0.4280899556265993,0.4231241401595846,0.42705304685022566,0.42811639886564984,0.0021054438433412625,-0.003506184247308484,-0.0032608965483548764,-0.0037527415402642513,-0.003482369989031037,-0.0001812654026565405,-0.0012481056770214253,-0.003249660294158657,-0.001432409454984466,0.001109748076020252,-0.005751366752079672,-0.00031860811919419006,0.009474391818227307,-0.0033754757373711613,-0.004658495577825856,0.0003397143756853736,0.0024882231203357617,-0.0026143819022632184,-0.0022146539745399483,0.001479062622499204,0.0010538986201934137,-0.0013876697994472903,-0.001607736911160722,-0.001563543502229011,-0.0033473042761259088,-0.0006277089475782163,-0.0065765622039303155,-0.005663332809063305,-0.0010213310031258293,0.006566893336018561,-0.004101963611964374,0.000479823749354285,0.0008441853425907615,0.0018336293320333058,-0.0010482603158564528,-0.0004278399851252701,-0.0020013809348632737,0.0007951826327326153,-0.004547861097900029
symptom_obsessions,0.004922809476808174,0.0016272516995162864,0.0024540470361421535,0.003611290215716157,0.005060982837624305,-0.0005108992340440945,0.0020969955383762675,0.00651645603114522,0.00020660424543531754,0.0031677480374236833,0.002205809622414046,0.002603917774644834,0.0032786175532654857,0.0025866378412910864,0.003427335986024087,0.0002499523072220519,0.00015677777132939587,-0.0016845026322166033,0.002985274897934352,-0.0013447222198274275,-0.004053069386068215,-0.002644268106671151,0.00030285611369641665,-0.002384609117581372,-0.0029108169997488225,0.0014876576190815173,-0.000657218927387311,-0.004132340860395279,0.0009130947441765148,-0.004845777687374004,0.000569775105959155,0.006473563229304464,0.00668051604454433,0.006469637608036036,0.005997164663969192,0.007472467738917065,0.0051241685241650535,0.006088857063732487,0.007945494932564367,0.006729914379693989,0.0013242033839371758,0.0044602387070525,0.004015349657680966,0.006005047153892989,0.0037262040687645183,0.0043729439537560835,0.001637828760905926,0.002991395218636189,0.008706346309703603,0.005952975275612646,0.00429565835588266,0.006572097834405445,0.0040685200510059555,0.0015187924847275007,0.0037852855748328348,0.002308964047026062,0.0007515925219968811,-0.0005054903147674273,-0.0008826263798764249,0.0024203772841383856,0.003107520559222606,0.005219655882311251,-0.00121406051627622,0.0033100654289402245,0.00559384021794464,0.006027753129821051,-1.770856409416355e-05,0.004029593614454917,-0.00037315694406750286,0.0032231915202140054,-0.00392675058242198,0.002155105711917174,0.0022027541393701217,-0.0008659092135678869,0.002425984499918278,-0.0002459463994215287,0.005026270102126222,0.0016949148585304276,0.0016182200960991983,-0.00396365301121228,-0.005158596321841289,0.0031625926046827345,-0.003444713694213257,-0.0015487477544410544,3.7495721127442304e-06,-0.002154758754666776,-0.003025383145462014,0.003922597611980506,-0.0005994103348258396,-0.0024248581147549636,-0.0021492374689105484,-0.0012539390602794441,-0.001740860089963168,-0.0009374527147363546,-3.0152350127509663e-05,-0.0015853635473786825,0.0022560924869889157,0.003984100377125529,-0.0010467433304527213,0.0007908236716804948,-0.0012053207558135233,-0.0014538617037311772,-0.0012177053197277353,-0.0002777315726465284,-0.0006209813072601901,0.0014990204180227906,0.0038357632038363352,0.0034421934694136382,0.0015370547091287656,-0.0033875265472708706,-0.0019416078990075391,-0.0057618610095673825,-0.0010247350341472375,0.0020626264941803647,-0.0026801958705924833,-0.00039032267565400146,-0.0013289298773168543,0.0010189639132724296,-0.0037040770010282236,-0.003626726004935671,-0.0010858252175201541,-0.0031911494637416773,-0.0014274955721323796,-0.0023599048255319153,0.0009060790727576267,0.43399119849906337,0.43148333590382393,0.4341886187977015,0.4328537036996015,0.4304071548304332,0.4280899556265993,1.0,0.43171049319761373,0.4290740747891422,0.4326699081385726,-0.000722776003443576,-0.0025233767036993027,-0.006339017500705711,0.002887018780574976,0.002971295189091321,0.00243839052098479,-0.002100635786006207,-0.0005211904718951598,-0.0016037588467895712,0.0037151112903891226,0.0004644492379315992,-0.002683461703011633,0.0045119953916048575,-0.0034703598500666617,-0.0017134471639746688,0.010376129797463843,-0.0043039385812500865,-0.00010734425306404752,-0.0037125653541463595,-0.004176449945782643,-0.0008818614131533404,-0.0038487200058722835,-0.004806706698982113,0.0032873724679557906,-0.006554261896104663,0.0026046802182571015,-0.0039733930166463175,-0.004202003548872181,0.003715111290389145,0.010587585040758065,-0.00367871746740085,-0.0016053412950818562,0.0006190089686095828,0.0031342746854958587,-0.0025233767036993383,-0.0005608418365378288,-0.0044292327124496505,-7.512503098750297e-05,-0.002917284354423785
symptom_compulsions,0.0029802488316553227,-0.0022624715936318067,0.006802105274709042,0.0029290828517830603,0.004677898425326197,0.0008747802802101148,0.0010323798246471235,0.0036879679634934342,0.0012111576936752401,0.0027032821624103625,0.0013832307198480686,0.003915685346029784,0.002602156469091624,0.003373993556213813,0.0005943683213891205,-0.0005946236769346994,0.0006907622149827577,1.4802233674138409e-05,0.0010424674081935758,0.0009046450341313253,-0.00360820611876084,-0.0016413561835026277,0.0019355059220851887,-0.0063782416198792085,-0.0032483704153500018,-0.002817980146658904,0.0012039627590467138,-1.490773053298459e-05,0.0016052637685364311,-0.005654255253108007,0.004463573633171014,-0.00044562073746186814,0.002530671754548828,-0.0014459353454285425,0.0041451240061768915,-0.0013035184587273047,0.0024826867024833783,-0.004719167381328535,0.0018901387563398694,-0.0016551159639531135,-0.0018110892856459133,-0.0019274208600522313,-0.001841884509699424,-0.0027659474981854737,0.0009986539178414794,-0.0033310087033544336,-0.00045752873319079704,0.0013000593183698597,0.0012237255119331653,0.0024388243106591803,-0.0012391448135975801,-0.0033630190898029707,-0.003686485460133976,-0.004292681464576695,0.0034209241252651044,-0.003968033103838997,-0.002165204066350948,-0.003853288841421353,-0.0022714091582317305,-0.0016591363753753025,3.549176222339215e-05,-0.002808268046998231,-0.00543886684560513,0.0038442241034340723,0.004769859252911491,0.0006697353160390536,-0.0011718638003735684,0.0014373098261562702,-0.0022736735316701206,0.0007804504652510286,-0.0035485627416532548,0.0008538265257368861,0.002762470928604476,0.0008034113899281542,0.0019498072549242458,-0.0005216768634229475,0.004917314298960292,0.0007606672401467129,0.002622037118724337,-0.0017055458016920662,-0.0007517600986903521,-0.0017022065536930237,-0.0015579806450997057,-0.001290180810362796,0.0021199988275661464,0.0012207647204743567,-0.0010639369177986293,0.0019711111778245994,-0.0015955978487962985,-0.001585084552351972,0.0004695352193132479,0.0011253282063306692,0.004560421173896841,-0.00014628199216907704,0.003071666892029453,0.0026329969635003666,0.008783886538230555,0.004066769841726843,0.005890849614339872,0.005647827952645785,0.0018155648265755938,-0.0007651397819216726,-0.0009854787986880986,-0.004956652872293205,-0.0030090974231758274,-0.00018760348602352142,0.0008391338502021542,0.0010302301373255442,-0.0006598747933643115,-0.005061184168296125,0.0033484056661116333,-0.008517695820559331,0.0006514231429281182,0.0022136831124708154,0.0015189004955416543,-0.0027800556932176578,-0.002588751708803097,-0.0002429172937606367,-0.0030930012213842696,-0.002836819093563739,-0.0016039265634962357,-0.0035308317515685334,2.2824771923605406e-05,-0.00090685046319013,0.0034009084567375456,0.42956934028732674,0.43095065724356135,0.4315183230055312,0.4325647233722425,0.4300519342061034,0.4231241401595846,0.43171049319761373,1.0,0.42828338897516927,0.430822929083947,-0.004164246183640344,-0.0011706505923048992,0.000238949956338083,0.0016366745125416615,0.003904308757838238,0.0018452700008794087,-0.0025659977573483962,-0.00041264065935751534,-0.0032814844221407038,0.0031270524274588972,-0.002002881969439592,-0.004847447497845623,0.0006107932873239356,-0.004864918210042873,-0.005530003563022136,0.004187273743073978,0.0038418290938682254,-0.002721032804908278,-0.0017008513882024422,0.00014908462451652106,-0.0034281935030220857,-0.003787774758773331,-0.003207746583599691,0.0005074208930216404,-0.002284920465495176,0.002033541825373056,-0.00022309338261617247,-0.004112081222779633,-0.00041791295723190035,0.006464391005095142,-0.002912928782484459,0.004249463222582861,-0.0020847022238040754,0.0024881059123357985,-0.004850443522759121,0.000666660639039523,-0.0006134782789190889,0.006188935268603527,-0.001042652601502676
symptom_social_withdrawal,0.0033041525334217806,0.0020606159754319345,0.003272942917584701,0.0028846442783032355,0.0031538438311926047,0.0023862788769126483,0.0034293498134786156,-0.0004383784520141729,-0.0018174145079261786,0.003323664047593481,0.0017872141126396269,0.005353885927417992,0.003079841229863067,0.0015387363911672676,0.0009151016825159709,-0.00035273771864675966,-8.147820584499187e-05,0.001821932999903244,0.00043786979143431106,-0.000962987311555709,-0.0017278905876816893,-0.0033460291944166767,0.003125122019659215,-0.004734988570744237,-0.0008196867365518597,0.004305888861708467,-0.00026947342249722313,-0.0024177639218339033,0.00013094752517566412,-0.0015062037093862338,0.0031490330283071117,0.0016582855032495,-0.0006356853839993237,-0.0003821295629180405,-0.00048049993001200004,0.004319709035686902,0.003633111215351179,-0.0024600691601816063,0.0023232039784027866,0.002289380692204556,-0.0015503311887615841,0.003694885449257526,-0.0011020087047000082,0.002693250981329552,0.005028888254336081,0.0013367546082814516,-0.0001948988567753732,0.0014058476657162432,0.0031742877428878606,0.0003907991828571264,0.004392515389320466,-0.0024651784231512638,0.001935571077787587,0.0036569468514940496,0.00335877837388706,0.0010753862516001825,-0.0011793643159930724,-0.0011827669805314048,0.0009362586685502614,0.0007051292097160563,0.003630506493365043,0.0011643906662737724,0.00044682424004350603,0.0021623657014565745,0.004018438567929064,0.0021957828764058297,-0.0004121996173063418,0.0031974498608632385,0.0007808566160068661,0.0011622112752747839,0.0006484840151830765,0.005406707664839286,0.00538348934849872,0.0017864249257014706,0.0017454116025850182,0.006418939596783473,0.00031563072543361976,-0.0024330292154510985,0.0005559641619352364,-0.001393666470689533,0.0011193290071210692,0.003218509604222608,-0.002660231967357011,0.0013251035600397646,0.001469403361354229,0.0013180869301608765,0.0005848699277685491,-0.0026113882275594744,0.0034704000144747133,0.0008782400231516362,-0.0020604646643792596,-0.003655701436707047,0.0015396023499970946,0.0014836410735266546,0.0003808942661177169,-0.0021473324964751297,0.0038978571462331604,0.0011534228020940501,0.0024809924748570907,0.0020210498128833236,0.00017791251954862416,0.0032085267575631743,0.0035362899808316175,0.007025998535412567,0.0025973170928533552,0.004990261239686466,0.0047275919618746335,0.005665103816280687,0.005487684304941707,-0.0015379425327323158,0.0009989423165189348,-0.0019282765147675225,0.0007452937256143682,0.006467013531585053,0.001797380501224453,0.0019378266508684808,0.0004352242135760746,-0.003985770280381411,0.00021111756645516945,-0.002260779054224208,-0.003283530872228829,-0.0030501585599494066,2.974503335670794e-05,-0.003908281477149405,0.0005027564855631467,0.42526350765591825,0.43263713898452294,0.4303826672321253,0.4302351016147951,0.42733011038738894,0.42705304685022566,0.4290740747891422,0.42828338897516927,1.0,0.4274358327672964,0.0012051666170822476,0.0026155286253958755,-0.005441770491265801,0.001042943548724917,-0.003497544349428335,0.0012241928488149027,-0.0030617674464231653,0.0004070761820032872,-0.0014473110603389035,0.002510416170271921,0.0018470386043220731,-0.00479891319697828,-0.0033312259098627044,-0.004829196841980865,0.0016008649528088184,0.005063637807162424,0.0032012503683516557,-0.0040012006147545935,-0.0003408858545324679,0.00145586866305671,0.00015800840856223085,-0.0013988125813330656,-0.00012134451051769195,0.002771502731958778,-0.0033691311588054385,0.0007401352364257501,0.004440606194804084,-0.004041788573125737,0.0010901852600808332,0.0048501752892857655,-0.0034711704097296118,-0.0062821134417436275,-0.004822479819747051,-0.0019834230329594292,0.00200125891518666,0.0007217844292734665,0.0017034203468583775,0.002001258915186625,-0.0009742579092809877
symptom_suicidal_ideation,0.00494179056506148,-0.004277981329893656,0.001733599758869319,-0.002721941109178423,-0.0006811211874523187,-0.000934590740299284,-0.0016575312029424246,-0.003222278548003285,-0.0005151008880490085,-0.0028742654707685075,-0.0040410811018846,0.0034359202401712283,-0.0021613928713739156,-0.0010963779539192508,-0.00534835054061866,-0.007941775422061384,0.0018889351603692249,-0.0008088019606634308,0.0003599403313304058,0.0049095661481986345,-0.001617511422069896,-0.0009937012790852166,-0.0008466851274425945,0.001370463051970667,0.0012442923546516977,0.0011929348221029438,-0.001808995849295706,-0.0017047691429498749,0.0031127190111705843,0.0011019183403391207,0.001990303048952356,0.0018439891502181056,0.0008803153238377583,-0.00029442868300663953,0.0023369655685947705,0.0028686676021012244,0.00211003724615946,-0.0015603756472784094,0.0028668423715479422,0.0010872854785876928,0.0025381184981438567,0.00447676817576848,0.002673477285653533,-0.0028151122897032746,-0.0022421192745042946,0.002550658126345077,0.000616247095085826,0.002768357583457337,0.0026762959380460106,-0.002638057276336605,-0.003117285070475532,0.0017945721555508074,-0.00237329695820312,0.005349768856137414,0.004714839321523871,-0.0011843754453084348,-0.0009103557395412306,-0.002388412517182396,5.1019093277598096e-05,-0.0029953314824527327,-8.157926268623922e-06,0.0018796874134752515,-0.0016546954952566307,0.0011158979328249761,0.0053075319370099305,0.0039833302317995875,0.0006102491542635265,0.002599475694167528,-0.0007355064907092882,0.0030885728470729534,0.0006527871131008757,-0.0013865468240602046,0.0005167792311884304,0.0004861458151524357,-0.0019252394178833029,0.001928508464565338,-0.0006698060770578368,-0.0011069684596297072,-0.000883351207139441,-0.0006877348187270033,-0.0028414944994264377,0.003774681759857734,-0.003055662741369461,-0.0007153698084256518,-0.002866494759007884,-0.00021337349684248642,-0.0001914818693675365,-0.00072042599987797,-0.0014685128524631022,-0.0027776722726059167,-0.001017315131551,-0.002035838793196028,0.0037106266590253238,0.0005098680943095069,-0.0020874668336351427,0.000746323337698459,0.006082475988367191,0.00018321643498889017,-0.0018283944268083384,0.0010458150469672546,-0.004924876766864325,-0.0022484519994310703,-0.0003034342395845405,-0.004883251127989579,-0.0007877450449898578,0.002600867141858678,-0.000735980302199066,0.0016409365970591926,-0.0006101264324019911,-0.0021111888994410364,-0.004274368340198033,-0.005298030881429306,0.000340682154579387,-0.00035322095206004306,0.00048341089688782327,0.00018465472412160336,-0.005432512621729261,-0.003092334729687612,-0.0007925389367263503,0.002686339935512504,-0.0020114338346653186,0.0005826760329250382,-0.001414828913467248,-0.002722875770149759,0.001576086086445244,0.43493036002047214,0.4350866763569902,0.4311487464980655,0.4365481631059006,0.43308753017192436,0.42811639886564984,0.4326699081385726,0.430822929083947,0.4274358327672964,1.0,-0.003364632461832727,-7.342617718428521e-05,-0.004182344383961693,0.0008327412250337728,0.00048699263906946244,0.001730200648081665,-0.005073724339377997,0.0016768457430912673,-0.0007216149342128348,0.00017876447367075094,0.00046528364238987885,-0.0037956733198278507,0.0031729790538890515,-0.002029411252275196,0.0006326149310588794,0.0040785740722510105,-0.0013831708764697355,-0.0007872799778743479,0.003840310295491723,0.0012141982510271146,-0.002634545232459733,0.001984514524600436,0.001188896579657283,-0.0010488570756766531,-0.005961465520876173,0.0005327740718038301,-0.00030890313793771493,-0.0009400340563406356,0.005839426911444071,0.005511970059340689,-0.004973239989511823,0.0022377500569427085,-0.006413167947216918,-0.0036771792986481895,-0.00619421514588691,0.0017541428657730132,-0.005911598045258227,-7.342617718424006e-05,-0.0002353806960035893
rare_symptom_digital_clubbing,0.00526882434127353,0.0101136576926743,0.009996943119355632,0.006784639719147345,0.005213179935043605,0.009042763047221835,0.007692600216986374,0.0076279167972793886,0.006966127120684295,0.010760249446352668,0.00820723843407467,0.009977535713460208,0.004343458726229173,0.014032510893900367,0.009965412580541034,0.0061023232811360534,0.001333528974452202,-0.001907251326907615,0.007769414996181478,0.0005098951807713233,0.003863042251581766,0.0020373373060799103,0.0028566258536646166,-0.0020344152706476054,0.002247151769154865,-0.0036403147204527764,-0.0020045470637698793,-0.001286143187368832,0.0021535667482036375,0.0038749438591938533,0.0005132545131228939,0.002790139793478757,0.0008196458530668736,0.008503579516806229,0.003523874963813856,0.0033455698810796065,1.859933790604811e-05,0.0026245903137285575,-6.97786185369708e-05,-0.0033975915930703872,0.0009177630371746168,-0.0008843057033768202,0.003505621000204694,0.0007736060781902248,0.002588748726251949,0.0026856412771898894,0.0009235466935104335,0.0009108244256531098,-0.002637963989498403,0.00506415882217596,0.0009501688753448159,0.00011070695218064197,4.982508764873855e-06,0.0025218246082720254,0.0014769907253052638,0.0025728227556557465,0.007454704839038205,0.006373691437977355,0.005006359957111275,0.0035415498851040293,0.00751979640935838,0.005804014417409381,0.0009921212051146437,0.0017206621142747613,0.003983196776795967,0.004236360424500181,0.007394664416239291,0.0073359774514402286,0.008801514410307413,0.004922695790834444,0.003950846221209582,0.003936065182475889,-0.0008383061647323902,0.0038410198818864187,-9.624533535313287e-05,0.0025060804894453783,0.0016112570593887563,0.0031946762465157206,-0.001619474379389899,0.0014406959066659006,0.0015452979015151958,0.004709258741291945,0.0006947981825610795,0.003040957651571279,-0.0024494984233413637,-0.0041307962015768845,0.0038521863787291132,0.009275280618808484,0.0069101677260961095,-0.002277711495873945,0.005052929674292217,0.00175756824081514,0.0026760546006948747,0.004919820063785549,0.005104126499862485,0.0034655101908387604,0.0014619458200527003,0.0032562973963229606,0.0008946418566476092,0.0040803087298986445,-0.0009931910594604225,0.007401549194899803,0.00658278337051493,0.006823816554271668,-0.002955584611569371,0.002069375033543031,0.009368293971234306,0.006906377442850384,0.005606847342502893,0.0037730747862873707,0.0028300625576323517,-0.0001108972775138031,0.0018216884077084218,0.0036702186269103143,0.0008119468088854406,0.002324746925891369,-0.0007105233546125079,0.0033360376424538315,0.002252364369382063,0.0014615063178727123,0.001386364197751054,0.0064527119205398135,-0.0024033651677009588,-0.001573426533057901,0.003397539969485527,-0.0015957911661309465,-0.0005923646944715133,-0.004274486258450739,-0.00669487661387619,-0.005130828165210306,0.0021054438433412625,-0.000722776003443576,-0.004164246183640344,0.0012051666170822476,-0.003364632461832727,1.0,-0.0019331268047326315,-0.001645623939626235,-0.001725630754028007,-0.0014262689613513185,-0.0016659828446160775,-0.0019890844497710723,-0.0016146082502945477,-0.0013411042175847751,-0.0016710341311878829,-0.0009345933183859498,-0.0010609604674128048,0.012476917449896145,-0.0008196309714815452,-0.0015122341315760791,0.0068628918731182,-0.0016198184476171958,-0.0017353744642298655,-0.00188001276643744,-0.0019763101702476213,-0.0013473649293424784,-0.0010123027040236372,-0.0015776589070321556,-0.0016353502204332394,-0.0020017781653445346,-0.001710912073773694,-0.0012899309543895113,-0.0014496883247865004,0.005845138530047458,-0.0013964459485070705,-0.0018253705797533493,0.008973045121482375,-0.001681091548449474,-0.0015615578867645046,0.004568572558898671,-0.001020572928786573,0.006286315360538876,-0.0019331268047326293,-0.0013221451745917877
rare_symptom_butterfly_rash,-0.003065679616393016,0.0003747929390523032,-0.004682047491160711,-0.0020443549961626116,-0.0015022384340871806,0.003825637527690504,-0.00516464620400296,-0.0036068171730730607,-0.00181263253398834,-0.0014351190324932727,-0.00657989721501492,-0.0025231194267217186,-0.0005265494636406073,0.004729114957392357,0.00018915633475696426,-0.0024581724393654223,0.0031481466093882114,0.0032597732232824634,3.318322276057525e-05,0.0014286660764964573,0.004938765298241924,-0.0010495015416475584,0.0012370041971614077,0.002487020725347881,0.0021190297798413522,0.0037151011808419085,0.0013831005929061085,0.004662333032717846,-0.0037664735412864135,-0.0008032294505503858,-0.0002926911332704464,-3.889123604488916e-05,0.00546263601704743,0.0020183635436383527,0.000393699772609217,0.0019159381657856945,0.002001552426737202,0.0026817190032982475,-0.0010670021149692963,0.0025461074505601393,-0.0020469403774064465,0.0007417964523986146,-0.0008103206406581875,-0.0004827061920029091,-0.0032581142504116895,0.0004085351296037467,0.002674926159556576,0.00560171255490859,0.0024093224549591734,-0.0009897037132011867,0.001534908881211593,0.005086221542005266,0.002569802316013958,-0.002045704421646538,0.0009972919342179022,0.0030926425786202074,-0.0002652744591578797,0.001630949753781654,-0.004228686470863977,-0.0034614057570972537,0.0015095421828708404,0.005329160987237131,-0.002484109699282943,0.0019068149140250307,-0.000570052632443342,-0.001921953242410547,0.0007841689477004775,-0.0004163852165564195,-0.002851749920679777,0.0035417122499392735,-0.0022966848095483127,-1.5306964537547463e-05,-0.0011776985027438334,-0.0028776220455730295,-0.0006955671424193496,0.0007360206152508027,-0.002151443264607696,0.004430885118075249,0.003207750973349536,-0.004571002853056799,0.0010410493798804822,-0.001129651296630356,0.0014970770386621333,-0.00016259580434142297,-0.002871733474877445,0.0013337635764843077,0.00588483937840727,0.0030397904086201795,-0.0018840510859095,0.0001187223052700198,0.0025241191184470456,-0.0020580738187811567,-0.0001945212390116576,-0.00117622989635829,0.002593512899929345,0.0038499547462073104,-0.00011524018342751194,0.003552839321054223,0.0014546898568623446,0.0017636798133294114,-0.0005928173900922892,-0.007750327540439796,-0.0016252945178741468,-0.004012440491490417,-0.004241656902109094,-0.002603246031795404,-0.005037725776574385,-0.0019105990161673186,-0.0009841416794440997,-0.010868059290394869,-0.00219433566893692,-0.003614308707163702,0.0017307541006208725,-0.0036711331966047564,-0.002994882735970744,0.0003978836369549145,0.0010148228428671472,0.0011109158110211798,-0.0031510821003178525,0.004746358111589742,-0.0009076307839207413,-0.00011527622601784758,0.0063628137775251226,-0.0029417350252417215,0.0046577833462592595,-0.0012875808109477735,0.0031850224745256454,0.0004923839440342174,-0.003435061009574843,-0.0037523110215893895,-0.003506184247308484,-0.0025233767036993027,-0.0011706505923048992,0.0026155286253958755,-7.342617718428521e-05,-0.0019331268047326315,1.0,-0.00237207497112366,-0.0024874003242568317,-0.002055887024881507,-0.0024014211952536496,-0.0028671541080187092,-0.002327367587739034,-0.0019331268047326324,0.002813159362511595,-0.0013471640545203835,0.006685022070139332,-0.002543119166982224,-0.0011814522541831504,-0.0021798010150516395,-0.0021636865741694535,0.0030514139827702083,0.002527631891592235,0.011221984056233902,-0.002848740697760054,-0.0019421512709574405,0.007149346221281659,-0.0022741071737150983,0.0029780701190484614,0.001477567809895321,0.0026344781906536318,-0.0018593634047885863,-0.0020896447288785403,-0.0024087023426412084,-0.0020128988180209495,0.0021510991611188492,0.005315716111287206,-0.0024231995477351953,-0.002250898452532369,-0.002786494288941905,0.007067772840324389,-0.0022970831359628956,-0.002786494288941893,-0.0019057984034635573
rare_symptom_malar_rash,0.0044424886937555735,-0.0005391278233525371,0.0025401535797771615,0.005658205179841351,0.005015624697418937,-0.002759334831936322,3.5090000676598566e-05,0.0025255073461950793,-0.0011818691220843458,0.0012356226700133272,0.0035717063376706063,0.004439764617413568,0.0010774002930140677,-0.0011946014290033357,-0.0019758629662713994,0.0025774599239821866,-0.0035075298314978243,-0.005449879142652888,-0.005718808957194823,-0.0055285281275619744,-0.003458527719788785,-0.000277252368587515,-0.0036541182371671653,-0.0008760461007173036,-0.0007065867604370734,-0.006890267477117578,-0.00893840131989691,-0.00434182926771852,-0.004867011312390779,-0.005473617188293424,-0.0041739345680485975,-0.0025555282935007086,0.0005864501611897102,0.0027298232445325775,-0.0033762470686595643,0.0005710077710803668,0.0013335410920627443,0.004177313648763209,0.0019124545862975446,0.0033679795795447938,0.006930219366901992,0.0033327833666938473,0.004909679143622874,0.0005303330822339409,0.0027501903132843117,-0.002671859740907261,-0.0006702182835062301,6.101917140004112e-06,0.0025601445814315707,0.002671706885102866,-0.0013305089277538085,0.002833255254856003,-0.0014462592996064786,0.0003654474045604962,8.420477295937887e-05,-0.0028802766377506736,0.007058220471752144,0.0014625560942041133,0.001749480227176202,0.0006098442579509219,-0.0014704627777163326,0.0037176869835637066,-0.00018631035983938542,0.003019111121995916,0.00018258748628865545,0.0037822458749175777,0.0030218876119151306,-0.002326047860929402,-0.0005080118819977217,0.002973331219893203,0.00541423488250558,0.00023588510331028805,-0.0011066665143859538,-0.0037242909190624493,-0.002444738412276007,0.002340889430601322,-0.00036026200599194113,-0.0016385103584812537,-0.0030254267068840516,-0.004411132084399113,-0.0036502857338869777,0.0021462418877021628,0.00012694061373169996,-0.001814484665207508,-0.0017942674921634693,-0.003212924901640816,-0.005637248110500863,0.0026107996160940872,-0.001242947654431257,-0.0035105518985841682,-0.0007926733469046971,-0.0027611544462324855,8.703885206768902e-05,0.0011265729268418302,-0.0007363215994964429,-0.006897578121518691,-0.00034586865790780163,-0.004355211895151607,-1.3402655432574036e-05,-0.0002451194049317478,-0.005073471857047971,0.00043828474555172235,0.0013614087924181636,-0.0007333779558467566,0.0014019176497895075,0.0016875044558569143,0.004391188545747368,0.0017088629785758822,-0.0017792980882165496,0.00690102576196856,0.0014489976018098134,0.0037072979178977596,0.008415406894942674,0.005210220401330485,0.0005445519009132068,-0.0008640745238260373,0.0015063916642966912,0.004025245071646323,0.006344545495825312,0.003361636570387289,0.0016403843680775332,0.001729044182129806,0.0010947191056834608,0.00330854011154878,0.0024740749754559896,-0.00417431121399392,-0.004033362750328647,-0.004218465748592391,-0.004644924303871347,-0.0056244757170894845,-0.0032608965483548764,-0.006339017500705711,0.000238949956338083,-0.005441770491265801,-0.004182344383961693,-0.001645623939626235,-0.00237207497112366,1.0,-0.0021174635367995362,-0.0017501267361402578,-0.0020442715906480997,0.0027131002578317538,0.00436156753146825,-0.0016456239396262522,-0.002050469854734845,-0.0011468080693389027,-0.0013018689534180254,-0.0021648956355385524,-0.0010057416348732877,-0.0018556117090759887,-0.0018418938765858987,-0.0019876248096867785,0.003773755271562069,-0.0023069005187562153,-0.0024250638284796047,-0.0016533062487357648,-0.0012421626463077994,-0.001935892253513567,0.0042559810086832475,0.007786385703919646,-0.002099402738638849,-0.0015828309471960392,-0.0017788638503887018,0.00407899724226719,-0.0017135319187914135,-0.002239850926829021,-0.0015090849894082244,-0.0020628109736422857,-0.0019161352323533729,0.0029300853330845706,-0.0012523107613294081,0.004470648241672273,-0.002372074971123678,-0.0016223599347766752
rare_symptom_raynaud_phenomenon,0.0017450361631387223,-0.001773837336060953,0.0005425834589922998,-0.005643402676946661,0.004118519753246614,-0.0008680785191647617,-0.000620102093083794,-0.0019155547814255817,0.0074024326219151,0.0029609517275445713,0.0002913320054180123,0.0005207938925439694,0.006449017037345941,-0.003623648637790271,-0.0025460257779793094,0.004247789244031248,-0.0004453203473020777,0.00029485086106747544,-0.0006559528568640556,-0.0030164492219293213,0.0015425611115947788,0.003900925206320157,-0.00124923126577332,-0.002449348996196518,-0.00034023523249431014,0.00019167149331467018,-0.004342306100822645,2.038666803707054e-05,-0.002387406854018498,-0.002311552360724699,-0.00430083425056133,-0.0006160813319103265,0.004974159988212747,0.0004389410503859375,-9.478107258269619e-05,0.008906177662043326,0.0043780751309616265,0.008421036921291095,0.005572348531047013,0.00433757070519504,0.004448301881437107,0.0029837684103721875,0.0005434953076085973,0.00030689339087539393,0.009030819349116346,0.0032210927387286586,0.004456114512962228,0.002460267238570648,0.009470822128266092,-0.0009368658937894554,0.002511887550738223,0.005164779609326073,0.00567696150725289,-0.007037525139546732,0.0008563174799064007,-0.0076112713539107394,-0.0031778602793617067,-0.0015917468451097868,-0.005087291287874122,0.0007808791721278722,-0.0037383633627953595,-0.002579401223968115,-0.006302629054566917,-0.0026157925232434534,-0.006581815442472188,-0.0018862235066681948,-0.001982843166232996,-0.001418336086818613,-0.0015862970906758511,-0.003919907179331285,-0.0028481536103731183,0.0026531983266492106,-0.0035341096241296847,-0.007258214166449802,-0.00787392601642856,-0.002688041354261897,-0.0058817416538144915,-0.0028076450247845825,-0.0059762730371303195,-0.004245678747182593,-0.0047333820193831,-0.00349252196104899,-0.00970513357904587,-0.005437333904614442,-0.003580848459424304,-0.006776993503940032,-0.006021578678865377,-0.004276534250365741,-0.0018387941685991606,0.0015491708740322625,-0.0035833748912113147,-0.002817562232136373,-0.006697560420862698,-0.0050441272037918365,-0.00023182032653072397,-0.0047826518940913216,-0.0038250282483377643,-0.004358795996454956,-0.003495067407042466,-0.003068132829129284,-0.007673958525718446,-0.0021257541842058508,-0.0027281123445552415,-0.00098284073066302,-0.0011994421471053422,0.0013320122881151416,-0.00726778608910189,-0.0023944672132246193,0.00022730076013981887,0.0018108769181186762,-0.0011527310866899022,-0.007189326572940759,-0.0041909926334092054,-0.002774736183100968,-0.004251171773509909,-0.000973399747922815,-0.0018100649746280544,-0.0001804794154937592,0.003576921107775428,-0.0023673981013298574,-0.0047812768674198244,-3.990965433950139e-05,-0.0006353005529027181,-8.800909442686982e-05,-0.001660017509339336,-0.001214210661738018,-0.0010576799717772543,-0.0019480412823908698,0.00044271894811191107,0.0035674572836881463,-0.0037527415402642513,0.002887018780574976,0.0016366745125416615,0.001042943548724917,0.0008327412250337728,-0.001725630754028007,-0.0024874003242568317,-0.0021174635367995362,1.0,-0.0018352142592288013,-0.002143659824983693,-0.0025594023595462943,-0.0020775549102615668,-0.0017256307540280363,-0.002150159435783078,-0.0012025634932536166,-0.0013651631151176981,0.0032686115356675123,-0.0010546387020463318,-0.0019458276922267536,0.004574452946915377,-0.002084258995310713,0.0033976635573377935,-0.002419057225524502,-0.0025429653896843043,-0.0017336865610336025,-0.0013025540114957523,0.010352158759195994,-0.0021042440975007947,0.002309149531326099,-0.00220147133476237,0.0059076142345766205,0.004870309039799047,-0.00215015943578307,-0.0017968402779475335,-0.0023487478218457898,-0.0015824535639390287,0.00364852271314499,-0.002009293743366802,-0.0024874003242568474,-0.0013131955067699692,-0.0020505211009812633,-0.0024874003242568578,0.005682245538851754
rare_symptom_erythema_nodosum,0.006749020937750906,0.0039253012530438185,0.002334601382783299,0.0015262618981269661,4.82745516892615e-05,0.002171948115154838,0.00460290190411873,0.0037988235549483535,0.0017048966657420533,0.0015754068404395976,0.0013849372910206556,-0.001375946778526771,0.0058590186611768265,0.0009537976013353039,0.0023045494120278354,0.003105930875263833,0.001985936780230222,0.004407471031892012,0.0010282418974190024,-0.0019035072893312638,0.0004735283342160906,0.002631508667682409,0.004178088066054616,0.003478479681192768,-0.0010435785056691468,-0.00035632722417065115,-0.0027138360541146597,0.0018337880076949717,0.005870837984092594,0.0012650072160611781,0.00043665446505593725,0.002750441750928665,0.004844290220096668,0.002519390282868719,-0.0005655358387079396,0.0024424040978860916,0.008880554931000753,0.003372761802649936,0.002408399973766114,0.003270186325575082,0.00017105340640387792,0.0040353194620910944,0.004205661883760864,0.009563505444398412,0.0009427757556203473,0.0034383648260478505,0.0017723682368841072,0.004948355450349821,0.003961546461163901,0.004061254073000277,0.004993271696508565,0.003407472215088176,-0.0006944381719861638,-0.0016328743516333566,-0.00414563679707855,-0.0008197810277020783,-4.1117763266688866e-05,-0.004855767247805026,-0.0015811621520924457,0.003159148091121346,-0.0007433456621118232,-0.0023558986198598934,-0.002303670415581611,-0.0008619108897208801,-0.0025463044774119837,0.0015103368874598627,-0.002383644563425806,-0.0039594889849163895,-0.0010536219056108379,0.0006235721362961537,-0.0025771940722129384,-0.004844479226521602,0.0002917991839037971,-0.008632850501963881,-0.004196192144575024,0.001978119751130704,0.0003831458274792138,0.004097480877810563,-0.0004419684693073289,0.002423760070538031,-0.0011670599579018854,-0.0033763492008553,0.0009878859246185824,-0.0012463632503343903,-0.000488738330358997,-0.0006098237965193637,-0.002702330657832852,0.0009174744159823096,0.0031281578606944674,-0.006236759979182766,-0.002318616412102327,-0.001432248839742672,-0.0037582614708424884,-0.0016476369006616577,-0.0014745246430814215,0.004162646062856874,-0.004899573118085873,0.0007603309126223401,-0.003041874191645956,-0.0032313504364801637,-0.0024440513733408912,0.0032604969529317967,0.0006937035008120688,0.0027249075053493756,0.001628980903548744,-0.004463340919251163,0.0024167340850155114,-0.004447520215848522,0.0015751018192783435,-0.0019500082858261386,-0.0037386884586366694,-0.001101949582870302,-0.00018304941725633218,-0.0011456360115544432,-0.0029345934482315765,-0.0024173415172022736,-0.0034022056578200404,-0.0005300590859016863,-0.0034189076262936334,-0.0032304611287679963,-0.008924996820917004,-0.006990351140233765,-0.004980245301042296,0.000483880394160397,-0.00047125930300938074,0.0013232741677807415,-0.001864775694112419,0.0021087160863404834,0.0032312022360860824,-0.005317286602547009,-0.003482369989031037,0.002971295189091321,0.003904308757838238,-0.003497544349428335,0.00048699263906946244,-0.0014262689613513185,-0.002055887024881507,-0.0017501267361402578,-0.0018352142592288013,1.0,-0.0017717785018221742,-0.002115398173397954,-0.0017171414435517948,-0.0014262689613513061,-0.001777150562514966,-0.0009939432178513508,-0.001128335116727086,-0.001876323852115913,-0.0008716803653721025,-0.001608266215169583,-0.0015963769139589726,-0.0017226825063762486,0.004962069792639574,-0.001999400061945195,0.009861568542014075,-0.0014329272499010934,-0.001076587417524595,-0.0016778456895407143,-0.001739200600340769,-0.002128897983695479,-0.0018195608920083314,-0.0013718460194282146,-0.001541748533905959,-0.0017771505625149707,-0.0014851250830806883,-0.0019412879079261452,0.008287400607358204,0.005238651047023604,-0.0016607221989478533,-0.0020558870248815185,-0.0010853828300869635,-0.0016947974496274647,0.004058658660169243,-0.001406105953731734
rare_symptom_oral_ulcers,-0.0063773811118994035,0.000725459456947746,-0.0025644816925619054,-0.002641589614385716,-0.005804278960991054,-0.004004989025811018,-0.005674402037788957,-0.007638895232659632,-0.0005431617311606457,-0.0006897769838577695,-0.00027469828682789036,-5.467534616206005e-05,-0.005265036715740779,-0.006891630033545513,-0.0007001368570393768,-0.006959769500764999,-4.549156139902004e-05,0.0013829528439121578,-0.00025001527879798803,-0.0013743125742772947,-0.00199603031066167,0.004465564228204641,-0.0015331855437462555,0.0038813654926073476,-0.0032841066918959747,-0.0007194156285753732,-0.005412756323026893,-0.002213359207138944,-0.002723180439599086,-0.007992594385200818,-0.0013702637204738163,-0.0010246475087811063,-0.002027807445274577,0.002136096390241341,0.0015777991025892426,0.006819031037382069,0.002121518800971346,-0.0018994677482193278,-0.000717011897588078,-0.0006446008354270625,-0.0005454612863490376,3.6519932634124675e-06,0.001556079216200751,0.002686380212246107,0.0028393500231349974,-0.001145526618010489,0.004244183736847457,0.00012921404777198526,-0.000757322812920349,-0.0033781810559485306,0.002911687510560348,-0.0004950729351416184,5.7200942766671575e-05,0.0004064492686438314,-0.0024785960359207265,-0.00018565584288493376,0.0017931565659860434,-0.00046710070572635623,-0.0027969654047820883,0.0013088431963444256,0.001866537169103892,-0.005423336473140133,0.0005177676746113144,0.0004172943352443261,-0.00042970063504516254,-0.002097971562191149,-0.0021908815746832086,-0.0035578321081522766,-0.001112405606343559,-0.0035411839759128495,-0.0024188925561013743,-0.002946669409793633,-0.00046639917693409313,0.0001153890866176884,-0.001156174766686109,0.001674458440936733,0.0028147514291836616,-0.001623274975191746,0.003981678197553097,0.002600772057146057,0.0033664678314894673,0.010997981647475683,-0.001151013806199337,-0.0005340619315985161,0.0013884091802199073,0.004407340710466471,0.0007624508452646571,0.0006687180723291022,2.7650854532497925e-05,0.002249784280883721,0.008201497295883509,0.006275250445662805,0.0077349463466861055,0.008711762597317759,0.007584383340807768,0.00492437403207468,0.00248893712079885,0.005342620759879515,0.00420652230946336,0.0039561272623421136,0.008708564373275279,0.0007348443110031484,0.0031926669322573696,-0.006610324030726845,-0.002164760184166312,-0.004225721764875774,-0.0007441935928304241,-0.0018774082182758567,-0.0014519874359586959,-0.0013654977746946665,-0.002120666098028102,0.0008852307732291599,-0.0014056936098451331,-0.0030181377964382705,-0.0014673983323808453,-0.0012930565971296043,-0.0021545627360155836,0.0019328806378059807,-0.002975137611515696,-0.004358623634196004,-0.0004241113050186494,-0.007580052141633507,-0.0025853591829138583,0.0004190722408382363,-0.006027955282575357,0.0038687593460160806,0.002610212816222648,0.0016894349141015586,-0.002256663887054211,0.0038530931437991255,-0.0001812654026565405,0.00243839052098479,0.0018452700008794087,0.0012241928488149027,0.001730200648081665,-0.0016659828446160775,-0.0024014211952536496,-0.0020442715906480997,-0.002143659824983693,-0.0017717785018221742,1.0,-0.002470934418340115,-0.002005742440069815,-0.0016659828446160747,0.010033895844330624,-0.001160995853050027,-0.0013179750793035725,-0.002191678731904459,-0.0010181842093252376,-0.0018785684864863277,-0.0018646809432612834,-0.002012214792660112,0.0036755647118029474,-0.002335440434438991,0.0026687614946728547,-0.0016737601957321946,-0.001257530113132512,-0.0019598422250172824,-0.002031509092624822,-0.002486703149884274,0.003788957620658596,-0.0016024130060692818,-0.0018008711384743371,0.003979029258267255,-0.0017347309501689698,0.003277587431720412,-0.0015277546970985333,-0.0020883311253690026,-0.0019398407790483445,-0.002401421195253649,-0.0012678037759810306,-0.001979643077630623,-0.0024014211952536183,0.006004253103656167
rare_symptom_hematuria,-0.004207756307043761,-0.005105785455976428,0.005890169868326875,0.0004908195002832433,-0.00216147420730543,-0.0006926734836644443,0.001186324402919408,0.0021600329693293964,-0.0067008295291150965,-0.002623074489076344,-0.0007606276314797774,-0.001559573097798879,-0.001218769891156989,0.0007200639924392105,-0.003165359252010246,-0.001492008589863571,0.002030114213096633,-9.675374093872357e-05,0.0001069745423356151,-0.002437402116017608,0.000974914516562706,0.002964351575606511,-0.0003934395151262438,0.0030597736536079464,0.00495560745731977,0.002021680905086092,-0.003040993521705857,0.0046088445907044905,0.0025774642895694017,0.0026709579895969485,0.0020419238809976773,0.0013188720546236494,-0.003079278148688546,0.0015793031614618174,0.0011540735502115777,0.0014745968265849493,-0.0024426360966068802,0.0028006293665860226,0.0025705533981016646,0.006091650396901601,0.004502968912879998,0.003190700547587794,-1.79282691761337e-05,0.0059935476318565065,-0.00011387894881766788,-0.001124399175342627,0.005657415013139882,-0.0012338785758784967,0.0013787327234832977,-0.0030631548018756243,-0.002896685447559192,0.0005552311069827281,-0.00017435207661978865,0.0007339459299626485,-0.00015207102192609607,0.002997186000426205,0.00028212821110642686,-0.0017145886121745664,0.00354639932683034,0.003226190228759351,0.0014643364584717596,-0.00139894441453866,-0.001872352927465445,0.0001997762302194169,0.004331919221579572,-0.0007781137536797286,-0.0003441731893066555,0.00012563362935920477,0.00047344282747473383,0.0028806596613683197,-0.0038961679720887384,-0.0017606301803944422,0.00029708974036875404,-0.00029697546087518935,0.003948964545419193,-0.0010226188261089502,-0.0006404794046160811,-0.0011636058789049016,-0.0018205056667193755,0.002300572208989464,0.0019240999109676603,0.0003473191977353402,0.001830028395177185,0.0023405749100612015,0.005023131759762658,0.00113104191565962,0.0013129266315425447,-0.00039192679132810066,0.00012951784408980822,-2.6659263853521256e-05,0.0026383807761102456,0.002772664488044807,0.0023025228504408735,0.003593058450021431,-0.001867247092126986,0.004508329381386123,0.0006251842448201113,0.003059480893042109,0.0016050961425042255,0.008162381347444007,0.00415975387182949,-0.001718793182731497,0.001031522990070687,-0.0019073731078936692,0.002373333700482292,-0.0011810228142692752,-0.002295724437190408,-0.003109389607793428,0.001652215116417675,0.0004678031232075982,-0.00468971653793657,-0.0009012677845698833,0.00300397920689645,-0.00031743613399798755,-0.000949844554989683,-0.003498992965586948,-0.0022266974501873454,0.0012278766552503337,-0.0009096917493367529,-0.0012996857453578653,0.0066738829462411765,0.000719959703302173,0.0009361547187890142,-0.004726495330839136,-0.002727693890543619,-0.0008986675827257815,-0.004893702434577754,-0.0003610673298226219,-0.003564124785532485,-0.003890404810827225,-0.0012481056770214253,-0.002100635786006207,-0.0025659977573483962,-0.0030617674464231653,-0.005073724339377997,-0.0019890844497710723,-0.0028671541080187092,0.0027131002578317538,-0.0025594023595462943,-0.002115398173397954,-0.002470934418340115,1.0,-0.0023947372031361265,-0.0019890844497710927,0.0025973602989247937,0.007676286435126355,-0.0015735838720672207,-0.002616734078993271,-0.001215651400202764,-0.0022428990648826735,0.0034219832257262064,0.0028331521698641304,-0.0025738539302680072,0.0017256861282491402,0.00565939258347682,-0.0019983701445280555,-0.0015014161767837016,-0.002339935075793049,0.0027605856637814364,0.0012719934828946237,-0.00253757206654505,-0.0019131858426896444,-0.002150133051583904,0.0025973602989248766,0.003998884367030652,-0.0027073333956073096,-0.0018240482612914984,0.00255220325944572,-0.002316054538680446,-0.0028671541080187036,-0.0015136823193074396,-0.002363576116367115,0.0015235431509007717,0.00444924018616142
rare_symptom_proteinuria,-0.0003470843599416016,0.003714258266898947,0.00489235533432553,-0.0004062822389570713,0.0028515073583643014,-0.0005068416039334744,0.00037927980494486526,0.0016145203404967351,0.001098008542020026,0.003563077977810891,0.005295073539352974,0.0016080598954460869,0.0027520086599893754,0.0017387725646156723,-0.003624456173882447,0.0010119298416133224,-0.0019837010430388217,0.0049951749414742395,-0.00011755063767948366,0.0014630084632440506,-0.0005568980290701012,0.0026838785537051145,0.0013022739524189758,0.0020741409493887477,-0.0005091696502617629,0.002138899234967203,4.897647297165846e-05,-8.564334260319486e-05,-0.0019927604609625295,-0.0012325797068451238,-0.001286290221459607,0.001792796548945938,5.982164669488042e-05,0.0008324542227399296,-0.003987559142718611,0.0042644812610567375,-0.002701841912442391,0.0037132673527610622,7.952987821589234e-06,-0.004143105825276726,0.0008809736879773315,0.002156052530498429,0.0037524969158385002,-0.0021032421586540456,0.002965268143293615,0.0023758723877198577,0.003707459998453439,-0.0012414833883554984,0.0006708259653038448,-0.0034445795846605467,-0.006132709111138146,0.0016363453736346584,9.809754727702943e-05,-0.000707815225477082,-0.0036621613807152767,0.002719663337075243,0.0027386882746108037,0.0017643443031782199,-0.0019960121143203107,-0.003174096237940864,0.0007867020620387736,-0.004704867296077472,-0.0012759504478074028,-0.006084517060473523,-0.0028991951315170718,-0.0026258482024370615,-0.0054087262966552125,-0.00613932180568569,-0.0042716905682736684,-0.0034319830373987286,0.00042191590863614454,-0.0040067382385735985,-0.0020978316619726417,0.0017763867367836359,-0.003458711719115489,-0.003189922374482874,-0.003308116671847207,-0.004611407505680457,-0.0047081175969483245,-0.0028463686554309198,-0.002727694503716589,-0.002712988959450442,-0.004107805813380749,-0.00020059658938340066,-0.00018034828649483902,-0.002276538551882877,-0.002788910097930037,-0.0035289619914976385,-0.002883001993973738,-0.007835355417323381,0.0014681288180831856,0.005099435417762472,0.0023644869595130635,0.005529640719925061,0.0036378605919767048,0.0008851361544852057,0.0012231018378230044,0.006965069358115741,0.002262214272609419,0.0020263395652649154,0.0013161451100058975,0.0011686223079871334,-0.005050485694392372,-0.0040320239766065335,0.002942524730523619,-0.004774796372776984,-0.002741718285936546,0.0016517775350291127,-0.0026837724105040445,-0.0002133055118351879,0.000600281203728921,-0.004251100749523888,-0.0018445608255909186,0.00205785634535015,-0.001903704230508319,0.003935195656655402,-0.006868496916384486,-0.0001828929755572506,-0.00028175832138985023,0.0024423240075287164,0.0015219924628693672,-0.0008815199338359037,0.00012141912487671819,-0.004242441463400826,-0.002602122814072146,0.00022098431242550856,0.006245954446092816,0.0001739482366069783,0.003432843564180392,0.0031352555773261396,-0.003249660294158657,-0.0005211904718951598,-0.00041264065935751534,0.0004070761820032872,0.0016768457430912673,-0.0016146082502945477,-0.002327367587739034,0.00436156753146825,-0.0020775549102615668,-0.0017171414435517948,-0.002005742440069815,-0.0023947372031361265,1.0,0.006163159752873031,-0.002011823883157182,-0.0011251937491135004,0.008549208016108817,0.003793885724618012,0.011728747957285048,-0.0018206383017846436,-0.001807179014409621,-0.001950163302157213,-0.002089285747189871,0.0032920092404763865,-0.002379357744299372,-0.0016221457680535567,0.009079341537919533,-0.0018994057688017727,-0.001968862615903043,0.0028093159598041057,0.004041919242711978,-0.0015529987408573497,-0.0017453369386693958,-0.002011823883157135,-0.0016812363424003626,0.0035232345306797047,-0.0014806427006935792,-0.002023932404384826,-0.0018800211156021886,-0.00232736758773906,-0.0012287079924435164,-0.0019185960144249546,0.003076237507281238,-0.0015917827108377677
rare_symptom_bloody_sputum_rare,0.003698445475275539,-0.0016852059426465348,-0.00021282724798965514,0.0005078774483582052,-0.0010633805646880227,0.004341221069893118,-0.0017385175362313694,-0.00022435772095800356,-0.0016862319687036094,0.0021237230986205402,0.002725951434675933,-0.001799925687848729,0.0035598433700626416,-0.000123590354740488,0.0005449629268213187,0.0021737096261346153,0.007130314704861204,0.0014097905406451232,0.0003391242768518659,-0.000318285387297765,-0.0002807701025831152,0.0012110587913615777,0.0012042713426923851,0.0021017183002649572,-0.00024099094145467,-0.001156234059529905,-0.0011768441321646926,0.00036584037399855823,-0.00033041151856147893,-0.0010986602600580322,-0.0003149773146743285,0.00023748363240241462,-0.0025659833118489546,-0.0016647730958484334,-0.001570235640280639,0.0024993720784132517,1.8599337906042346e-05,-0.002464656863006879,-0.002606832650161769,-0.0042442658733283746,-0.0024743755948539786,0.0008081279698260692,-0.006679121143867546,0.0016192528066851573,0.002588748726251901,-0.004107899669668757,-0.004165238476240099,0.0034545822769778264,-0.0026379639894984147,0.0008311690438426127,-0.004141275625748423,-0.0007380215598253913,-0.0025358425353299947,-0.002338778320632485,0.004704709312110872,0.00014046568774888873,-0.0022772893110329625,-0.003317689429094227,0.002573957100673856,-0.004587364678163129,-0.0014101332997930795,0.0017508486801850983,0.0026148241351195917,-0.0007100040940458167,0.0055992645268069866,-0.000631656447498844,-0.003138617829371198,-0.0007592659856120576,-0.001698258347546173,0.0008740898307997819,0.0007203859321856506,-0.007094775662661984,-5.097008704029468e-05,0.0014805547601171461,0.0030508875131203712,0.0017164303909922983,-0.0007538949011576733,0.0008292904042830849,0.0015301792622527816,-0.004063738255559825,0.002332891935070354,-0.00238048274796208,-0.0024525399835506737,-0.00010571353145812444,0.003058612940804698,0.004509497008895163,-8.256415913577364e-05,-0.0040874203028425276,-0.003307373613401565,-0.0030667726961686416,-0.0034113338079695375,-0.002481932070022912,-0.004116247633418061,-0.0035241708045570014,0.000868079022851222,7.314069563276017e-05,0.0006188414661756306,-0.0035020632718968086,-0.003343610014848989,-0.006897859048034594,-0.006059359581971796,0.0016783702837497583,-0.003941880823263555,-0.005682758757590826,-0.0010403716325685483,-0.0037111374316613098,-0.00018231657926407735,-0.004659897076492544,-0.0049131454128814814,-0.0029343098831781647,-0.007714096342449977,-0.0029815545715408693,-0.002965032360485904,-0.005887869193634702,-0.0020561636591463857,-0.003646564386446859,0.006245866115580986,0.006322955935975272,0.00026581191747472653,-0.0005362465650380859,0.002383155015335716,0.0014587174543507298,-0.0003974034777844235,-0.0005757108639752258,0.0014030343171170172,0.00016649662338211681,-0.0032430919122635334,-0.0016333288099648726,-0.0040383883751808495,0.0019164827312361417,-0.001432409454984466,-0.0016037588467895712,-0.0032814844221407038,-0.0014473110603389035,-0.0007216149342128348,-0.0013411042175847751,-0.0019331268047326324,-0.0016456239396262522,-0.0017256307540280363,-0.0014262689613513061,-0.0016659828446160747,-0.0019890844497710927,0.006163159752873031,1.0,-0.0016710341311879096,-0.0009345933183859556,-0.0010609604674128032,-0.0017642856290186724,-0.0008196309714815569,0.006790089208162528,-0.0015010547590805774,0.013885877145125798,-0.001735374464229884,-0.0018800127664374538,-0.0019763101702476352,-0.001347364929342497,-0.0010123027040236147,0.006381568511546744,-0.0016353502204332377,-0.0020017781653445554,-0.0017109120737736942,0.008438678864178062,-0.0014496883247865243,0.005845138530047606,-0.001396445948507066,-0.0018253705797533655,0.008973045121482299,-0.001681091548449481,0.006479433585319983,-0.0019331268047326417,-0.001020572928786589,0.00628631536053897,0.004568572558898739,-0.001322145174591778
rare_symptom_neuropathic_pain_rare,0.001679136977145468,-0.002595745300805693,-0.0027175255092015686,-0.002794724489179366,-0.00027673289086177857,0.002138988617370707,-0.0013993143523848453,-0.001470140906480149,0.0005616985587212068,0.0004126139956638589,-0.00043561532491905394,-0.0008459664960382935,-0.006040050683916945,0.0018117629192581038,-0.003380952681166031,-0.00015781925535880044,-0.002186045874947102,0.0018997821196075028,-0.005036959593725668,-0.0008503859541386269,0.0011929098459306003,-0.0029937537253546804,-0.0003474710107851711,-0.0029198827482337427,-8.861367862014477e-05,-0.004187827316993118,-0.0002237986065039134,0.0016276386930082903,0.0017946282948502943,0.0012069899899846822,-0.004172278024790132,-0.0032104651606730235,-0.0008020851006654705,-0.0007322867161645273,-0.002657545483967851,-0.0014970466399863494,0.0006145580360902605,-0.002033217697515648,0.0018618291805793043,-0.002822585019571091,-0.0020455392850788224,-0.0035345938433037367,-0.0006329058358166258,0.0018589232101194556,-0.004797382396588531,-0.0012812727276400057,0.0006860220631778926,-0.002734760241760383,0.003856038778670903,-0.004867825755382274,3.74156745759128e-05,0.002775389955055198,-0.002123465182355578,-0.00234864453263752,0.0012649451080558823,0.00031499656122903536,-0.002271400808705018,-0.0006179004347045564,-0.00033484195851443086,-0.00015121447547387945,0.003014200830362152,-0.006209217897190867,-0.0009379656789046318,-0.0016874476784897552,0.0007174858154794535,-0.00028767456999092194,-0.0016848067230315507,0.0034532402328228476,0.0006848187322785599,0.003471646315719227,0.001976654608493982,6.658327565922781e-05,-0.006316107665869643,-0.0025728721236422405,-0.002576685188517958,0.0002419924605000748,-0.005584753051165737,0.0007551480270919172,0.0006477071658387043,-0.001988317833496838,-0.003761655157744444,-0.0005832039387251986,-0.005099396255418514,0.001834581899058248,-0.006359665921050414,-0.0045987091667745944,-0.0063524091438562184,-0.0020190246374642328,-0.0001329471783353402,-0.00361986614883257,-0.0008006906467511384,-1.2138075791394799e-05,0.001435256116932626,0.00040681410564940586,0.004019609222758705,0.0006831603452891893,0.003694819934387117,-0.0002418895175733903,0.0006502695235313256,0.00448194237115291,-0.002308629030876313,0.002914649028316324,0.0015303922858427611,0.0025667368107053323,-0.0007356613440648967,0.0018625486758847643,-0.005460385421611343,0.0003360559368970516,-0.005403989932216396,-0.006094391501998479,-0.004539357225944211,0.000766813737349293,-0.00536160576326712,-0.003892652189326013,0.0007246522322608757,-0.0005993948005116275,-0.0014596911613276164,0.001017930739676921,-0.0038737738997539823,-0.0036522442388551898,-0.001332716566905834,0.001960026547546021,-0.0010748631651492121,0.0011099625993805996,-0.0005124167757127623,0.002310696228230324,-0.0003666905355666343,0.002967309998934863,-0.000246315073881042,0.004417919129198244,0.001109748076020252,0.0037151112903891226,0.0031270524274588972,0.002510416170271921,0.00017876447367075094,-0.0016710341311878829,0.002813159362511595,-0.002050469854734845,-0.002150159435783078,-0.001777150562514966,0.010033895844330624,0.0025973602989247937,-0.002011823883157182,-0.0016710341311879096,1.0,0.020391441623649816,0.008174065768517121,-0.002198323936795907,-0.001021271360096823,-0.001884264336116868,0.011564729035371535,0.004208409915733908,-0.0021623002314783185,-0.002342521527106757,-0.002462509404559999,-0.0016788350633566843,-0.0012613429645040673,-0.001965784497920082,-0.0020376686606139323,0.002549547033618557,0.0037647092611117062,-0.0016072715478761285,0.0051484362487636956,0.003954508045477444,-0.0017399906820939346,-0.002274436617854656,-0.0015323868737211338,-0.002094662978668187,-0.0019457224072477817,-0.0024087023426412084,0.008599561338657009,0.004343133886122755,-0.0024087023426412136,-0.0016474109052517576
rare_symptom_foot_drop_rare,-0.004799096212221035,-0.0002151083014568954,0.0008410508851672425,-0.0014546203670075563,-0.0003309868921434122,-0.00038761945368334763,0.0031279183964799365,-0.0014191481181858355,-0.00021583894439098785,-0.0014241174414111846,-0.001542363511503471,-0.001422697741611169,-0.0015098513089928463,0.0020323501924981624,-0.0014297953865773309,-0.0025181468321954638,-0.001623233307441557,-0.003951899188989156,0.0018185109807522272,0.0007548996527108444,0.001970151616566677,-0.0028877885080713225,-0.004076776043166105,-0.006406524705211083,-0.0027577457320332624,0.0019351711973546314,-0.004014776837244891,-0.001715443414036621,-0.005190363199712666,0.0007896282948774044,-0.003993378530575506,-0.005558922800463733,0.0027831247080483427,-0.0032496604943372965,-0.00562279852840915,-0.0008665229130305817,-0.0032568330617213127,0.004079768105914404,-0.0008873089054902661,-0.004489575773863399,-0.0032245346935825636,-0.002079203582497557,-0.004415708105877583,-0.004526748050062244,-0.003239614251712559,-0.0043991006441186755,-0.004437138160869864,0.0004188323572645002,-0.0021215076218238154,0.001577655793006543,-0.0007707470924062675,-0.00319865544671754,-0.006908907681640772,0.008021702785938375,0.0055171634769023885,0.008062541022892056,0.008075264458340826,0.003240329502639037,0.0069007839405036625,0.007021760305850216,0.009287625572025593,0.005728608183933442,0.0069327310451276596,0.00686712089818465,0.0009457312338580329,0.004604976761996428,0.005707012015276457,0.0033439463899015923,0.0032435846000406325,0.0033545842261784894,0.006714620954013748,-0.0012695761869960607,0.000956327068582674,0.002054607411658524,0.0054369784360383715,0.005619669675247395,0.0032782428919610838,0.002152350380462435,0.006606473250272217,-0.00022898649175410134,0.003230117372325979,0.0021099661753389187,0.005440270683921767,0.006557632144912991,-0.0013273818695359756,0.0008477713358876408,0.0009338234568099088,0.0053892996460538755,0.0031302713050228425,0.006713829247486111,0.0027839773754824264,-0.000797833203261869,-0.0007521496453801658,-0.0009395517095405541,-0.004470273201667634,-0.0007900985602496124,-0.0034103830304014152,-0.002134846433433828,-0.006885416375776087,-0.0045693401665938445,0.0014804947929948453,0.005618215736730236,0.005715811812668327,0.0003718062669848036,0.005743047853428508,0.0017907198292795203,-0.0011893995055702103,0.0031853703641367536,0.002958875967989901,0.0002665779085141852,0.0030256154675407177,0.0043469301283933295,0.002988717486195841,0.0070538039220853065,0.0029489437925681707,0.009809318294042515,0.015459945706618149,0.009823688655302552,0.005469903526658009,0.005636858296497647,0.002716110376153829,0.005634556235357866,0.01151129780695186,0.005602371540814487,0.004158570934312844,-0.0007932443991957981,0.0018252027310713128,0.0017052186070581638,0.001896940146339222,-0.0008012592492875866,-0.005751366752079672,0.0004644492379315992,-0.002002881969439592,0.0018470386043220731,0.00046528364238987885,-0.0009345933183859498,-0.0013471640545203835,-0.0011468080693389027,-0.0012025634932536166,-0.0009939432178513508,-0.001160995853050027,0.007676286435126355,-0.0011251937491135004,-0.0009345933183859556,0.020391441623649816,1.0,-0.0007393657785234505,-0.001229501435447515,-0.0005711872496146461,-0.0010538509212590981,-0.0010460602017154407,-0.0011288246493383694,-0.0012093537235217172,-0.0013101497608866198,-0.0013772578267616151,-0.0009389563047224083,-0.0007054569890685572,-0.001099444363734658,-0.0011396484845826538,-0.0013950060507535755,-0.0011923062887494627,-0.0008989315187769489,-0.0010102637843668971,-0.0011645160110044623,-0.0009731600541173599,-0.0012720705259492344,-0.000857049240726159,-0.0011715248585269942,-0.0010882238293690007,-0.0013471640545203792,-0.000711220371737607,-0.0011105523680040614,-0.0013471640545203887,0.01269011612682546
rare_symptom_optic_neuritis_rare,0.0028887910168342345,-0.00397090533823579,-0.0020601236835722622,-0.00012627222207871498,0.005819489577102184,0.0037674655591809106,-0.0010320012806438786,-0.00306097680466207,3.420715055554603e-06,-0.0030664542602670307,0.0037283192412696704,-0.007032838281125945,-0.00019087568504987402,0.0019823112980536907,0.0008945960986294904,-5.236079163982537e-05,0.0056017485659391915,0.004620684972846519,0.0033682173433033824,0.004559385844845319,0.0014512349591927819,0.0034069295365990243,0.0013136521708010424,0.004505051743266855,0.0014839533147243482,0.004550643838837882,0.006623663527590856,0.003390869362778296,0.0014104090241454778,0.0025076049977849884,0.0003767022837835807,0.00042900166516835674,0.0023574112930468834,-0.0008067464338221457,-0.0018036215752594963,0.0012778673850792294,0.00025478765823829945,0.0024469049563062644,0.0023213492898075485,-0.0008383860497552464,0.0013668997906705305,-0.0008594514883173518,0.0024726869797247284,0.0033878549569427967,0.0013473893774345969,-0.0028687755801007006,0.00030000768228798525,0.001361323401459594,0.00015836173964935523,-0.0029811057277697693,0.006753445433868486,-0.0007441992029745554,-0.0008260876787395014,-0.0005971695035733291,0.001263740670165418,-0.0005590169265227932,0.00047749370407906204,0.000283824222575389,-0.0015825455623767418,0.0036656014540375967,0.0005235597248472414,-0.006712491819268991,0.0015225457931040242,0.0004332543902643629,-0.0007129377929593206,-0.0005284493151104486,-0.0016123808415819335,-0.001652102574347547,0.00130769587511512,0.0024507008189972256,-0.0017568799838767718,9.024879736812965e-05,0.002042105298319425,-0.0019689014743916934,-0.001971306029879931,-0.0007959311117603069,0.0011164292094628537,0.002117705827999438,-0.002926833565739262,-1.1577283753447808e-05,-0.002915822128078935,-0.0009158740290243187,2.0095476049541553e-05,-0.0019785184016814627,0.002010890322214679,-0.0030453210031262663,-0.003949372128733363,-0.003010847209074896,-0.0010295532102899947,0.002157773252960188,0.0012889743841783294,0.0035028915961921206,0.0035606675514469745,0.0033238081208870553,-0.0008137817713442756,-0.0007732947950860768,0.004322263554199116,0.001209512159809027,0.00027738474378820343,0.004394604513451494,0.00012153673585984793,-0.0002039714386044069,-0.0013221777321830482,4.809078889802337e-05,0.001121762960467001,-0.004778775021921565,-0.0013734237790917383,-0.0011144208002434686,-0.00012648155829415823,0.001140730119201352,-0.0012697826528497236,-0.0013192717357872195,0.0023228628073058252,0.0010639576388061268,-0.0013444382161905209,0.0010283004078358387,-0.00026875076629964716,-0.006507088754243537,0.0009726203313487173,-0.005177348823142931,0.002332586014602509,-0.00265527061325516,0.0037832201627369002,0.0023601211159321083,-0.003953368677459057,-0.0026774170159863642,-0.004819150817280887,-0.0038181877310806407,-0.0025151946501362726,0.000652824761918384,-0.00031860811919419006,-0.002683461703011633,-0.004847447497845623,-0.00479891319697828,-0.0037956733198278507,-0.0010609604674128048,0.006685022070139332,-0.0013018689534180254,-0.0013651631151176981,-0.001128335116727086,-0.0013179750793035725,-0.0015735838720672207,0.008549208016108817,-0.0010609604674128032,0.008174065768517121,-0.0007393657785234505,1.0,-0.0013957433591435674,-0.000648417958281553,-0.001196342991124146,-0.0011874988818352053,-0.0012814539800663995,-0.0013728714581342904,-0.0014872962125297797,-0.001563478016462263,-0.0010659133768032333,-0.0008008424221932543,-0.0012481011613231067,-0.001293741315182183,0.014284810958604392,-0.0013535190253612308,-0.0010204768058697732,-0.0011468624007747602,-0.0013219712007771839,-0.001104741843935894,-0.0014440682521933282,-0.0009729315897603254,-0.0013299277204711082,-0.001235363489063924,-0.001529315239952821,-0.0008073850766827797,-0.0012607110881969943,-0.0015293152399528185,-0.0010459617858399992
rare_symptom_spastic_paraparesis_rare,0.0016828650447218573,-0.0071392467167543765,0.0023001911950892512,-0.003756254553275509,-0.0031619317489929117,-0.0002845655921627992,-0.0006272355990811817,-0.003092638599922633,-0.004148043124932008,-0.004894171174207778,-0.0027282843243444654,-0.004891562300428626,-0.0044554957191953026,-0.004161224599010146,-0.002515315582161351,0.0005464645005280447,0.0028731844219374142,-0.004596590197809533,0.0020195106842495606,0.004769706106965202,-0.004636176053084877,0.001452187476133265,0.001443275549867717,0.0034237450387201744,-0.00016959037488274817,0.0003454642217608197,0.003466549778909632,0.005826330031380497,0.00034253226320185294,-0.001468917622548589,0.0022536259807184942,-0.002948907053844975,-0.002635352216838479,-0.0025636776277943884,0.004020005768599354,-0.009733541744732191,-0.001933425761205502,-0.0005643143995572243,-0.0007593198158301551,-0.005192182111374713,-0.0031586705173200125,-0.0013619233071904913,-0.0011700690437766194,-0.003979460744328159,-0.006413275135632286,-0.0037193478864477503,-0.0025062279896636568,-0.002522036427431688,0.00305628965936069,-4.437831054433132e-05,-0.0018274835141608911,-0.005690556303576386,-0.0038840818455748993,-0.00494899286370008,-0.005843590411779204,4.6416023016497356e-05,-0.0030189493999133272,-0.003939594138708399,-0.00612140876534271,-0.004705373346269357,-0.0023284700280238155,-0.004285459641428556,0.0013340299386631416,-0.0012394054647371683,-0.0045165936713250435,-0.0036060859054243125,-0.0006200886805174577,-0.004383719196061996,-0.0033196465809283847,-0.0019018231011348457,-0.0014815887857857776,-0.0010131592827486897,-0.00047576579287662314,0.00066645226738663,0.00126091161809546,-0.003233672649474828,-0.001563621640775578,0.0008442711246844501,0.0001316418646392218,-0.002376808922886576,0.00015109957905926093,0.0019659415678762353,-0.0017269095846420882,-0.0023431251324477344,0.005461793940520304,-7.765869901947198e-05,0.0012792041759051164,-0.00420337957714251,0.0005729441736398192,-0.00029190301305418505,-0.0026339202144176075,-0.0005880125691490909,-0.0011465603808822765,-0.004714271823268383,3.356597521025036e-06,-0.0012185030706811388,0.0022470084027226985,0.0036710582196047585,0.001972599386200306,0.004929464689342849,0.002350034557279742,-5.754124514064713e-05,-0.0006340012936050933,0.004756056229774459,0.0015935190287907205,0.001900248134209884,0.000731338629706109,-0.006144021703473571,0.002982780775689482,-0.002749572057054498,0.0009147310770945027,-0.0035413244722052196,-0.0035194061875478966,0.00367968281781213,0.0029649189074523576,-0.0002679060845586876,-0.0010901956395390918,0.0012664093611201843,0.001154898760419267,-0.0008617252130307277,-0.002471648698473635,0.002934672260566598,-0.0022060167474228414,-0.0016726065872160014,0.0013422589890437803,0.001171446584077759,-0.0033679473253045533,-0.0035698499200896663,-0.0018998132384271593,0.002496166163602051,0.009474391818227307,0.0045119953916048575,0.0006107932873239356,-0.0033312259098627044,0.0031729790538890515,0.012476917449896145,-0.002543119166982224,-0.0021648956355385524,0.0032686115356675123,-0.001876323852115913,-0.002191678731904459,-0.002616734078993271,0.003793885724618012,-0.0017642856290186724,-0.002198323936795907,-0.001229501435447515,-0.0013957433591435674,1.0,0.010562898122306595,-0.001989415073838273,-0.0019747080838992117,-0.0021309472979639753,0.003224832609664117,-0.0024732451532892205,-0.0025999289138995524,0.005315081654092552,-0.0013317317845305556,0.0039805638772275765,0.003691831108278424,0.002144905371646792,-0.0022507852444977336,-0.0016969647961843919,-0.0019071331254055612,-0.0021983239367958864,0.00500209035737701,-0.0024013607885688664,-0.001617901207967006,-0.002211554941893743,0.004063958481311012,0.007350958090799498,0.008009082352497077,-0.002096453660214461,0.007350958090799429,-0.0017393441169021146
rare_symptom_bronchiectasis_rare,-0.0015426815595658697,0.004955204526163593,0.0010338939660496727,0.002276403492522262,0.0022750459225479537,0.0009411184812903555,0.0062024438832102725,-0.004108296343561929,-0.00018928905246220159,0.003589203935083289,0.004752735966987196,0.0023069745518745017,0.0022235299704457335,-0.00019569559745996422,0.0035836002715680794,0.0010523702558086021,0.00034684939506247144,0.004459973805766421,0.0002451021773833638,0.0030575022320885733,0.0030827150856671394,0.007027270713705333,0.001619627228432506,0.0030160624620887448,-0.002314219825244858,0.0030508349598206553,0.003036768813265104,0.00296220447795305,0.004403003002357587,0.001734950180778788,0.0017056851538419335,-0.005731177893601541,-0.00032673037340495866,-0.007219001383331215,-0.004397294883324651,-0.0017176804736008303,-0.005839300944465413,-0.008582350968936723,-0.008648194004154064,-0.003085512778528146,-0.00304118610424866,-0.0031004694871356576,-0.005793763248831732,-0.0017366353674219933,-0.004440064562911933,-0.005780249208926459,-0.003038059989122302,-0.004431162944947592,-0.0031359375551978956,0.0010641918203509043,-0.004410968952565803,-0.003018664724432708,-0.007230665914489806,-0.0030508299746221457,-0.004497467970068583,-0.004349064153240036,-0.003015049717822637,-0.0018302100963938648,-0.004348482355790939,-0.0029402418133249886,-0.0016556555690105236,-0.0056801500292264,-0.0016746402963706112,-0.007019772570295914,0.0008293988355344037,-0.0016752727819660772,-0.004369416664853526,-0.004397295954344117,-0.0031481334608049047,-0.004389749036356343,-0.0018302100963938559,-0.003986932428700229,-0.0027258111679730372,-0.0027497919711008435,-0.002751589462546016,-0.0026187713026135017,-0.0013882736754705913,-0.0026735607449729715,-0.00143490388053288,-0.0040575163039729654,-0.004001413958164936,-0.003994463964366832,-0.0027491927742135185,-0.0027569810445436994,-0.004033819550226891,-0.00409676510523951,-0.00017069837619980687,-0.004071376364709592,-0.0015049611497010512,-0.0026458825755643024,-0.004477401566544449,-0.004431756528640697,-0.0030086452421679492,-0.0031601615968114014,-0.00722324377784284,-0.0016528012392490238,-0.003202933578115111,0.0009962337504868892,-0.00305368460226052,-0.0003964897558912885,-0.003161402906105982,-0.0016704546114751147,-4.088108207260403e-05,0.001656905515206483,-0.0031524184972356716,0.001691604965717364,0.0014791476863104422,0.00012686289303661074,0.003075992790315972,-7.215714112137321e-06,-0.0031328033217670197,-3.853554569495765e-05,0.0015375368881546509,-0.0016269202248033474,-5.8847602940184915e-05,-0.0024111106749439702,-0.0024385115731882126,-0.002403165732947046,-0.0073194615853356395,-0.0007092797659912994,-0.004011077505407668,0.007453604145996406,-0.0039054513898063707,-0.002364077303935255,-0.0023727760172750525,-0.002025401784429886,-0.003399571318874288,-0.0078046575251400335,0.003890769177125119,-0.006352586668525796,-0.0033754757373711613,-0.0034703598500666617,-0.004864918210042873,-0.004829196841980865,-0.002029411252275196,-0.0008196309714815452,-0.0011814522541831504,-0.0010057416348732877,-0.0010546387020463318,-0.0008716803653721025,-0.0010181842093252376,-0.001215651400202764,0.011728747957285048,-0.0008196309714815569,-0.001021271360096823,-0.0005711872496146461,-0.000648417958281553,0.010562898122306595,1.0,-0.000924218948922156,-0.0009173865493078049,-0.0009899703173219723,-0.001060593680454322,-0.0011489910105032348,-0.0012078442551662029,-0.0008234572760989319,-0.0006186802172813607,-0.0009642040384945567,-0.0009994627354913538,-0.0012234093076724146,-0.0010456432145684632,-0.0007883558543976988,-0.0008859933735277648,-0.001021271360096789,-0.0008534536946409706,-0.0011155958216964787,-0.000751625426765373,-0.00102741806411326,-0.0009543637183234827,-0.0011814522541831595,-0.0006237346584410849,-0.0009739456706584354,-0.0011814522541831551,-0.0008080439384807355
rare_symptom_steatorrhea_rare,0.0009152980778934373,0.00034977153192093847,0.00023536474293301004,-0.0005332062103717422,-0.0005355587992732393,0.004934158558407423,0.0016822398257047122,0.00022227850530964058,-0.001744881167540962,0.0016070388918223125,0.0007105766691105575,0.0009128970160360916,-0.0013200385139602597,-0.001058768075534479,-0.0011884646716234808,-0.0004283645386808475,-0.003474192216497473,-0.007073530185610147,-0.0021845211936853113,0.00020416255608464592,0.003923080253517844,-0.001402146433217384,0.0007893905263347563,0.00013396744980444155,-0.004858411969639138,-0.002010903850713863,-0.005705386990644126,0.001508277587129633,0.00019036139540898415,-0.001211361974161341,0.0031470203019534856,0.005580100249910274,0.004503280831508524,0.005324094189155035,0.0054447660561845095,0.0037373971176713717,0.00906797395216613,0.0023757867086947318,0.002950390843283339,0.003020333387423704,0.003116116617158135,0.0007358442113318393,0.003917766445063135,-0.0008034105466076796,0.0038397354221547855,0.003950687775107527,0.0023704476136747247,0.002355770386420468,0.002161691204027006,0.005268147499294677,0.0024011614308256162,0.0054236804238213315,0.003039194107674564,-0.007641162927898442,-0.0007096382274504674,-0.0032767514133749025,-0.001102012545798854,-0.005669516181384546,-0.004714207058587412,-0.00023242034588673475,-0.005359373987681593,0.00030742457681595816,-0.00035451104551176407,-0.001882155618694283,0.0015302560193856173,-0.0025150817026284526,-0.004036246878227552,-0.00337312546005524,-0.006381592488129084,0.00023370784335027567,-0.00781896469683177,0.0011719306987859439,-0.0037718855847273676,-0.0017228445322703264,-0.0031223282029498,-0.002169609741664206,-0.006478152463186968,-0.0057721576375427686,-0.007956485645551407,-0.0038585920429757715,-0.00025572775699059637,-0.0016392191557374578,-0.005211920386380193,-0.007319958133409454,-0.0038124477042258283,0.0009429217268389497,-0.004503840021959755,-0.00458292150804171,-0.004589597237170693,-0.0036216610460866544,-0.003755400145007623,-0.0021588956597715986,-0.0005796785266294583,-0.0016355057691748683,0.0023064582453172326,-0.0006417920843798774,0.00276695160118525,0.0013883890403500268,0.003841102489836309,-0.0016305503974911504,0.005103761032197497,0.0019953493705671395,0.0046779802763968585,-0.00018622601553873423,0.0004703931768535593,0.0032919831855691938,-0.0013379415164136439,0.004167494653635777,0.008050911346578624,-0.0046037107971465445,-0.0003375522237525508,-0.00041066264676010213,-0.00039061831792251613,-0.0004578349796660513,0.002096632007247143,0.0012021250064752213,-0.0006199187109274471,-0.0014306976792399335,-0.0006391114476512564,-0.003080958239437412,0.00038143222861262695,0.0048911034344228605,0.0015144431805966016,0.003073345129478716,-0.000485039904736715,-0.004049589165180346,0.004701936950128781,0.0013773134685266895,-0.0014627919903613027,-0.004061835612096644,-0.004658495577825856,-0.0017134471639746688,-0.005530003563022136,0.0016008649528088184,0.0006326149310588794,-0.0015122341315760791,-0.0021798010150516395,-0.0018556117090759887,-0.0019458276922267536,-0.001608266215169583,-0.0018785684864863277,-0.0022428990648826735,-0.0018206383017846436,0.006790089208162528,-0.001884264336116868,-0.0010538509212590981,-0.001196342991124146,-0.001989415073838273,-0.000924218948922156,1.0,-0.0016925949603934503,0.005051494000965017,-0.0019568147362925992,-0.0021199094268196145,0.0034142189309130074,-0.0015192937335695852,-0.001141476315142913,-0.0017789740841287482,-0.0018440270248894848,0.0033141302841678062,-0.0019292308533230466,-0.0014545309686053772,-0.00163467397696924,0.004783774569847383,-0.001574637674346162,0.004048407609430751,-0.0013867626579074695,-0.0018956051174365276,-0.001760818513455963,-0.002179801015051645,-0.001150801851516865,0.00519378750389542,-0.002179801015051585,-0.0014908558437890058
rare_symptom_massive_splenomegaly_rare,-0.0043340141657555245,-0.0021030131091228765,0.001998738971300734,0.0033274845270669868,-0.0022846109658214387,-0.005174695354601373,-0.001460083086286208,-0.00222531651411447,-0.0014011587663620342,-0.0022333038652999296,-0.003823039558375507,-0.002231021936984174,0.0004302989383505374,-0.0035213742903638986,-0.0015408079201515092,0.0020326237524583212,0.0005241946040814811,0.0013493553155178636,0.00033819533345825375,0.0012693849226331868,-0.004613093018824526,-0.0003492191952521654,-0.0003566072571986979,0.00119848013788745,0.0006170002930128346,-0.000962153278675422,-0.00024559708401220454,0.0003680775573814324,-0.0024446226094447282,-0.0023790581738822045,0.004974322993339505,-0.00015351869621752808,-0.0004470728343387902,0.002645234540595093,-0.0010341674874591125,-0.00197348343791048,-0.0019109862891786276,-0.005635065735141586,-0.0012506898068888256,-0.00042944502555006204,-0.00033987687513480585,-0.004997463131364438,-0.0010528985665724075,-0.0004973775838298256,-0.004911788646428447,-0.0025408439421674396,-0.0010915701054337924,-0.0003474570470840906,-0.0012866171962512083,0.00032215891334655584,-0.0010628833904947575,-0.003328535813328804,-0.005710447672934568,-0.0051890130334020556,0.0010667614209392033,-0.0029648050768188365,0.005024515806361017,-0.0003202442509776778,-6.505253489940114e-05,-0.004985112297165707,-0.0014359187976559,-0.004425395541469727,-0.005097293381071721,-0.0008352901847708205,-0.00028649451717215236,-0.004373286807268807,-0.005177840559581548,-0.003784421550026706,-0.005368404927463935,0.002019903337337424,-0.003929248609594997,-0.0005765113559967287,-0.0006291974797589195,-0.0013791825815370577,0.0007268942106634666,0.004519869062687694,0.002284145558385423,0.0037008288409997986,0.005711534801899006,0.0013892070239069142,-0.0013096980510139884,-0.0027038768744398205,2.8431228953994316e-05,0.001419253705793688,0.001438496937567201,0.004817702430305761,0.0028523792230847394,0.0006578666877964391,0.0006507334758977741,0.00023195978125937952,-0.003471766887895588,-0.001864330864568425,-0.0010329183060927912,-0.0013348623732715203,-0.003422908914009254,-0.00261001763548974,0.004608132232598569,0.00020116625407895136,-0.0026378826823314043,0.0009343132255715116,-0.0020919769874590856,0.0005639288613275953,-0.006146241511788412,-0.0033712447084544546,-0.002692195190954362,-0.0024557993390922498,-0.00023597060025585233,0.001869070772718456,0.003240026443182396,-0.0026680027582026214,-0.006936739090895506,-0.0018665154624968724,-0.0018473181834746612,-0.0019116970773164655,-0.002756573060180784,0.002344317361223662,0.009389700966781399,0.004141419271245513,-0.002174866944827702,0.0007097039996614026,-0.0002633419591552983,0.001599324618364307,0.008041751412725173,0.0015557127459883404,0.0006457635148404335,0.003299621628586628,0.0026581124454659144,0.006400588573748127,0.0003985165562666954,0.009584044553323763,0.0003397143756853736,0.010376129797463843,0.004187273743073978,0.005063637807162424,0.0040785740722510105,0.0068628918731182,-0.0021636865741694535,-0.0018418938765858987,0.004574452946915377,-0.0015963769139589726,-0.0018646809432612834,0.0034219832257262064,-0.001807179014409621,-0.0015010547590805774,0.011564729035371535,-0.0010460602017154407,-0.0011874988818352053,-0.0019747080838992117,-0.0009173865493078049,-0.0016925949603934503,1.0,-0.001813010620473024,-0.0019423487482654262,0.003869883141733961,0.0034725759107447824,-0.0015080621721182447,-0.001133037814347767,-0.0017658228044882495,0.011896621410071076,-0.0022405258311135995,-0.0019149687824646297,-0.0014437781736745359,-0.0016225894532069568,-0.0018703346856391273,-0.0015629969761636743,-0.002043078501951908,0.007742245760001819,-0.0018815916288703479,0.005438783908057424,0.0036471661817653175,-0.0011422944105737131,-0.0017836634228025653,-0.0021636865741694582,-0.0014798345128543369
rare_symptom_portal_hypertension_signs_rare,0.008594918334118502,0.010053518932822397,0.005361486320139541,0.005928790177526007,0.004626117047099492,0.004521469395737931,0.0021657664632163875,0.009249661890444833,0.0028840905524474595,0.0033857373518656015,0.004462565494331675,0.012494886128465638,0.0025766054537919667,0.004173958300209557,0.00467585992089892,0.004748576757246804,0.001988955027138181,0.000707598929550943,-0.0002679583734576804,-0.0007499259045696286,-0.0013914538677375682,-0.00021338076423332568,-0.002959138723290647,-0.0028799315209082493,0.0007170932272244774,-0.005563657374699813,-0.003529804585746864,-0.0036574598909247568,-0.0028223253652641736,-0.00137833264766731,-0.0021182398103106255,-0.002585507565166609,-0.001487150895720684,-0.0028242774065378863,0.0008051374464463563,0.001302268720694223,-3.000880830751285e-05,0.0028548178016373368,-0.0036396724396008666,-0.0014684452942575156,-0.0006708563414518442,-0.0043046770595717,-0.0020282267675416016,-0.0008399622669722725,-0.003508190528506862,-0.004106891944967176,-0.0013667012114501112,-0.002786355014717661,-0.005077248479156938,-0.0014737909126674518,-0.0034448309676179197,8.114456033573305e-05,-4.6441330312946074e-05,-0.00019052046924103664,0.000871792385730568,-0.0021467319679289274,0.0005585383626808589,-0.0004054981703240995,0.0018847567827798661,-0.001972156136103845,-4.38415630375796e-05,-0.004174133014480027,-0.0027718271497823473,0.001162382890130435,0.00030030133810175704,0.0005876442594540998,0.002507545028588146,-0.0009107922988348179,-0.00040030203550328483,0.001118439433043732,0.0022707562554118016,-0.0015476590246266452,-0.0009515674570217664,-0.004261045220286019,-0.0023092382161469084,-0.003997894296003487,0.00045673113429065573,-0.0001887672941194763,0.004926930635771108,0.0002545700094361437,0.0010310337040635785,0.002351739717171963,0.0016067910604879525,0.005500167173793396,-0.0016487116979650353,-0.0024350213191945583,0.002270427985874594,-0.0010784279371383928,-0.0010859514546225114,0.001830883049907321,0.0062275670336367555,0.004939148516021836,0.002916669196370237,0.003967884496131835,0.005587653660743929,0.0014410040624217128,0.006661552937298226,0.0039984435301074995,0.0014087154375183025,0.003973702859346924,0.0046644816249494635,0.0034156039156639025,-0.005153718386891801,-0.00413758973881271,-0.00035946395593980347,0.0007092252702012014,0.005059485262543392,-0.005658188055912759,0.0011668003034237331,0.0004620274994948544,-0.0003148540540458855,0.0011922046089257953,0.0028006682178565133,-0.003611163107035293,-0.0012251309435856409,0.001336146315238462,0.0004498313236866325,0.0005295967204902993,-0.0020399004397574764,0.0039770999032904784,0.0030559380659357723,-0.0026460293573568345,-0.0024835038372218133,-0.002688350373087443,0.001424377329535473,8.512086233763691e-05,0.00023543390428176788,-0.0043380499111928955,0.004021322358060256,0.002260211124040214,0.0024882231203357617,-0.0043039385812500865,0.0038418290938682254,0.0032012503683516557,-0.0013831708764697355,-0.0016198184476171958,0.0030514139827702083,-0.0019876248096867785,-0.002084258995310713,-0.0017226825063762486,-0.002012214792660112,0.0028331521698641304,-0.001950163302157213,0.013885877145125798,0.004208409915733908,-0.0011288246493383694,-0.0012814539800663995,-0.0021309472979639753,-0.0009899703173219723,0.005051494000965017,-0.001813010620473024,1.0,0.0039008153136228644,-0.0022707253626534645,-0.0023870357202707463,-0.0016273802882760908,-0.001222683944356912,0.004688236709135479,-0.001975215960578515,0.0027848161293911947,-0.0020664814136075764,-0.0015580101297686807,-0.0017509689858507076,-0.0020183158600237906,-0.0016866615426545382,-0.0022047271942423068,-0.0014854206030940848,-0.002030463454373349,-0.0018860877766521892,-0.0023348777960958997,-0.0012326729239315955,-0.001924787153245055,-0.0023348777960959075,0.006266805655039769
rare_symptom_hemolytic_anemia_rare,-0.0022185917340245094,-0.0008557402734862856,0.0038747906010900487,-0.004708364833346544,-0.00046286748654344025,-0.000568213591449527,0.004545397042941867,-0.0009998666891940554,-0.0014655092215153148,-0.0010092785468728339,-0.00244457667893822,0.0014227142183839147,0.002465124436988825,-0.0008705795850886863,0.0032305637635443207,0.002091399210740001,-0.008409429125434374,0.001938153430992264,-0.0002952613212353133,0.003126405527655398,-0.0006688604092994117,-0.001515053164670979,-0.00344060752756285,-0.0027162317207194485,-0.0012591423626982289,-0.006494296087666473,-0.005878779995278583,0.00037785613218129606,-0.002013720137257265,-0.0032193613872700698,-0.004556762212642832,0.0037272807500682327,0.004022049273394207,-0.0017989150596009551,0.004234566443144835,-0.0025404343598581717,-0.0005026132100397745,0.0028566032917912167,0.004617060903404729,-0.0018502773831397606,0.0008749233691758024,0.0007337269603596064,-0.0003843951091407692,0.0013433755953762027,0.0041218802874910115,0.0042486804468148814,0.001538402777735317,-0.0037250832052654185,-0.0013118378816349234,0.003382782079521683,0.0009166573013834435,0.004867550261128104,-0.0044507568694739374,-0.006663059579440907,-0.0069320523481331405,-0.004096887095187657,-0.0059602196477142565,-0.005624173585653775,-0.009112808093101296,-0.0026569781255109393,-0.0033798709458913454,-0.012888533630973002,-0.009695957342568971,-0.010413076512339216,-0.004337848345840659,0.00034394128229599865,-0.008530463285863356,-0.006711632765744731,-0.0037447765557184856,-0.008573984862625178,-0.006248865430527211,0.004768562889859529,0.0010496076519497537,-0.0014400546692366115,-0.0008354964591942519,0.0006854901892077256,-0.0018874071446586572,0.002999619802748677,0.0022760301467846713,-0.002706093106474605,-0.001968777323438637,-0.0013434568890820277,0.0016043757827372655,-0.0038900893371317047,-0.0002173981761592195,0.004495177035722448,0.002834300749876125,-0.0003057145421333396,0.00029408777121548894,-0.0018179193058041145,0.0020594694006578866,0.000864498331712448,0.001609204794239165,-0.0026740559748234076,0.0001556187986322096,0.006783402329299908,0.0011420826355473558,0.0012761394357277281,0.0021564649461631408,0.003210383223231752,-0.0013706328990805224,0.0006134174807712726,0.003724841209653841,-0.0011986002256406082,0.0030288079972772466,0.00035855567307267657,0.0028916538900535358,0.0011259785029084138,0.0007426468210872867,-0.006574613376838617,0.003821447241605569,0.006690810229582105,-0.0006878326648521923,-0.002243223311128785,-1.367140795432983e-05,-0.003488368456527863,-0.00124268748762882,-0.006551379490174675,-0.0020327494097567796,-0.005654633703655025,-0.002652032760880123,-0.004112510829086527,-0.003943740697428416,0.00047394491951183247,-0.007260784616670625,-0.0007782409434443375,-0.0013030518363951616,-0.003551841873489064,-0.0011800458994979017,-0.0014746930575142267,-0.0026143819022632184,-0.00010734425306404752,-0.002721032804908278,-0.0040012006147545935,-0.0007872799778743479,-0.0017353744642298655,0.002527631891592235,0.003773755271562069,0.0033976635573377935,0.004962069792639574,0.0036755647118029474,-0.0025738539302680072,-0.002089285747189871,-0.001735374464229884,-0.0021623002314783185,-0.0012093537235217172,-0.0013728714581342904,0.003224832609664117,-0.001060593680454322,-0.0019568147362925992,-0.0019423487482654262,0.0039008153136228644,1.0,-0.002432716342639914,0.0023624827508597433,-0.0017434757580516245,-0.0013099088345253191,0.004115004349855631,-0.002116125633937304,-0.0025902794619854235,-0.002213901861196595,0.013381040800323683,-0.0018758811335761979,-0.002162300231478278,-0.0018069860700913735,0.0029623424697092066,0.01419250146990771,0.0036038229741234646,-0.002020639146142057,-0.0025014453381504765,-0.0013206104166088764,0.004033029520135095,-0.0025014453381504574,-0.0017108416660738437
rare_symptom_pancytopenia_rare,0.004733859932500305,0.003219243391027603,-0.005341787430167648,-0.007107636260721281,-0.0020667961196057286,-0.0027386632833715633,-0.005842032083675371,-0.0025527311925988426,-0.0035242408271149136,-0.0008803570007338994,-0.0028014302052764006,-0.00031661752432218397,-0.004414948432952278,-0.0007297420779155355,-0.003134951290772046,-0.0030580275117626766,-0.004675760747435772,-0.0028009804403149163,-0.004302769716235736,-0.004078381885804734,-0.004028343563443796,-0.006013323841959028,-0.0054317796843561285,-0.005933250079437682,-0.00042087766370331014,4.842999659872168e-05,-0.0017547266237694927,-0.0019077293180067834,-0.002320324516103445,-0.004605697384157742,-0.004665550927052528,0.0020482806527082646,-0.0001448676920276843,0.002355499725225701,0.002497188672458421,-0.00016230788898593366,-0.0025018138947172906,0.0024279193196737503,0.0022111114674222693,0.0010868504160279715,-9.810865856725515e-06,0.0010481327832379496,4.7546509762486504e-05,-0.001416286544722224,-0.0012541020912970869,0.0012989436058012068,-1.8501722061381905e-06,0.001191926255517717,-0.0038728926899595233,-0.0013384054919726059,-0.0017835421584940373,0.0006537683032421582,-0.0007053810669936716,0.004719493855843977,0.002075890429419264,0.0053711071296516,0.0007596560426651998,0.000993691878033849,0.0024770742446317707,-0.000792722567482358,0.00605987743937181,0.0036178428219581895,0.00021549733296733503,-0.0004760883072715478,0.002768149834817431,0.0025320240910786966,0.0012631548029283439,0.0023455043500227838,0.0027305260876681844,0.0012091178852854235,0.0004168362043778894,0.0011258961706824837,0.002745658849836091,-0.0006872465609782373,-0.0006916444818266132,0.0018895772282429286,-0.0021988669427752,0.0006256734201560765,-5.7332388046433344e-05,0.004313527346413417,-0.002286864627172279,0.0011064289616571237,0.0060583725336504565,-0.0029524103069386177,-0.0006813820074645164,0.003086399630181022,0.0015757974266308807,-0.0013380340603305484,-0.00471510646524572,-0.0015601167233184185,-0.002561591495264538,0.0005846772514196184,-0.0035655873037583148,-0.000915701011625079,0.0023423487459540517,-0.0006108020850598341,0.0019875044026006674,-0.002089646902489737,-0.0018579907387032443,-0.005131723414583496,-0.005743650801101827,0.0007673123953762984,0.0002479324336971753,-0.003586473712991889,0.000977082277840082,-7.672815578078676e-05,-0.0018940664543434346,0.004077486975429234,-0.0011417238262421165,-0.001043169641440753,0.0017149172467978134,0.00025334750141296026,0.0016462380860041068,0.0022419612318639913,-0.00662223568742589,0.0015781144639147168,8.527584947468729e-05,-0.000534123578624954,0.0007704581327419942,-0.0010917957827658472,-0.0011905755059567259,0.005325252344463281,-0.0008985573997421547,0.00027855465678517315,-0.0033055843061296224,-0.001184163052989193,0.0034045392380660797,0.004421812434829702,0.002915780964489829,0.001945661182098265,-0.0022146539745399483,-0.0037125653541463595,-0.0017008513882024422,-0.0003408858545324679,0.003840310295491723,-0.00188001276643744,0.011221984056233902,-0.0023069005187562153,-0.002419057225524502,-0.001999400061945195,-0.002335440434438991,0.0017256861282491402,0.0032920092404763865,-0.0018800127664374538,-0.002342521527106757,-0.0013101497608866198,-0.0014872962125297797,-0.0024732451532892205,-0.0011489910105032348,-0.0021199094268196145,0.003869883141733961,-0.0022707253626534645,-0.002432716342639914,1.0,-0.002770469514440167,-0.0018887892790135634,0.007431312756842784,0.003473417405723785,0.003192745170840987,-0.0028061715540654256,-0.0023984239992469107,0.005140583559537754,-0.002032230248937929,0.0030260593634157144,0.010882802653385074,-0.002558876445557689,0.005563588125390501,-0.0023566204111466313,0.003554390107395215,0.0019340391053322044,-0.0014306793685688929,-0.0022339691377750363,0.0019340391053322041,-0.0018534352324927814
rare_symptom_bone_fractures_pathologic_rare,-0.0054274486203732975,-0.000989482683732748,-0.004873196582202875,-0.0006968371063669834,0.00036656191240832956,-0.007210518909050584,-0.0021376242558674963,-0.002220960588381325,-0.005802433031703997,-0.0011643103162629488,-0.006209069137794512,-0.0016948891089864733,-0.0029469526904542507,-0.005817010458108489,-0.0038443276245246375,-0.0021618821186184713,-0.0026532187074186156,0.0019616467562573394,0.0010398869275804064,0.0018561155916494198,-0.0037196901912505864,-0.0011387170620422399,-0.0005868457746008618,0.0006380912994656546,0.004791853525540514,-0.0015355716010910336,0.0018093041215938824,-0.0022888143195753706,0.0040887156066643626,-0.00032376600921548153,0.001861134427028144,0.001679534972669491,0.0007078697169678717,-0.0003595390321229937,-0.00021613337869179187,-0.0010360438099966558,0.0013511737845410712,-0.0014392152967024007,-0.0016552548032456344,0.0001560414908406452,-0.004912209830556955,0.002416414895989199,0.0003356562445127363,-0.0039575099054962965,-0.0020645215351814163,0.00037606427685668396,-0.0008693441554884708,-0.0003112434775498919,0.0005950490387848812,-0.003303022212394827,-0.004868440046840995,-0.00024118613817980804,-0.0015473910037036287,0.0016734333713103017,-0.003056625510477161,0.005604239141721568,0.0034233273177989207,-0.0018881008378401468,-0.00155789667549553,-0.0018962041215374022,-0.0036610979165016076,0.002832432154949328,-0.0009498675072142234,0.0022371486627681884,-0.002942794072018252,0.003459976981705454,0.004993890784635107,-3.906170646388174e-05,-0.004626564476217344,0.004384351288218815,0.00030749691097324284,0.0018465809279948414,0.0012401751331802932,0.002246782331232753,0.0017072729082558398,0.0025946125911266347,0.0013678621175859005,0.00030557048206741714,0.008206822135149243,0.0005846704584831542,-0.0019400818945976986,0.005038359502581737,-0.002029834876607206,0.0027623739470762866,0.0011835369884842719,0.0036817437137842365,0.00012326314433663775,0.004821102808140958,0.006413880162600158,0.007349200140320579,-0.0038926654333889216,0.000263369431661892,-0.00021446258869328285,0.007416333324304493,0.0025061990095192844,-0.0037547025442037523,0.00499806585084647,0.005732318486076839,0.0013937624242274169,0.0016841511671340488,-4.7695953786434316e-05,-0.003379535068356827,0.005884051444120001,-0.0029357315941834633,0.0020312860193998036,0.007614708446540545,-0.0020158117802770805,0.0010920016460967265,-0.001943058160289754,-0.0005383936411400096,-0.0070326845694274566,0.0013378566874298996,0.007220921923582647,-0.0006747617534743321,0.0006378354986954562,-0.00459618797650624,0.0020901749295146343,-0.0018697517236201569,-0.0013117731930091896,0.0023631176428282933,0.001574474099792472,-0.0017140390041990184,0.0018989994032265047,0.0009450924425457155,0.006343336248046901,-0.0035661662158572105,-0.004593953808334078,0.0035598626162139805,-0.0002478077088883453,-0.0017864695725286462,0.001479062622499204,-0.004176449945782643,0.00014908462451652106,0.00145586866305671,0.0012141982510271146,-0.0019763101702476213,-0.002848740697760054,-0.0024250638284796047,-0.0025429653896843043,0.009861568542014075,0.0026687614946728547,0.00565939258347682,-0.002379357744299372,-0.0019763101702476352,-0.002462509404559999,-0.0013772578267616151,-0.001563478016462263,-0.0025999289138995524,-0.0012078442551662029,0.0034142189309130074,0.0034725759107447824,-0.0023870357202707463,0.0023624827508597433,-0.002770469514440167,1.0,-0.0019855362305026586,-0.0014917737958754648,-0.00232490756666518,0.0028094874410465602,0.005586533209111174,0.012448234653515975,-0.0019008989984897178,0.003749028476018257,-0.002462509404559964,0.004051190703984299,0.006666775861518271,-0.0018123338756319256,-0.0024773304570627473,0.0031639178247795177,0.0015701702960549504,-0.0015039611628936017,-0.002348396779969944,0.0015701702960549207,-0.001948371290484289
rare_symptom_bone_marrow_failure_rare,0.0034819762236672153,-0.00031011283270673964,0.0027158306257075476,0.005772600607700228,0.0010846982275815457,0.0033409801399544212,0.0011997272611272078,0.002703725950226068,0.0012546997722690182,0.0026960253979041366,0.005630515090458489,0.004261276400766624,0.0033431956490463824,0.0035923299921866905,0.002687227071379738,0.00040041887087116174,-0.0054470303617795875,-0.0037289879183866085,-0.003130660829484315,-0.004618679636382968,-0.0012843223341034225,-0.00391014512319073,-0.005561033207292634,-0.0013821199073687292,-0.00454725503982623,-0.009572988089124239,-0.004647200185804447,-0.002283354393233762,-0.004629887481919812,-0.0012734343735525237,-0.0021424411880695848,-0.0016294298739496459,-0.001885077376310939,-0.0018301963704206445,0.0033349780597128603,-0.00021258275030079467,0.004904780342276938,-0.0043146353206012615,0.0022821192441261286,-0.0018697224820838337,-0.0026358145428841025,-0.0035806302309644624,0.005006299741723598,-0.002770626105104298,-0.0035022149252394207,-0.0017255979289776105,-0.0026304075011866885,0.0007336580631639314,-0.00027599791927039764,0.001496588218245128,0.003306971056765355,-0.0009072678454893704,0.002360725665989935,0.0015162444310843303,0.0020844018421007846,0.0031806769144817225,0.0007750695803122936,0.001332287890654002,0.007217045631917064,0.003338787599679323,0.0016417897152286223,0.006396677120848023,0.004838473224047182,0.007170465217436059,-0.001049445947845773,0.003222137593656283,0.0063664171999435505,0.0046968655667662534,0.0021406655017919196,0.0039062027401486096,0.0029400328027458945,-0.006475563094934258,-0.0018163358119414647,-0.0026406732868525253,-0.007342542889571751,-6.056374810109007e-05,-0.0048717489563143476,-0.002511440898242602,-0.00572897919948429,-0.0011128241290015361,-0.004147568387513372,-0.002567468178434509,-0.0010732811757183957,-0.003435881101254399,-0.0010701573502942309,-0.0004016267093979262,-0.004197121837784467,-0.0042673687135629315,-0.005837943578008758,-0.0024645101058457593,-0.0052539963990186666,-0.0034873532636357017,-4.421633444304274e-05,-0.0011605549294344648,0.0023774317599006486,0.005809051340215647,0.002119736770102564,-0.00029634784515995984,0.003248624168221506,0.003046691743741844,-0.0036841209861356635,-0.00037239948362213153,0.0006946799058876363,-5.3265810546939516e-05,-0.004038356587347887,-0.0019181002682655786,-0.0031772241954655897,-0.0009427216372181481,0.0016295736341615866,0.0017049015852095702,0.0036279692103088515,0.002603516591198342,-0.0011888325889783753,-0.007907028476012868,-0.0002870589565546465,-0.002774819243083831,-0.0008432637197511643,0.0031848967871131602,0.00012845376372456525,-0.006634323333984684,0.003228817161752751,0.004299377146196445,0.0004684511933060229,0.0022709405360919364,-0.004694635116015081,3.3373354332865846e-06,0.00012818152050943663,-3.5757741178940965e-05,-0.0041808005921727415,-0.003515843034396394,0.0010538986201934137,-0.0008818614131533404,-0.0034281935030220857,0.00015800840856223085,-0.002634545232459733,-0.0013473649293424784,-0.0019421512709574405,-0.0016533062487357648,-0.0017336865610336025,-0.0014329272499010934,-0.0016737601957321946,-0.0019983701445280555,-0.0016221457680535567,-0.001347364929342497,-0.0016788350633566843,-0.0009389563047224083,-0.0010659133768032333,0.005315081654092552,-0.0008234572760989319,-0.0015192937335695852,-0.0015080621721182447,-0.0016273802882760908,-0.0017434757580516245,-0.0018887892790135634,-0.0019855362305026586,1.0,-0.001017028463109573,-0.0015850239332094093,0.006000931291320251,-0.0020111231185046484,-0.001718899169180791,-0.0012959527726694807,-0.0014564559425607301,-0.0016788350633566906,-0.0014029650135090057,-0.0018338920047858013,-0.0012355728068635273,-0.0016889394319212947,0.006434880495392507,-0.0019421512709574306,-0.0010253372959782342,0.01408575619667852,-0.0019421512709574228,-0.0013283173793551789
rare_symptom_hepatosplenomegaly_rare,0.0035786943584997107,-0.000493363965049009,0.00047104209841129796,-0.0006166421900547305,-0.0037346201855147335,-0.00482925232128965,-0.00781846128758328,-0.0005774478703853619,-0.0057014639118850505,-0.002662052404865121,-0.004860697780138083,0.0004582202821221349,-0.0006776631243041537,-0.0005020212799049597,-0.0016286353311023973,-0.0036678235040806125,-0.001463002035085684,-0.0003108860819547026,0.0006033247781283983,-0.002556319730382457,-0.0014323130415106135,-0.003738032559079541,0.0017268817575827875,0.000685641807903462,-0.004697603116311589,-0.0014670366877838558,0.001805379472552894,0.0006236607700838593,0.002916538908316194,-0.0014242294391001572,-0.0036505799081850776,-0.00043142553418985574,-0.0017483500299258004,-0.0017074916350194732,-0.0005128769372674242,-0.002877728938494621,-0.0005939797946999183,0.0005746609666806576,-0.004018789515991074,-0.0028579507630449945,-0.0005560058749298166,-0.005117791710246684,-0.003896829067836293,-0.002900647073517779,-0.007307532939016996,-0.0038783562252837304,0.001694140148019989,0.0016842883063146084,-0.004040955730222309,-0.0028611165916103635,-0.003902982935895157,-0.0016493244177117833,-0.006211025850790747,-0.00449200245245786,-0.00037291069462373956,-0.00016485941674673538,0.00414176554793857,0.002872278714106844,0.0019830264307481404,-0.0032816100012663194,0.0009647917823708078,-0.00231964838400791,0.006310955409175851,-0.0023405875439538658,-0.0003129719251666852,-0.0001354435026296138,0.0008793881609022316,-0.0013043733470922507,-0.00247122028276818,0.0029943710379984434,-0.001404986877255981,0.003760790389463383,-0.005659996730536549,-0.0015209760023117878,0.003685382907650173,-0.0023979453114074084,0.004835564531373075,0.001708954703021258,0.0005996348156256141,-0.0005083156040969641,-0.0014746960120833987,0.004792647912336032,-0.00047840326458628216,-0.0015302218342846449,-0.002559746396173436,-0.0026417733172997954,-0.004639133900983745,-0.0005271889732012786,0.0025900461813598706,0.005925948866521332,-0.0006268295390228271,0.000560737520423435,-0.0005120302912609929,-0.0007166679943215078,-0.0028357758356463867,-0.003922201740421975,0.005923454073284801,-0.001817613486372782,0.005038731612820349,-0.0018314368376601098,0.002635567100357672,-0.0015895224458228447,-0.00024051512949013805,-8.71969896287895e-05,-0.0027523414465380897,0.001228218031010987,0.0022378287376824723,0.0012414430329239863,0.002279552595340911,-0.002736604644603976,-0.003996152898127115,-0.001504594796775461,0.0035784900276412414,0.0009962738950358083,-0.0015283889958451773,0.0034788917944561302,0.004751444583073473,0.000854897797622099,-0.0018396678035029544,0.0009425013595981431,-0.001753468612902881,-0.0003820431127446628,0.0023808288740667727,-0.0017308882300996222,0.004859840585169426,-0.0026765163996137977,-0.008439569798818216,0.0007934193207649585,-0.0036947700591188916,0.003147112190028256,-0.0013876697994472903,-0.0038487200058722835,-0.003787774758773331,-0.0013988125813330656,0.001984514524600436,-0.0010123027040236372,0.007149346221281659,-0.0012421626463077994,-0.0013025540114957523,-0.001076587417524595,-0.001257530113132512,-0.0015014161767837016,0.009079341537919533,-0.0010123027040236147,-0.0012613429645040673,-0.0007054569890685572,-0.0008008424221932543,-0.0013317317845305556,-0.0006186802172813607,-0.001141476315142913,-0.001133037814347767,-0.001222683944356912,-0.0013099088345253191,0.007431312756842784,-0.0014917737958754648,-0.001017028463109573,1.0,-0.001190860752411796,-0.0012344077577740834,-0.0015109977457852728,-0.001291443942922589,-0.000973675703953808,-0.0010942650033684625,-0.0012613429645040705,-0.001054076179286328,-0.0013778404015888505,-0.0009283110062961148,-0.0012689345823335245,-0.0011787072552109379,-0.0014591777924430394,0.03177609714771618,-0.0012028923628855889,-0.0014591777924430488,-0.0009979918919063916
rare_symptom_arrhythmia_persistent_rare,0.0041760551970469965,-0.0010321108573827272,0.002190466608313171,0.0027802039528596785,0.00411219087250591,0.005343640353451546,0.0015780828717619202,0.00017296861118792792,0.003649541363613506,0.002835321703877795,0.0032876892595077906,0.004173446303493735,0.003346893372958467,0.0009610636071222243,-0.0011809697791583028,0.0048991397469557866,0.0018649512584486098,0.003365641780502372,0.004474093306375213,0.00257468933085483,0.0033257537636243776,0.005233958775436294,0.008036151493670504,0.008127166172181927,0.002669891933843755,0.003970938527637086,0.003240648714863542,0.003805012283007005,0.001151345242566187,0.006159525101662948,0.0032831719019683703,-0.0036501160164619166,-0.007539623535701712,-0.0031573060173654584,-0.005936785475231143,-0.0039539805964731835,-0.0031699400273301225,-0.0038230518933426755,0.003204962366937427,-0.006803232474507139,-0.004555546983601053,-0.006111850236525159,-0.008120338818627516,-0.0032708241495826218,-0.0031396095808795157,-0.008092668619079644,-0.003828049909368967,-0.0038417902435269814,-0.004023582369104339,0.0011123621093062737,-0.005242719110696293,-0.008842179641929591,-0.0017444516618902973,0.0017754035895126716,0.000813907550750564,0.001144819043351771,-0.0009062476011250076,0.000186256919887956,0.0011461180484368453,0.0027059778615848387,0.0019224072938934652,-0.0009364907624658435,-0.0008772394942192344,0.005920429700995498,0.0029709208228624034,-0.0008785012278403477,-0.0016570828280598794,0.003791167513523686,-0.0011824887817094183,0.0010540132814392947,-0.0018743650119374597,0.00043425505212013875,0.0010477397405038566,-0.0030176674327584817,-0.0003446124396193173,-0.002085699887641855,-0.0048849148329703,-0.004877944337179822,-0.0002840987736596921,-0.0010553313969272383,-0.0002667914743936796,-0.004941796326916931,-0.003016476961588847,0.0009824000059773634,0.0023409583204639355,-0.0004702734512266825,-0.0030057611211833216,0.006937663245167204,0.0015818746234055852,0.003899757198115349,-0.0010595141431153498,-0.0016796303706413409,-0.000880856070752172,0.00023698912216441178,-0.0010057669309926358,-0.0016666492415316507,-0.002006202868363157,-0.003327425730936562,0.001908121939676717,0.001678777810688467,-0.00048380873589509927,-0.001187214999894523,-0.004310162367844225,0.0032711004260582047,-0.0010183675063720656,6.0470271826837225e-05,-0.000320754178367303,-0.0015592735811452258,0.0038059982489891957,-0.00017687791954068977,-0.00016033195263026237,-0.005119909699992434,-0.0018443733138136114,0.0013394553601364433,0.00135031889218315,-0.0010859970128253497,0.003927274424900856,-0.0027627770090392417,-0.0011636900865906869,-0.002639562154303552,0.0032155140361076044,0.004153296995527707,0.0026337088503170757,-0.000986545356995267,-0.004397583374452924,-0.005547277428760333,-0.002410502113601441,-0.001844452542997683,0.0037235525778318897,-0.003312065376308368,-0.001607736911160722,-0.004806706698982113,-0.003207746583599691,-0.00012134451051769195,0.001188896579657283,-0.0015776589070321556,-0.0022741071737150983,-0.001935892253513567,0.010352158759195994,-0.0016778456895407143,-0.0019598422250172824,-0.002339935075793049,-0.0018994057688017727,0.006381568511546744,-0.001965784497920082,-0.001099444363734658,-0.0012481011613231067,0.0039805638772275765,-0.0009642040384945567,-0.0017789740841287482,-0.0017658228044882495,0.004688236709135479,0.004115004349855631,0.003473417405723785,-0.00232490756666518,-0.0015850239332094093,-0.001190860752411796,1.0,-0.001923806373549388,-0.0023548678104568952,-0.0020126964310045064,-0.0015174592943374425,0.005659333406322668,-0.0019657844979200766,-0.001642762255135422,-0.0021473440438273305,-0.0014467590788386337,-0.0019776159228879404,-0.0018369979578001664,0.00878524091019329,-0.0012005897455723354,-0.0018746900931553296,0.003255566868238999,-0.0015553557163818928
rare_symptom_cardiomyopathy_rare,0.0009329628092210491,0.004948826408764671,0.003529039136206438,0.0008720324685030816,0.0002256185663182223,-0.0011605204641854596,0.002298156696968558,0.004158668545002308,-0.0008617779807856661,0.0028606432367787172,0.0007117298994227762,0.006084853534066042,-0.0005149582157412831,0.0049338119313361035,0.0015616039183732242,0.005500875035814323,-0.005950598951979862,-0.005187614208953005,-0.007488323943964143,-0.010702951594506682,-0.005903838224970466,-0.01015145890438497,-0.007446445167545121,-0.008729797545928973,-0.006540076596178746,-0.005956747077500044,-0.010055410157669047,-0.006781798062287076,-0.007997574487871677,-0.009972893829777493,-0.005941989781458625,0.0005049345728623825,0.0008761465126775449,0.0009463294529415324,0.002460844597282657,0.004332704578962735,-0.0004581083142382148,0.0010082247078315478,-0.0019529817775581176,0.0008957814463277213,-0.004571667289985095,0.003639773093545099,-0.0017396196556995307,0.003595888635661147,0.0016615812868903217,0.0045643899581254525,-0.00038937057672732485,0.0037703418281085713,0.0028629237604778372,0.00019544647604640003,0.005213063239051807,0.0003497964865370187,0.0030004463226467,-0.0006525751989561997,-0.002252429533570059,-0.003920220359933876,-0.0012406657706196412,0.003770936431975706,-0.003918969989460452,0.0015879882186127126,-0.0018378179624818608,0.0013889642372852474,-0.0038739284658261507,0.0006876594680408542,0.0011575310050725301,-0.005206755625460846,0.0013552301923229722,0.00195485319256403,-0.0015257733584173492,-0.003343179327884669,0.0004572659534998248,0.0012102912505148617,0.0011515355446300927,0.008847434139904667,-0.0008414436177525225,0.005272424745138625,0.002551266206381585,0.005794329193757989,0.003743990412624516,0.0029870501425259387,0.003762856977708642,0.0037790358572900302,0.0023920488896542495,0.003020384787122401,0.002396021233811087,0.003541097863988765,0.004341296040169727,0.0016650153618248539,0.0023021193313862327,0.006505520219934781,-0.001900782919439149,0.0009857027365265342,-0.0024147935555158843,-0.0006579489510647504,-0.0011505872919610504,-0.00456782321829431,-0.001443804709010951,0.000757204389183323,-0.004597282629602189,4.049011072278152e-05,0.002110875980190013,0.005375114627291156,0.0031767891359715346,0.008970276519734293,0.0040044240147128155,0.005094664676215048,0.010141951604918866,0.005117441751451167,-0.0015537109927071515,0.006393974526772041,0.007986811796532876,0.003967029713137356,0.008704435462667205,0.0031267093615702287,2.6513678730140693e-07,0.00262109845030012,-0.0015218600202309698,0.003457121426880001,-0.0007271034706340426,0.0003266548827905479,0.004327929831654296,0.00278222941338709,-0.0003230624256452302,0.0035523198523039544,0.005986183990779965,0.0018519021353809795,-0.0008917413151247278,0.006137562523228534,-0.0007750945477918298,-0.0003316187123365951,-0.001563543502229011,0.0032873724679557906,0.0005074208930216404,0.002771502731958778,-0.0010488570756766531,-0.0016353502204332394,0.0029780701190484614,0.0042559810086832475,-0.0021042440975007947,-0.001739200600340769,-0.002031509092624822,0.0027605856637814364,-0.001968862615903043,-0.0016353502204332377,-0.0020376686606139323,-0.0011396484845826538,-0.001293741315182183,0.003691831108278424,-0.0009994627354913538,-0.0018440270248894848,0.011896621410071076,-0.001975215960578515,-0.002116125633937304,0.003192745170840987,0.0028094874410465602,0.006000931291320251,-0.0012344077577740834,-0.001923806373549388,1.0,-0.002440979844094586,-0.0020862960538790953,-0.0015729492480484376,-0.0017677583072318352,-0.0020376686606139137,-0.0017028342464144198,-0.0022258674164398447,-0.0014996636902607015,-0.00204993273324897,-0.001904172696540042,-0.0023572659788799032,-0.0012444925175651713,-0.001943243145536908,-0.002357265978879908,0.006177100628997248
rare_symptom_dysautonomia_rare,-0.0003691230629054238,0.0013867350060117623,0.0012338548217370583,-0.003075108226103974,0.0032397606129467406,0.004165199606710508,0.0018312666532469912,0.0038510353753836964,0.0013851399763595944,0.0001514963507036311,0.0014660723878483963,0.0022622039456723715,-0.0005641984832246282,-0.00021406887639486275,0.0022461454614641522,-0.002412465835832501,-0.0005699570290692862,9.680554092200442e-05,-0.001922168850618661,-0.0005633815979185959,0.0050540321544129,-0.005737419894218152,-0.0040833871663477446,-0.0023206923047256623,-0.00044813723210987416,-0.002800792008202655,0.004389545040189116,0.0014422521742907981,0.0021966955234849067,0.0011778082362243242,0.0005531343331950653,0.0015338183149181087,-0.0011387641506408097,0.0017877972746948446,0.005355700922284326,0.005089238222257511,0.005181464991003021,0.0041409766322430454,0.0022029872743434234,0.001725411754210907,0.005263034668047655,0.0011160186554708112,0.0070370605905229556,0.007874289760076123,0.0018120866507220497,0.00024335861331247705,0.00811783539375429,0.006959157970889798,0.007256775271021928,0.006831535609206558,0.002466667794053886,0.0036197828117663557,0.004591396489623849,0.006329867010400879,8.255433947002814e-06,0.0015113986660307184,-0.001730872640516313,-0.00045942728977203877,0.0009689532943002524,0.00228345331783447,0.001622045113908013,0.000406944792813912,-0.0006053902351562384,0.004168949791812135,0.002838990876537342,-0.0006070007441688093,0.003084892542960672,-0.0007982250665580768,-0.00045300280086113726,0.003026214859604059,0.004418183750452228,0.008953647992577281,0.003592732051690315,0.005111477248163153,0.0019386442616703367,0.002294576095432677,0.0031961227662789145,0.0016185843344377648,0.0030741293381682266,0.002939494060388387,0.002568355685977451,0.00047325654824031276,0.0003610270677853624,0.004035806001503258,-0.0012183491885910615,0.0001939592641606173,0.0024875963473537824,0.002900635341712871,0.0007812131464028913,-0.0009551549003157494,-0.001137097701584671,-0.0032845212719276335,-0.002619033396155208,0.0009515699081663123,0.00404803255889733,-0.0015609538093816053,-0.0014292736653983486,0.004955828698186143,0.0029514678215901845,0.00039171600682896547,0.0020813829870647343,0.008882241849744243,0.0045871964935981285,0.0036270150394320418,0.0033537614768977746,0.005650692073845025,0.0031959245029166785,0.002444288411007602,0.005202081520868743,0.00403331854392715,0.005342420596854338,0.006519783945294926,0.005264833290310635,0.005807987574861229,0.0032565260330359434,-0.000412269176956049,0.00017971603387240465,-0.006403738114719732,0.002819998175879953,-0.00022408360606703898,-0.0016690300035693975,0.0004421926672320084,0.0033508195367320717,0.006411594499581321,-0.000976665561322019,-0.004769232904487076,-0.002225204965503758,-0.0006876776544354621,-0.0008964464114411349,-0.005376742707850467,-0.0033473042761259088,-0.006554261896104663,-0.002284920465495176,-0.0033691311588054385,-0.005961465520876173,-0.0020017781653445346,0.001477567809895321,0.007786385703919646,0.002309149531326099,-0.002128897983695479,-0.002486703149884274,0.0012719934828946237,0.0028093159598041057,-0.0020017781653445554,0.002549547033618557,-0.0013950060507535755,0.014284810958604392,0.002144905371646792,-0.0012234093076724146,0.0033141302841678062,-0.0022405258311135995,0.0027848161293911947,-0.0025902794619854235,-0.0028061715540654256,0.005586533209111174,-0.0020111231185046484,-0.0015109977457852728,-0.0023548678104568952,-0.002440979844094586,1.0,0.002372957547097879,-0.001925395197063261,0.0036470586149334465,-0.0024942428735192576,-0.002084383131565684,0.0018945769694332947,-0.001835688767466983,-0.0025092549195705237,0.003065139041063061,-0.0028854513898443654,-0.0015233421669987376,0.002909221697550524,-0.0028854513898443736,-0.0019734792473324104
rare_symptom_skin_calcifications_rare,-0.0014646471337647334,-8.524266392697024e-05,0.002250587899981286,-0.005219693252162059,0.000932841196049269,-0.0010169631415331308,-0.00015499887029181346,0.0010033889244708061,-0.0013207454421064152,-0.0033177713909166087,0.001996407332042594,0.0040764542091033815,0.00021519376811252757,-0.0013339679153153818,-0.00024871672742473276,0.0010563793889566391,-0.0006727584010993012,0.0013729353357326592,0.0010621617589119893,-0.0019665892097450502,0.004581916942358399,-0.004064870506942543,-0.004072842104007451,-9.65672238241006e-05,-0.005774199239372859,-0.001329360154090362,-0.00265439650125233,0.0010965527852826013,-0.0019817052127158595,0.0006951756864619621,-1.3191651349773872e-05,-0.0002148341527697402,-0.004533320338446596,0.0015168508880885076,0.0003124400861974447,-0.0018926925272124994,-0.0004918152750472565,0.000916702047426944,0.0007232411440941745,0.0014635393015564545,0.0009034741304267368,-0.0012274218193102098,0.0009564189262634321,5.6898750088855424e-05,-0.006442116484759354,-0.0030054470546143144,-0.0010852846879188022,-0.0037617624776281186,-0.0006451429730278247,0.0014576213098906287,-0.0023839377589158456,-0.0003752567888420526,-0.0025023554501981318,-0.0015700765768627868,-0.0018548445197966088,-0.0015090649506407454,-0.003398780252831602,-0.0011593604486066537,0.0010366248919316471,0.0005904679355438851,0.001129464443189406,-0.0002507285193155271,0.0036332956754887365,0.0016189081017114679,-0.0023891290392184157,0.00044932535535235034,0.004164349462404677,0.00028372473326380564,0.0020142275197158692,0.0028427238668691656,0.0001078072777779502,0.001289538809840488,-0.0006249731597520186,-0.0006783400540063653,-6.5098793288877e-05,-0.0016256304157712554,-0.0029906813596897487,0.0013470120201990521,0.003089450279914274,-0.00196144228078067,0.0018732445255813968,-0.0018182275761609178,-5.9725433369735424e-05,0.003008566052764566,-0.0012903179451876138,0.000414335389550227,0.0036565988670629913,-0.001992910849855191,0.0010822201285971976,0.003267137647860612,0.00011624628878163585,-0.0004371862984143283,-0.0023504240371894523,-0.002688172688137997,-0.005141465575037083,-0.0017534723737964138,-0.00013774595388920194,-0.0013336171662901455,-0.001120877670053578,-0.0013576400663294732,0.0012835327634548234,-0.00030658790196752024,-0.003162843328813405,-0.0021641253650418113,-0.003124645489947023,0.0001677147401167943,-0.00324362309050665,-0.005860055377947998,-0.0001815686517464267,0.002164919572423831,-0.0008242540440364946,0.0035979340713016028,0.003622557966353081,-0.0009590700181593564,0.005802338504147433,0.00012002838291360017,-0.0030631678593599516,-0.002204481776362114,3.324038350369897e-05,0.008118913502627709,-0.0005919479022503051,-0.004422248348127443,-0.0018968447675714992,-0.00446518439358616,-0.0005717751466699615,0.002615695161194455,8.728470778841453e-06,0.001873131292467132,-0.0012565533797816357,-0.00016438979909551478,-0.0006277089475782163,0.0026046802182571015,0.002033541825373056,0.0007401352364257501,0.0005327740718038301,-0.001710912073773694,0.0026344781906536318,-0.002099402738638849,-0.00220147133476237,-0.0018195608920083314,0.003788957620658596,-0.00253757206654505,0.004041919242711978,-0.0017109120737736942,0.0037647092611117062,-0.0011923062887494627,-0.0013535190253612308,-0.0022507852444977336,-0.0010456432145684632,-0.0019292308533230466,-0.0019149687824646297,-0.0020664814136075764,-0.002213901861196595,-0.0023984239992469107,0.012448234653515975,-0.001718899169180791,-0.001291443942922589,-0.0020126964310045064,-0.0020862960538790953,0.002372957547097879,1.0,0.013618798003099137,-0.001849438116414879,-0.0021318197596053787,-0.0017815142196598791,-0.0023287142960714087,-0.0015689561062873212,-0.002144650497439317,-0.0019921555739892097,-0.0024661841689746136,-0.0013019946721009976,0.010330745484226415,-0.002466184168974651,-0.001686725097744124
rare_symptom_angiokeratomas_rare,-0.0002035636387530269,-9.246518332641148e-05,-0.0018223289495434528,0.0013803654992491467,0.0013782997548539928,0.00048324884121609524,0.0014890129945961251,0.003064647548253398,0.0031773258491712628,-0.0026562094022336245,0.001252550206156974,0.004691804505264851,-0.0003293375425953355,-0.00010359281103313454,-0.0018478579242213555,-0.0026116251933934903,-0.0014126282085702348,0.0012432019228620457,-0.0007085332697355981,0.0003134212210922248,-0.003096276401120977,-0.0023834288889158237,0.003622544246494573,-0.004046403699044804,0.00038866427013897113,-0.0014178159325604121,-0.004879330861482356,-0.0006833428342887033,-0.003141398763044213,-0.003947971477582985,-0.0031273687672543344,-0.0009702707215973538,-0.004737712921343125,-0.00028403014580169006,0.0015746970237158835,-0.0012298136204285065,-0.0011755705462569042,0.003290839686324031,0.004895539622252841,0.004077809380819341,0.004161924639824019,0.006688541330218903,-0.0002068611724918593,-0.0003814978026022404,-0.0029123416614598484,0.0033504508689194204,0.0024044817549079625,0.0059177426121389135,0.0013464874292472414,0.005833270154088298,0.005077329485899008,0.0050870001673364385,0.0040943717193735905,0.00755722670732732,0.000597454445267073,-0.0008180418014001939,0.0042548990978609905,0.004843669292843621,0.003397397178373955,0.0035485718053794436,0.005158519796160792,0.0008570845749521068,0.0051242391582836675,0.005882150368976546,0.0048753265954561914,0.0009059054893469634,0.0025152114607400293,0.0041460049422502865,0.004008557308273937,0.0016352947268823649,-0.00019375097523869055,-0.0024453547069508545,-0.0016707036782258478,0.0015616601340120453,-0.0008951986660919733,0.0009681357076413489,0.0033268044473969685,-0.001584726899904209,-2.7643560422748596e-05,-0.000929144361404645,0.002442824731827576,-0.0032769429844264762,-0.003345104523862727,0.004820369780338161,-7.019799489248549e-05,-0.00018036651217159764,0.0015720524966762294,-0.0017702267262607247,0.0006750598396418011,-0.0007188916074705228,0.003182523504111554,-0.00025362676459341735,0.002458458364530031,0.004814130010443491,0.004991676810325947,0.0006388897797415602,0.001225954080775848,-0.0004300856519547546,0.000613442051171975,0.0004294718886983774,0.0021784288304720865,-0.003000804543344455,-0.0019044315921083695,0.008283250907166704,-0.003866214010353582,0.0003336622742122109,-0.001966201475352729,-0.000652038049763416,0.004045618657338832,0.004122504189991187,-0.0018412788639009848,0.0010833119432598162,-0.003875020894272501,0.00402234259860503,5.646561058137117e-05,-0.0005873444381042886,0.0014310447415778564,0.0004615495986445546,-0.0037491865778850057,0.0016095367524280456,-0.0005356254965559281,0.0026451569349203044,0.0007091490441739816,0.003643493260537731,-0.0005204577838024422,-0.003966173740274788,-0.004776142478577629,-0.0030849672153737723,0.0026712751074054954,-0.0012291791257119228,-0.0065765622039303155,-0.0039733930166463175,-0.00022309338261617247,0.004440606194804084,-0.00030890313793771493,-0.0012899309543895113,-0.0018593634047885863,-0.0015828309471960392,0.0059076142345766205,-0.0013718460194282146,-0.0016024130060692818,-0.0019131858426896444,-0.0015529987408573497,0.008438678864178062,-0.0016072715478761285,-0.0008989315187769489,-0.0010204768058697732,-0.0016969647961843919,-0.0007883558543976988,-0.0014545309686053772,-0.0014437781736745359,-0.0015580101297686807,0.013381040800323683,0.005140583559537754,-0.0019008989984897178,-0.0012959527726694807,-0.000973675703953808,-0.0015174592943374425,-0.0015729492480484376,-0.001925395197063261,0.013618798003099137,1.0,-0.0013943717571233748,-0.0016072715478760951,-0.0013431609799536028,-0.0017557188943125453,-0.0011829041822789593,-0.0016169451986460003,-0.001501972649699248,-0.0018593634047885327,-0.0009816303571281164,-0.0015327906243038597,-0.001859363404788541,-0.0012716953421965348
rare_symptom_kyphoscoliosis_rare,0.0044460415251636924,0.0016678910049412574,0.005189670463694912,0.0022113154733767724,0.000757036229614736,-0.0007825188019939732,0.00015286872889883925,-0.0020895213380940072,-0.00197240628020334,0.0008087356618389425,-0.003005510711882027,-0.001368518450681589,0.0021200644566864934,-0.001983471041057179,0.0029787411989305934,0.004496837417617569,0.002050209458231631,0.0036681307760125224,0.0011019463141091561,-0.001010110732044254,0.0020974131081395123,-0.0019063312999269898,-0.001913274254391231,0.0019857411198360444,0.0029096366383658994,0.0005116460050998979,0.002020436788512344,-0.0011617027955414274,0.00663840783247209,0.0013428296216932358,0.00359163652263934,-0.005806467039904389,-0.006843383976422584,-0.005221629056251709,-0.005126123855724852,-0.0005912236634393987,-0.007584394361985298,-0.004387952724940382,-0.0029714762741501555,-0.006828381860752371,-0.007536876194025714,0.00019299856208921198,-0.002786801088336522,-0.006886205956012563,-0.005206103218488292,-0.0019730550732934052,-0.00517724737436223,-0.005974044838304419,-0.006915076441281842,-0.003699216670031345,0.0003446441898849732,-0.005142804550928002,-0.00524600999617382,0.0021935868784061386,-0.0003014687014950181,0.0044989409957630665,1.4023712031521622e-05,0.002741227165181321,-1.2395691683755938e-06,-0.0005933638813249292,-0.002928372196482313,0.0007359357584621377,-0.0029619506464930636,-0.0015452209544332843,0.0020277244189996716,-0.0022123342626766632,0.0022057288464153715,-9.968446112066825e-05,-0.002485323340547674,-0.004579913607803451,0.0012466433025679652,-0.00039900020616106646,-0.0019070550397364808,0.002416936208564533,-0.0004986634840587417,-0.006823849692352864,0.0003713503800172917,-0.001080902758301541,0.0024711926445398352,-0.002719933529475618,-0.0004273424709495851,-0.0004137410504909865,-0.0012222030275016458,0.0009469781419867379,-0.0019469444612453788,0.004473848717006359,0.004613235150049929,-0.0012915260600105385,0.0008835485062329976,-0.00029905177567310224,0.0025561387041415583,0.0050088138822438205,-0.0004112875367146308,0.0008565547248111791,0.00025700528906348906,-0.0004709928928538774,0.0031114110869136236,0.0032277250332277095,0.0002853642425354285,-0.001482672998562352,0.0039792460205104845,0.0017895152896843071,0.003690313373144421,-0.0014090754436507172,0.0010698907518578876,-0.0022453605435005237,-0.0025757016604245515,0.0013392121859401869,0.00013095830021852024,-0.005110868907927808,0.00022423851522890517,0.009007326713805535,-0.005142351435205975,0.003645024809513086,-0.0007675549787977964,-0.004724993495979091,-0.0010946181632186794,-0.0019473193337574512,-0.0001936830172999418,0.004637695647200341,0.004550084842866785,0.003710247910564953,0.0010969575257408794,0.003665779738156748,-0.0009670714840532825,-0.0017478559891187795,-0.0032535222347531323,-0.0058615493196692075,-0.002336115703471012,-0.0017601530930727632,-0.005663332809063305,-0.004202003548872181,-0.004112081222779633,-0.004041788573125737,-0.0009400340563406356,-0.0014496883247865004,-0.0020896447288785403,-0.0017788638503887018,0.004870309039799047,-0.001541748533905959,-0.0018008711384743371,-0.002150133051583904,-0.0017453369386693958,-0.0014496883247865243,0.0051484362487636956,-0.0010102637843668971,-0.0011468624007747602,-0.0019071331254055612,-0.0008859933735277648,-0.00163467397696924,-0.0016225894532069568,-0.0017509689858507076,-0.0018758811335761979,-0.002032230248937929,0.003749028476018257,-0.0014564559425607301,-0.0010942650033684625,0.005659333406322668,-0.0017677583072318352,0.0036470586149334465,-0.001849438116414879,-0.0013943717571233748,1.0,-0.0018063314085057325,-0.0015095108651525385,0.004396129428130747,-0.0013294063349324951,-0.0018172031365865456,-0.0016879912889974618,-0.0020896447288785364,-0.0011032048367721828,-0.0017226260559404496,0.0039264236199345656,-0.001429194240198876
rare_symptom_lens_dislocation_rare,-0.003996510821894278,-6.87327671802997e-05,-0.003979065724550589,0.0035067789142084393,-0.0027972532256653375,0.0033976750332079713,0.0004943441312646353,-0.003362115111000908,0.00308866993881292,-0.003370907009184588,-0.003580125384772448,-0.002107180859356418,0.00340039893797392,-0.0007147971510055872,0.00544612410255237,0.004259571717807991,-0.004846450418052981,-0.008090567864574271,-0.0050369595937256725,-0.0008503859541386161,-0.004132077074649903,-0.0010028686232534155,-0.006319394376853338,-0.009563781917783105,-0.0020869738627536634,-0.000862664424877408,-0.004212432961979343,-0.003679545914695937,-0.009510459521807702,-0.0014560545910662704,-0.0021766864927874703,0.003623449435311465,0.007355453242163237,0.002670524363346342,0.006888942656190287,0.006658472685521193,0.003336191662438759,0.0013729872875105757,0.004578687148667159,0.0005774614556226865,0.007489887132951043,0.005300750825859266,0.003457049113229543,0.0005005551833490324,0.006095062950506948,0.007585142060121788,0.004773096982746068,0.0027133135486361562,0.0011409459513497546,0.003971498175544184,0.004126626445053593,0.011636959011321685,-8.279300494478882e-05,0.0035070698457548006,-0.0006793196688266254,0.005524478581559104,0.003590812059590955,0.003922570890892903,0.00031635555243091047,0.0005016620309334622,0.0010581727198669382,0.0016035349592356607,-0.004847803622087866,0.0009154826389257787,0.002664411186387676,0.0036220895489289164,-0.0029863207311193276,0.008654617821493417,0.001982192239171876,-0.0004303354720361589,-0.001266539195504235,0.00069940162671399,-0.0037867011933506904,0.003114574374421636,0.0031104830520495615,-0.00039221767118448363,-0.0005192070520259315,0.0032881714838119583,-0.003146775203137542,0.0030641448013018417,-0.0012314199727501047,0.003845579173387825,0.0018520406289863909,-0.003219937182916407,0.0037520098790304337,-0.002075261696217949,0.0024961736051754206,0.0005062219921459168,-0.0007641973846570392,-0.0017186546803867847,0.0019185500236240027,-0.0006931318616924234,-0.0006104665247050495,0.004475905900391913,0.004700048377640187,2.012103652767404e-06,0.001663393644399826,-0.003634389576903676,-3.0523724718793067e-05,-0.00026575505547327886,0.0024384329662976803,-0.0009158429600609355,-0.0015433965997079242,-0.003614615813117963,3.344352782435448e-05,-0.000458770335499874,0.0014431590572522785,-0.003534565842495491,-0.0023315653671942137,-0.005324811709122977,-0.0037694866192004377,-0.0007702383012965525,-0.0007482407075073989,-0.00312499115221655,-0.0038824128999535227,-0.0021980210533065997,0.00013660815098208743,-0.001381022730950557,0.003306004366161392,0.00035901062398282856,-0.006136171947364223,-0.002853105589189285,0.0029528740250583524,-0.0028966308722864647,-0.0005124167757127998,0.0030183899100539335,-0.001785984187399741,-0.004810623114030729,-0.0002463150738809845,-0.002657170173667163,-0.0010213310031258293,0.003715111290389145,-0.00041791295723190035,0.0010901852600808332,0.005839426911444071,0.005845138530047458,-0.0024087023426412084,0.00407899724226719,-0.00215015943578307,-0.0017771505625149707,0.003979029258267255,0.0025973602989248766,-0.002011823883157135,0.005845138530047606,0.003954508045477444,-0.0011645160110044623,-0.0013219712007771839,-0.0021983239367958864,-0.001021271360096789,0.004783774569847383,-0.0018703346856391273,-0.0020183158600237906,-0.002162300231478278,0.0030260593634157144,-0.002462509404559964,-0.0016788350633566906,-0.0012613429645040705,-0.0019657844979200766,-0.0020376686606139137,-0.0024942428735192576,-0.0021318197596053787,-0.0016072715478760951,-0.0018063314085057325,1.0,0.005479127284973334,-0.0022744366178546467,-0.0015323868737211128,0.003906011673216505,-0.0019457224072477685,-0.0024087023426412166,-0.0012716477772623006,0.004343133886122771,-0.002408702342641211,-0.001647410905251735
rare_symptom_tall_stature_rare,0.006346126646439923,-0.00032140944103742504,0.004854239702649958,-0.000492379874680118,0.0025196965900161224,-0.0020844137247123234,0.007170518675703467,-0.00043802364214844494,0.0026994624712525245,0.004833120440580989,-0.002131000900427963,0.0033272007672616195,0.0016809316044498368,0.007975630992534441,0.002561705086699368,-0.0019049043673867415,-0.0010793609077439526,-0.004189319752636653,-0.0036264977397980577,-0.004256626749422098,-0.003424313263315644,-0.003582286912277921,0.00037886419669200705,-0.0027272614838021493,-0.0017920255795750278,0.001300881273692329,0.0036634119245034682,-0.00042723872249698095,0.0005032494852550164,-0.004209634796537667,0.0005195652395105646,-0.006168562905775968,-0.0023451688990525758,-0.00391647693922121,-0.007899621179672436,-0.004795832362007433,-0.005554784749967773,-0.004683020937017888,-0.00401250577515753,-0.006395437940318753,-0.006321745644203897,-0.003981987527121201,-0.006284307856146685,-0.004014684357257514,-0.007157692747981408,-0.006259321954724554,-0.004687326938343076,-0.0071423882623236285,-0.004855812142553676,-0.004773306688859354,-0.007922704975392896,-0.006284307856146703,-0.007194390835107855,0.005461895497661385,0.005978111566410316,0.010968589211074554,0.001639950281806589,0.004483605507035038,0.009412413573368975,0.0033447422097387493,0.006379959728551974,0.00472645869298786,0.00478382697644006,0.005471754556361148,0.011502371101355291,0.0024447937933876744,0.0023613013466572833,0.006970171692064912,0.0006096734662354683,0.007764265759034495,0.005259301960719016,0.008115774005315395,0.005035502548817241,0.0004539722213040683,0.0027177220598640357,0.006004762013731036,-0.003198218696622192,0.0005945639615314842,0.0020174129718124084,-0.001097415533644393,-0.00023614728877876737,0.0005336047207183236,0.0019665513516510503,-0.0003148584511345232,0.004237262266765299,0.005619241938604784,0.0027325655526581312,0.003406555097027532,0.0003800399170602638,-0.00011224136688959977,-0.0007180936398538225,0.0018148734606394544,0.0018871674668307112,0.0007796787380165069,0.00014340938276907294,0.0010125383722874803,0.003126704293451704,0.001616192161071664,0.0026131210344592527,0.004028855322751051,-3.370160333535273e-05,-0.0023879541405452333,0.00048173292814590005,-0.0011503436578138837,-0.0013239882280568357,-0.0029475860839791694,0.00041027264237617736,-0.0038572129161565196,-0.000454384793372027,0.0023805586399191143,0.0042375141076875155,-0.0013523496442802128,0.0014242175629097223,-0.001394814837306393,-0.001385814757826627,9.796713203144207e-05,-0.0009093332684262022,-0.0008430076986017662,0.00575125015835377,-0.0036069320697781296,0.00111251159397164,0.00022785933275712417,0.0013418187401832771,0.0030635049379169996,-0.0007859624893336095,0.008059164502334579,0.0065134791598294335,0.004629350101897849,0.007479395912959554,0.006352578907406765,0.006566893336018561,0.010587585040758065,0.006464391005095142,0.0048501752892857655,0.005511970059340689,-0.0013964459485070705,-0.0020128988180209495,-0.0017135319187914135,-0.0017968402779475335,-0.0014851250830806883,-0.0017347309501689698,0.003998884367030652,-0.0016812363424003626,-0.001396445948507066,-0.0017399906820939346,-0.0009731600541173599,-0.001104741843935894,0.00500209035737701,-0.0008534536946409706,-0.001574637674346162,-0.0015629969761636743,-0.0016866615426545382,-0.0018069860700913735,0.010882802653385074,0.004051190703984299,-0.0014029650135090057,-0.001054076179286328,-0.001642762255135422,-0.0017028342464144198,-0.002084383131565684,-0.0017815142196598791,-0.0013431609799536028,-0.0015095108651525385,0.005479127284973334,1.0,-0.0019006959468155207,-0.0012805815281774246,-0.001750463126668467,0.006097198039211437,-0.002012898818020959,-0.0010626876814440658,-0.0016593595571413751,-0.002012898818020932,-0.001376704545543765
rare_symptom_hyperextensible_skin_rare,0.006064871228815215,0.008547705636386446,0.004930945945612853,0.004261752920033893,0.0059900067179376616,0.0058711093780236725,-0.000205235843355965,0.0043367572914339726,0.003917646684841949,0.005481252778502151,0.006380145806246233,0.0020191681888613324,0.008756061409121276,0.005059605742591657,0.009511089913872936,0.010752600274463456,0.005919442197835917,0.004199066242429513,0.0038553926610232466,0.0016618419097967434,-0.00011439142296241696,0.0008815638034242442,0.007556982484272101,0.0027924003489415853,0.005430347323783138,0.005911284874984685,0.006489113927097356,-0.00035944164131703203,0.004080953689215837,0.003558987350076216,0.009586058261174339,-0.0007471606341363646,-0.0029688927220425853,-0.00040192870024959644,0.0034773170473143193,0.00012694143912321792,0.00207523673410695,0.0015373800305807587,-0.0005367953571044132,0.0020338904139595325,-0.0028431990748920984,-0.0011163681014096367,0.0003315474073265639,0.00505821902419823,0.005854254352730423,-0.0002557352337865928,0.0009072208091907004,0.002761030997424203,0.0062568266984775744,0.0038956573911617543,0.0021915960178644127,0.0022043722104939266,0.008285753999496655,-0.0024148045983943636,-0.0003416074560798222,-0.00891036759937387,-0.004716354124427978,-0.0032443468883064062,-0.004138036145159028,-0.0063388361599157035,-0.003448402349181448,-0.0047496889133226885,-0.0034908179866182825,-0.005979062335156167,-0.0037991280422968714,-0.004089002381474988,-0.001208538923153736,-0.0012782866014418184,-0.003832775862555886,-0.004832909254796385,-0.005026449783798701,-0.0028808554344992637,-0.005259790193703367,-0.0024200270612446235,-0.0006880765936134825,0.00020836016479270644,-0.003990602251197213,-0.002242533873759145,-0.0006182933131766524,-0.0018932157624904171,-0.0023362589735811197,-0.001160642677290946,-0.002418632194583407,-0.0035940155404181997,0.0022157741383542445,-0.00776603611882951,-0.0018272421030977757,-0.00019236975547134972,-0.0013571666978971608,0.002465025405506539,0.004503562577524352,0.0021357571730089195,-0.000892572880384238,0.003085892614627108,0.0020784193161750637,0.0015278946492949003,-0.002606129496531791,1.27711010975393e-05,-0.0028728147654686416,-0.0024979873559056926,-0.0006437000025162004,-0.005649625208763614,-0.0005836746164377314,-0.001723284114526768,-0.004766688143003286,-0.0037796433580354056,-0.005592303053113851,0.0019131308486857793,-0.0006060794730651612,-0.006852572937080277,-0.0011954574986907023,-0.0005785014720868211,-0.0026668449527183003,-0.004150533041420642,0.0007831086530204426,-0.003027219494450282,0.005679853997106309,0.004314804970903082,0.002000514795941689,0.0030123570384589324,0.004374307009269179,0.0030084817001426556,0.0017412448294600532,0.0007527101370401719,0.005131670210935995,0.004757385114050894,-0.004159053505158471,-0.0017752707182875035,-0.0007791337927703005,0.003444187555869584,-0.004101963611964374,-0.00367871746740085,-0.002912928782484459,-0.0034711704097296118,-0.004973239989511823,-0.0018253705797533493,0.0021510991611188492,-0.002239850926829021,-0.0023487478218457898,-0.0019412879079261452,0.003277587431720412,-0.0027073333956073096,0.0035232345306797047,-0.0018253705797533655,-0.002274436617854656,-0.0012720705259492344,-0.0014440682521933282,-0.0024013607885688664,-0.0011155958216964787,0.004048407609430751,-0.002043078501951908,-0.0022047271942423068,0.0029623424697092066,-0.002558876445557689,0.006666775861518271,-0.0018338920047858013,-0.0013778404015888505,-0.0021473440438273305,-0.0022258674164398447,0.0018945769694332947,-0.0023287142960714087,-0.0017557188943125453,0.004396129428130747,-0.0022744366178546467,-0.0019006959468155207,1.0,-0.0016739178834739238,-0.0022881257207124778,-0.0021254290216275716,-0.002631169710767466,-0.0013890969652267148,-0.002169039281525128,-0.0026311697107674666,-0.0017995655163989591
rare_symptom_joint_hypermobility_rare,0.0026075367844536827,-0.0007118497276712958,-0.004228312988992634,-5.9316639074845545e-06,-0.0008632327809101358,-0.0052087513294834485,0.0009522637937336005,4.2283763275746604e-05,-0.0007128041978521294,-0.004244441744244698,0.0015822410808470117,3.745871991681341e-05,-0.0009353265912375877,0.006137043035290856,-0.0016839564379755674,-0.004203208112339249,-0.004219503355162487,-0.003253017795560415,-0.0034576293238431518,-0.0015070220009988612,0.0030443002914468166,-0.0025180675594285067,-0.0016231109858644704,-0.003365942252482242,-0.005054817694121941,-0.005126905994479071,-0.005144215020551787,-0.0034349737004070605,-0.002420581966068387,-0.005078564257963382,-0.006921920602015779,0.002532629742933335,-0.0004902490709269552,-0.004134100719528339,-0.0012755859818917798,-0.0023466868716583615,-0.0004490722426255766,-0.003167631799945171,0.0013147086357774207,0.0013703204338481921,-0.0022517927386769593,-0.002345700346475121,0.000559858849021411,-0.0005313529498050509,0.000499795298966693,0.0033626818857788723,0.001451844118094319,0.003288907178848191,-0.0005590570716448237,0.003212037303275589,0.0005514193373527884,0.0005598588490213789,-0.0004614329796010362,-0.0017072505737614346,-0.004548936157662929,-0.000779928270538526,-0.0016503778659989492,-0.0018656762131253211,-0.006082780508186269,-0.003303929922507067,-0.00248426124582062,-0.000789737604312311,-0.001628174834243802,-0.0034662281913944845,-0.0018388560823085261,-0.0060519191629450075,-0.0016976194959012207,-0.004391558926371465,0.0007798455933650739,-0.003496903446713219,-0.00010467854037793267,0.007117833767789196,0.006210679558470247,0.00445230968456783,0.012169275830646618,0.007262476462923667,0.01059503759525578,0.007163426662249639,0.012226410543240054,0.0087004549005219,0.006232060585426109,0.01053909722669765,0.00960040640275122,0.010443472795197337,0.006172235802204528,0.007768899054048034,0.00703660829360316,0.011244828051828276,0.005239679213850336,0.007213450247870207,-0.0004892205413031124,-0.0022587249889177196,-0.0012745722716842104,0.0012421887548872967,-0.00044701147760114866,-0.0013241921111539186,0.0020880263084848854,0.004027662698103931,0.00142499483735245,0.0012464482943366493,-0.0024421862525081522,0.003473217976621629,-0.0016260412274025642,-0.0014471054378951806,-0.0026420562170040946,-0.004551748796542564,-0.0006440242558604058,-0.0024367462061877124,-0.0026832597667309638,0.0005115085457273762,0.0005246520097139409,-0.0026659228305463377,0.002567962807514685,-0.00270166132524965,0.0004328584502917964,0.005062462897414106,-0.00040855299481966183,0.0018215801971554894,0.0028245362448991638,0.0030195747890561014,0.004033907761890948,-0.0035167300728782967,0.004254821580174577,-0.0002839611253230892,0.0029632246102347425,-0.002558722631908835,-0.00437846826247614,-0.0025922033872318733,0.0014936445990340666,-0.001608461370316378,0.000479823749354285,-0.0016053412950818562,0.004249463222582861,-0.0062821134417436275,0.0022377500569427085,0.008973045121482375,0.005315716111287206,-0.0015090849894082244,-0.0015824535639390287,0.008287400607358204,-0.0015277546970985333,-0.0018240482612914984,-0.0014806427006935792,0.008973045121482299,-0.0015323868737211338,-0.000857049240726159,-0.0009729315897603254,-0.001617901207967006,-0.000751625426765373,-0.0013867626579074695,0.007742245760001819,-0.0014854206030940848,0.01419250146990771,0.005563588125390501,-0.0018123338756319256,-0.0012355728068635273,-0.0009283110062961148,-0.0014467590788386337,-0.0014996636902607015,-0.001835688767466983,-0.0015689561062873212,-0.0011829041822789593,-0.0013294063349324951,-0.0015323868737211128,-0.0012805815281774246,-0.0016739178834739238,1.0,-0.0015416098177098228,-0.0014319939752113727,0.00531571611128726,-0.0009358950428115487,-0.0014613761040875852,-0.001772733474154066,-0.0012124455586421284
rare_symptom_macroglossia_rare,-0.0005312376088600296,-0.0016429028060131793,-0.003020947223886216,-0.0005927444931443495,-0.001848111646401908,0.002430741643063988,-0.0048474204685900225,-0.0017811100674081145,-0.0010162175004124101,-0.0017901357443743282,-0.004505511824321275,0.0019735439718405415,0.003059064135475972,0.002738005913448763,0.00196004617779467,0.001405692464078837,-0.006428897172705591,0.00822068347459796,0.0026119074571816993,0.0015104521833821745,0.005528766244043286,0.0013516179609129398,0.00859866204611075,-0.0005503542042603975,0.0009479577354001205,-0.0018076916806431952,0.006096355784309555,0.0013275748869194407,0.006122121597059707,0.0009112641222566586,0.00019224885959377816,-0.0014291807031459952,0.0009516522520481977,-0.0037116974466880515,0.003181926304682062,-0.0037932532531763565,0.0016857564723283746,-0.005007107883961343,-0.0072051263982075685,-0.0024079374326810214,0.0031056298960184183,-0.0037919179139349075,-0.005649307630077488,-0.0018065415672320307,-0.0023395069987519656,-0.0035842753838264954,-0.005012348837893263,-0.005703709120039139,-0.00521740402283901,-0.0037651996665278974,0.0004375958245636619,-0.0022613175599496545,-0.005093477465210522,-0.004575785670667066,-0.0016225827535919493,0.0006600424147332499,0.003269183515904957,0.0029518287894789055,-0.00128053750261,-0.0030451984592090673,0.0020484419287571786,-0.0025896103962381786,0.0026541738691275786,0.0019029663289813162,-0.0008793090327390752,0.0013572713892439046,0.0012588783571016466,-0.0007463838459021075,0.0016678269218161422,-8.243743703108834e-05,-0.004785463331380541,0.0028939114156396467,0.0003179585704832902,0.0002649129348823296,0.0077986514622372044,0.0005548669922605925,0.002313853536882995,-0.004602289479145854,0.0022118593732194554,0.0008437029041018129,-0.0002842825472619163,0.006649584923752426,0.0015226058745291603,0.004645367742243084,0.0021548580684236955,0.003261515188309952,0.002791272154666477,0.00018415227088303595,0.0001762172914549004,0.0030146874232721017,-0.0044529856208121495,-0.002320320281080471,-0.0015614902577336832,0.002147410650368941,-0.0010168638050460093,-0.003660788719699948,2.7129215966191796e-05,-0.0025430023126679275,0.004429235729547593,-0.001891936961705879,-0.0005519661001096007,-0.0003800235939298234,0.000527246696470561,-0.0015172499383382932,-0.001725678621727144,-0.002222266264833335,-0.0003211752385382729,0.0016453223849688624,0.001269670097569147,-0.0024627831709203313,0.0013804077437486548,-0.004815511282760332,-0.00020943707699432743,-0.004863044838158233,-0.0033264306981189125,0.0039536999340866325,0.0007109685389288655,0.010332855053381225,0.004653938856668981,0.00014018535000365881,0.0008453324988536233,-0.0014579981052825907,-0.002084679563730241,0.004869040195774168,0.0024581653055703407,0.0006294772265082677,8.155070992897143e-05,0.0026887773903021676,-0.0005033224124804753,-0.0071217078211422745,0.0008441853425907615,0.0006190089686095828,-0.0020847022238040754,-0.004822479819747051,-0.006413167947216918,-0.001681091548449474,-0.0024231995477351953,-0.0020628109736422857,0.00364852271314499,0.005238651047023604,-0.0020883311253690026,0.00255220325944572,-0.002023932404384826,-0.001681091548449481,-0.002094662978668187,-0.0011715248585269942,-0.0013299277204711082,-0.002211554941893743,-0.00102741806411326,-0.0018956051174365276,-0.0018815916288703479,-0.002030463454373349,0.0036038229741234646,-0.0023566204111466313,-0.0024773304570627473,-0.0016889394319212947,-0.0012689345823335245,-0.0019776159228879404,-0.00204993273324897,-0.0025092549195705237,-0.002144650497439317,-0.0016169451986460003,-0.0018172031365865456,0.003906011673216505,-0.001750463126668467,-0.0022881257207124778,-0.0015416098177098228,1.0,-0.001957433084941098,0.0027675516928177294,-0.0012793014164471511,-0.0019975963483094073,-0.0024231995477352153,0.0059209190578094605
rare_symptom_hearing_loss_early_onset_rare,-0.005384758300424925,-0.0005283783788276267,0.0013793088717675103,-0.005438190531277848,-0.0013956882037764991,-0.007548845423943497,-0.005318726590383262,-0.006730733302812836,-0.00390886872554302,-0.0020162197110974943,-0.0028875760513533883,-0.004037754397022972,-0.0035067898391027644,-0.0032447524579248847,-0.0027002842256725473,-0.007362311165390541,-0.002630065589417072,-0.00325959624108938,0.000732982620632414,0.001644487752433978,-0.0018709177491878979,-0.0020534390912097904,-0.0013510384254575502,0.00583503865642877,0.0038753048650702897,0.0009210924119361271,0.005163349161021727,0.0014739758198832954,-0.0040616033417761235,-0.0018583780701719175,-0.004756338432531034,0.006993162784416521,0.00374108484833405,0.0016271315051746276,0.0032031868315165993,0.0037256431294508704,0.007436897293706567,0.008246234977129372,0.0015078533932852657,0.000850785451046704,0.0016747086420207157,0.0022728504210671402,0.002452983360095951,0.0022317564381786436,0.005287719615836089,0.0017564526408887745,0.0038677398058602954,-0.0005191356476283903,0.005099496557680046,0.0008454277913138454,0.006816691480745457,0.001723727164849435,0.008146753931102665,0.0029753994205238554,-0.0014618120070853439,0.00024819600647253877,0.004446996622976153,-1.7258789207730336e-05,-0.003930540235424091,-0.00027595142156069496,0.0010308677670339496,0.0009320311301799857,0.000992324965222352,-0.000494896711117655,-0.0020648548574445282,0.0002939135657193459,-0.0011885844532310203,-0.0019436834287829671,-0.0020941663489358426,-0.0019277405355806368,-0.0014051190684036049,0.0009513000757128651,-0.0011341708704551267,0.00287387187544934,0.0015179889816060498,0.00043867884765705676,0.00031871801255697765,0.0023585463933918274,0.006315379485214257,0.002826768228699439,-0.0038168874788232533,0.0002582663860067896,0.004227295406673173,0.0042104513925784745,0.0008506441348171206,4.070996825077043e-05,0.0015342648732976256,0.002120853910754153,-0.0005880163424868981,0.0037729186731747604,0.0037424890529827526,0.002393731301698274,0.003934105791573273,-0.0014861268593944215,0.002344218729461355,0.0016787903347242504,0.000598702317297452,-0.0007332813236917991,-0.0027224668303405994,0.0014214120580019769,-3.7686388464371007e-05,0.009008878557600295,0.0009497438374425944,0.006153231031905199,0.0034563140147527154,0.000429008042130554,-0.0015927696123377284,0.00458963216672221,-0.0007135448455224306,0.0026620293632169004,0.004326732635378783,0.000954317919677774,0.0026208411681684883,0.007474161050334854,0.0009147076640162761,0.0009646758809471513,-0.006780544889765299,-0.003295271914531415,-0.001676574281646007,-0.0031751374572197366,-0.006678354117226761,-0.0014616026727958687,-0.002162157077346894,0.0010682301321656945,-0.0049490407177151755,0.0031444664590427906,-0.002775759883324442,0.0030964544041048496,-0.0003860143354080501,-0.0044392013439493085,0.0018336293320333058,0.0031342746854958587,0.0024881059123357985,-0.0019834230329594292,-0.0036771792986481895,-0.0015615578867645046,-0.002250898452532369,-0.0019161352323533729,-0.002009293743366802,-0.0016607221989478533,-0.0019398407790483445,-0.002316054538680446,-0.0018800211156021886,0.006479433585319983,-0.0019457224072477817,-0.0010882238293690007,-0.001235363489063924,0.004063958481311012,-0.0009543637183234827,-0.001760818513455963,0.005438783908057424,-0.0018860877766521892,-0.002020639146142057,0.003554390107395215,0.0031639178247795177,0.006434880495392507,-0.0011787072552109379,-0.0018369979578001664,-0.001904172696540042,0.003065139041063061,-0.0019921555739892097,-0.001501972649699248,-0.0016879912889974618,-0.0019457224072477685,0.006097198039211437,-0.0021254290216275716,-0.0014319939752113727,-0.001957433084941098,1.0,0.008922060800012831,-0.001188336957760942,-0.001855557679266008,-0.0022508984525323153,-0.0015394823144689533
rare_symptom_developmental_delay_rare,0.0029349351883678964,0.002560729388662824,0.0029568252563251097,0.0006811332619127437,0.003948562856485613,0.002192439149132592,0.003025691294214741,0.005121772432986831,-0.00017320689599792908,0.003474158046061464,-0.0022277547134411206,0.00565927305510595,0.0038287853104423328,0.001997183637192174,0.005097800086295832,-0.0008205296024575161,-0.00490648831796422,-0.007686673824362665,-0.0016875485163922496,0.0008532875443273512,-0.004849542457687781,-0.0010495015416475473,0.002958964388819187,-0.0021107060113436846,-0.0007620325469323996,-0.0014623446790772497,0.0013831005929060938,-0.0027978193021786476,-0.0014654813435685684,0.00034857453522286466,-0.002594347712752202,-0.0012211966508467748,-0.0033579872314559904,0.002607068876189318,-0.003735289718671308,-0.00455091791891981,-0.005061314971611942,-0.005568375957097334,-0.0004794626012319612,-0.005689071117206068,-0.004403629029932485,-0.0033735681683030403,0.00036898779587451867,-0.002245245638597833,-0.002669222402014159,-0.004901254776197483,-0.00027126884346665505,-0.0026455755413015013,-0.00404941323192213,-0.0033423997693506195,-0.006129201196531862,-0.007886171259854382,-0.006256389946492799,0.002456834737111648,-0.004048238137669882,-0.003103585243923602,-0.0025190424275782545,-0.002857775461452553,-0.0014121662594882684,-0.0028966493368342673,0.000381529536501629,0.0002604738477553894,-0.003611482721557247,-0.0048480074474675445,-0.006183868784005613,-0.0007946015068198412,0.0024729379221915355,-0.0026660536902918088,-0.002851749920679775,-0.005459149811037878,-0.003418866113356835,0.0038165319234871493,0.005933325136596939,0.005322044846918546,0.003130756862569518,0.004027677522641014,0.006612234389822199,0.004978669134585387,0.006490084245298069,0.005808985356740498,-5.331268666443884e-05,0.010910700851217564,0.0025903837908837425,0.0036631669019492282,0.010248589675833723,-0.0003033758513483428,0.0031511710502465868,0.0074086081952114335,0.006306684910419844,0.00998632856046522,-0.001004209620058581,0.003832712707804682,-0.0019641284841857894,0.002343648201823425,0.002593512899929314,0.00031468117909496285,0.002227747151956329,-0.0005556109580188682,0.002632500220836765,0.002937077222154253,0.0011670431527604562,-0.007087631020662618,0.001698347071713267,-0.005349201175154917,-0.0029110624941551737,0.000743430310749755,-0.0030471394871578786,-0.005258795005560345,-0.0023130082275901204,-0.004876687075295681,0.0004695026751500578,-0.004943901667830146,-0.003590165468267286,-0.0023430367035050686,-0.0036590894137660023,-0.0009849727394143474,0.002395666350698848,-0.0016559665649524761,0.0009893904412699665,-0.0028873064677095678,-0.002292671823554763,0.003354301926867649,-0.0013022176839413396,-0.002248571964754368,-0.009891888160831272,-0.0006754060022862807,-0.0011120278556014322,0.0004923839440342847,-0.002204664030593259,-8.022106107108778e-05,-0.0010482603158564528,-0.0025233767036993383,-0.004850443522759121,0.00200125891518666,-0.00619421514588691,0.004568572558898671,-0.002786494288941905,0.0029300853330845706,-0.0024874003242568474,-0.0020558870248815185,-0.002401421195253649,-0.0028671541080187036,-0.00232736758773906,-0.0019331268047326417,-0.0024087023426412084,-0.0013471640545203792,-0.001529315239952821,0.007350958090799498,-0.0011814522541831595,-0.002179801015051645,0.0036471661817653175,-0.0023348777960958997,-0.0025014453381504765,0.0019340391053322044,0.0015701702960549504,-0.0019421512709574306,-0.0014591777924430394,0.00878524091019329,-0.0023572659788799032,-0.0028854513898443654,-0.0024661841689746136,-0.0018593634047885327,-0.0020896447288785364,-0.0024087023426412166,-0.002012898818020959,-0.002631169710767466,0.00531571611128726,0.0027675516928177294,0.008922060800012831,1.0,-0.0014710988593972733,-0.0022970831359628643,0.0017305619916389496,-0.001905798403463551
rare_symptom_proximal_muscle_weakness_rare,0.0012243095854550404,0.0023477344656372624,0.00020434733319057058,0.00015536702967774489,-0.0008766360234784609,0.0011203888950778135,-0.002856802766659105,-0.000835754508362867,-0.0038513214217575768,0.0022521753661583544,5.609731034547907e-05,-0.0029020461727531244,-0.0009362678663824371,0.003371364850252285,-0.003940591956605938,0.0012587752941084262,0.0026614307223738905,-0.0005455275054529592,-0.001809132073607613,-0.0016856682881005761,-0.0016581335745395162,-0.003946468877837326,-0.003951037513034933,-0.006076625270766906,0.0038173111087040387,0.0037444086357562483,-0.0017083169086565286,-0.0007050135263133854,-0.000607141791625043,0.004881951324287682,-0.0027709812582703513,-0.004007262678236629,-0.0019630880701542895,-0.004147854567437897,0.0014936621545607379,-0.0019720891487403284,-0.0019303221617292263,-0.00299997746440687,-0.0019941653223550172,-0.0030635882698832437,-0.0041208924538869195,-0.0008599097476466513,0.001480176661491563,-0.0031064121652898302,-0.0019106363695029353,-0.006305128189918428,-0.007458662947458552,-0.0041255170376304625,0.00020203223131228727,0.0013806837731605,-0.0029848401641358953,-0.001863803181280068,-0.0019401576642643968,-0.00044740082157584173,0.002560110973418618,0.0006542353831606305,0.000665979979107941,0.0004788204655917804,-0.00040977450306653256,0.000769439593692571,-0.0014218528852700267,-0.004677290689837536,0.004947574806317498,-0.0004408617022769956,0.0036857717271783653,0.006012205929274723,0.002753158132969452,-0.0004784353702328721,-0.0016393372472793908,-0.0004678231633840715,-0.0005818440005829747,0.002434407199558934,-0.0027736562368005624,-0.0028039215321931602,-0.0007395792819629009,-0.001601480333704916,-0.0006414468243452427,-0.004778729054880834,0.0013674186860278255,-0.0038646196095809887,0.0013789704440362487,-0.003783992814920281,-0.0028031653219246894,-0.0007466867794472077,-0.0007340498312995924,-0.002883204054228599,-0.0007293093281246334,0.003343975819299746,0.0023066135368082735,-0.002672772838547575,0.0058191855540086134,0.0014415719005227594,0.005954826002007507,0.0001682922022093265,-0.0008160174539714711,-0.001890930794721525,0.0034305633878836273,-0.002032535570391823,0.0025431602919804663,-0.0020463959176163105,0.004602261613127899,0.004496880024204928,0.004598431999309623,0.012360483659345481,0.004626767376021549,0.00356140025102763,0.007047162517265595,0.001044067151472192,0.002071680582703698,0.003388774041283206,0.0034008012842073124,0.010885359456854536,0.002103077942266675,0.004564502444457294,0.008339185511083438,0.0006575166885243093,-0.0019922230679164685,-0.0032538499153800552,-0.0006998952528342077,-0.0018670580634365618,0.004627552287284193,0.0046898097380043595,-0.0017673942057231024,-0.0032057238653112915,-0.004526154863273332,-0.0005546578929317618,-0.0051033346899837136,0.000572444987698804,-0.0015515772951185578,-0.006348140960661569,-0.0004278399851252701,-0.0005608418365378288,0.000666660639039523,0.0007217844292734665,0.0017541428657730132,-0.001020572928786573,0.007067772840324389,-0.0012523107613294081,-0.0013131955067699692,-0.0010853828300869635,-0.0012678037759810306,-0.0015136823193074396,-0.0012287079924435164,-0.001020572928786589,0.008599561338657009,-0.000711220371737607,-0.0008073850766827797,0.008009082352497077,-0.0006237346584410849,-0.001150801851516865,-0.0011422944105737131,-0.0012326729239315955,-0.0013206104166088764,-0.0014306793685688929,-0.0015039611628936017,-0.0010253372959782342,0.03177609714771618,-0.0012005897455723354,-0.0012444925175651713,-0.0015233421669987376,-0.0013019946721009976,-0.0009816303571281164,-0.0011032048367721828,-0.0012716477772623006,-0.0010626876814440658,-0.0013890969652267148,-0.0009358950428115487,-0.0012793014164471511,-0.001188336957760942,-0.0014710988593972733,1.0,-0.001212719650876772,-0.0014710988593972447,-0.0010061452014104293
rare_symptom_bulbar_symptoms_rare,0.00032284388849628085,0.0057597334665346524,0.004308190580050953,0.005549081825673735,-0.0010598426999324107,0.0047824098381700035,0.00502806098553038,0.00297132221500065,0.000459862242609541,0.007589966181003028,0.0014275382352548426,0.00032033434871632814,0.0014859517303675723,0.005082726606463689,0.0009688075588718038,0.0010371775071635434,0.0006918072359819269,0.0014794441019438454,-0.001591560048007732,-0.006276322376569398,-0.0013510371810474212,-0.0015389767923392346,-0.006416290492033994,0.002712237507208418,-0.002002884447973501,-0.004195368266761907,0.0020537384569069613,0.001221221626479528,-0.0007118921020668974,0.002849757145563658,-0.004877978465028858,0.005263962625248891,0.005636442037316634,0.0007157482157210076,0.001548240255743965,0.004195199819031948,-0.0035779144137493045,-0.0013667705146828697,0.0020200630787468084,0.0035183303678276373,0.0007635523744837337,-0.0007910887153779418,0.0029567461254577385,-0.00011887748100240295,-0.002120034224953816,0.0008456825529494479,-0.00065790106370595,0.001469318195664517,-0.0001551206428043791,0.00707689245068326,-0.0013417015999771245,0.002956746125457666,0.002825168689502948,0.0012817494603093909,0.0037235749809986897,0.0068024908407596394,0.0027250799431441453,0.005145919807395471,-0.0013886331319640714,0.0035750328475626886,0.0014291576697537884,0.0026928866557376046,0.004805487229854292,0.003338930644423075,0.001102303544064338,0.0027546177521413774,-6.961525974999729e-05,0.003958429113833153,-0.0009692743180724899,0.0012489332781393653,0.005145919807395521,0.003908271377535301,0.0031860491391337057,-0.001503766038236602,-0.004157402523645552,9.459370875572206e-05,0.0019642465038746822,0.0026358715374252316,0.0012048237609022256,0.0010993233011328508,0.0032121615413300856,0.0038911395493139763,0.001810119810770344,0.0024558520423327034,0.0031390933620610707,0.005642852071187053,0.0004963994155901358,-0.002240446387814244,0.00370845968418112,0.001366826899396027,-0.002201885382248918,0.0028958357158171753,-0.0020249137424702903,-0.0002073949294915188,0.0028449382941318304,5.354142036009718e-05,0.005379637125789032,-0.0030246011348366805,-0.003546212966996657,0.004775422065686314,0.0005008972828869893,-0.0007379278023426137,0.0050363028264059995,0.0004470387876180156,-0.0029845400109370793,-0.0011118980866490842,-0.0006826165441748392,-0.00028087403026854247,-0.0046490575130757475,-0.0005384645011050687,0.0075493934953432,0.00020707725940717883,-0.002995911028619406,-0.002257788021258138,0.003387348973753039,-0.0014197106482141315,0.0018693597208801103,0.00027381841598887323,0.003520601063214794,0.0004082414373589233,0.0045183224650156084,0.0020870510010102925,0.0005775207538475807,-0.0013200639988252903,0.0003409199964282521,-0.005162168391338488,-0.0035407869030616235,-0.006686571220021037,-0.0004504979783366732,-0.004433091730295356,-0.0020013809348632737,-0.0044292327124496505,-0.0006134782789190889,0.0017034203468583775,-0.005911598045258227,0.006286315360538876,-0.0022970831359628956,0.004470648241672273,-0.0020505211009812633,-0.0016947974496274647,-0.001979643077630623,-0.002363576116367115,-0.0019185960144249546,0.00628631536053897,0.004343133886122755,-0.0011105523680040614,-0.0012607110881969943,-0.002096453660214461,-0.0009739456706584354,0.00519378750389542,-0.0017836634228025653,-0.001924787153245055,0.004033029520135095,-0.0022339691377750363,-0.002348396779969944,0.01408575619667852,-0.0012028923628855889,-0.0018746900931553296,-0.001943243145536908,0.002909221697550524,0.010330745484226415,-0.0015327906243038597,-0.0017226260559404496,0.004343133886122771,-0.0016593595571413751,-0.002169039281525128,-0.0014613761040875852,-0.0019975963483094073,-0.001855557679266008,-0.0022970831359628643,-0.001212719650876772,1.0,0.0031774877696617004,0.006421538228266178
rare_symptom_respiratory_failure_rare,-0.001429148306003641,-0.0012646593981555825,0.00459372655935774,-0.0004090620413173537,-0.0015022384340872342,0.0011036402300939555,-0.0018885112047159936,-0.0008791329211793472,0.0036521195926464876,0.0034741580460614526,0.0004923343500425376,0.0056592730551059695,0.0016511179234008507,-0.00455945153128845,-0.0019924631103713513,0.004638279853902332,0.00602480194058543,0.003835902015263814,0.0029010694546818603,0.0031548016730038814,0.0009082856340356111,0.004691069262495085,0.0046809245804769264,0.005935315777866595,-0.00018582008157764533,0.0008387423697757214,0.002533193981282739,0.0029407594169725245,0.0008355108541493256,0.003228084499655817,0.0014335513013408053,0.0040991777157617605,0.0001702620679453833,0.007316711536596588,0.005702400547112573,0.0007401461503846606,0.0008244078603456667,0.001503134008956064,0.008921169618566108,0.004310788572224286,0.0020772647645140104,0.00309343337851377,0.005086221542005241,0.005392425296646821,-0.0020803305536166244,-0.0025413481513969385,0.007388838164393613,-0.00028920751381290226,0.0029964802446755673,0.006068384455246856,0.0062512843136689365,-0.0025792832954572536,0.0031582151335144545,-0.00204570442164654,-0.004608852590101848,-0.004793465559162639,-0.003645926411788491,-0.005663228720973854,-0.005355294555414213,-0.007414700698938798,-0.0052585336953443786,-0.007624150591438314,-0.005866228766105724,-0.006536713037840555,-0.004499723938536885,-0.004740332581387394,-0.007096752933257807,-0.0032284708087256405,-0.004535146421334581,-0.0037714881746046154,-0.0022966848095483166,-0.0005627125199697067,-0.0011776985027438203,-0.0012376886670747071,0.0003976682875774235,-0.0014584173230092938,-0.00269917311800955,0.0016919650355246467,0.00101952879205045,-0.004571002853056801,-0.0027892178530265757,-0.0005823625626373304,-0.001782843218002902,-0.0018022083927516708,0.0031417479691984804,-0.005214794134846227,0.001510970053350175,-0.001329027377971131,0.0019382923790441677,-0.003170479779795039,-0.0010042096200585842,-0.0008799165134639693,-0.0037337357293599064,-0.0005895835466613375,0.0014163151372702102,0.0026715302238364737,0.0010562534842643817,0.0006182319788591567,0.001454689856862333,0.0005902824045044908,-0.0041125384757976224,0.0008647272166642101,-0.00029583788203917794,-0.00334406014965821,-0.001580468086201209,7.4095042240682e-05,-0.0037106682502967294,9.831857746852106e-05,0.0016735914168477797,-0.006208103123095467,0.00046950267515004856,0.0023688596158350744,-0.0009297056838231858,0.006289590501642803,0.0016545640085958405,0.0031635963896933504,0.0017052445967830003,-0.003039407752939186,0.001679469198201198,0.003358419097171646,-0.0002151102641037878,0.0026603862962905583,0.0014850664838646417,-0.0008622458437795285,0.005350624846596909,0.004221992467005445,0.006254344138902039,-0.00011926418944807389,0.001486526906351591,0.007263958859965521,0.0007951826327326153,-7.512503098750297e-05,0.006188935268603527,0.002001258915186625,-7.342617718424006e-05,-0.0019331268047326293,-0.002786494288941893,-0.002372074971123678,-0.0024874003242568578,0.004058658660169243,-0.0024014211952536183,0.0015235431509007717,0.003076237507281238,0.004568572558898739,-0.0024087023426412136,-0.0013471640545203887,-0.0015293152399528185,0.007350958090799429,-0.0011814522541831551,-0.002179801015051585,-0.0021636865741694582,-0.0023348777960959075,-0.0025014453381504574,0.0019340391053322041,0.0015701702960549207,-0.0019421512709574228,-0.0014591777924430488,0.003255566868238999,-0.002357265978879908,-0.0028854513898443736,-0.002466184168974651,-0.001859363404788541,0.0039264236199345656,-0.002408702342641211,-0.002012898818020932,-0.0026311697107674666,-0.001772733474154066,-0.0024231995477352153,-0.0022508984525323153,0.0017305619916389496,-0.0014710988593972447,0.0031774877696617004,1.0,-0.0019057984034635653
rare_symptom_renal_cysts_rare,0.00197144853813674,0.0020892127512869884,0.003579609652590559,-0.002057814090115016,-0.005242982059602026,-0.0029327457567446796,0.0004391539431317052,0.001974654378267228,0.0020881401499220054,-0.00042192759165520096,0.0033777353902971134,0.0051548838673369495,0.0018381631478052956,0.006065903484709299,-0.003615224147690085,-0.00037451879702831835,0.005263252729672798,0.005343911095231911,0.004247390752938127,0.0019079619254872718,0.001105892931222913,0.00010519728865776914,-0.001577346390430253,0.008557056663855237,0.0011461415217776994,0.0018977681254202107,0.0027158012684528284,0.0026000342992822194,0.003575171914539836,0.0044802228529625945,0.0027514375054038297,0.004218694792862388,0.0030787029172588323,-0.002018767528320568,0.004101820295840545,-0.00465904641618898,0.003985511912958036,0.0023301892791292717,0.0038914221318285713,0.0030953250359746767,0.0014594731438600588,-0.0020830769504506155,0.003222743442611989,0.0038890143700317406,-0.0002842313479360513,-0.0019166081468378747,-0.0002552827949943731,0.0014525571584892898,0.0012848671891790586,0.0005144580488786853,-0.003672485942843898,0.0032227434426119815,0.0022529043481287346,0.007239666422672092,0.0078049895338630606,0.007293964225417272,0.0064882813402343835,0.0029456806534517233,0.0040055857067021776,0.005810919051066149,0.0057281684295913265,0.003992982972139202,0.006515736701458477,0.003962073595983142,0.005435851428952804,0.0023998451864963104,0.0056080425443066515,0.003088391650133266,0.007046293155814883,0.005566945580080066,0.004584010961474064,0.0006015198904433825,-0.0010428970670728372,0.001310451532581879,-0.0002887998616912788,-5.943012584287017e-05,-0.003358944298328278,0.0014453986052905153,0.0005605877394085284,0.0012712460188509169,0.0029718485527862057,0.0037839300039712123,0.0021095992554295414,0.004489404043383011,-0.0026759395466363187,0.000402605609012545,-0.005064581128660816,0.002043124431158986,-0.0019493268918205453,0.0030951144032091422,0.004796952810915067,0.008331614912300464,0.006686575605045537,0.008948543125047562,0.008284558467288079,0.005764038573640469,-0.0005487713991466884,0.0038349027089408377,0.005735292570155011,0.003814491803136782,0.003807292034160449,0.00601293597970146,-0.002589170115575925,0.000525984780873413,-0.0006171726570424678,0.003510482418336737,0.002192266377504933,0.0035286209096931148,-0.001634396366783228,-0.0015666819684328121,0.0023357230991570012,0.0051789198214385245,0.0013149551576707276,-0.001654903695365464,0.002232375970976422,-0.0022742354607370994,-0.0023207867504234,-0.004280493527353735,-0.002336683253539639,-0.0001309760113806507,0.0018203188402992156,-0.0021597697888944933,0.0020421882698333236,-0.004218282428684579,-0.001197581502798353,0.00513403633937627,-0.00010656906343836939,-0.0038385073981396373,-0.002705407318018246,0.005121064679165403,-0.004547861097900029,-0.002917284354423785,-0.001042652601502676,-0.0009742579092809877,-0.0002353806960035893,-0.0013221451745917877,-0.0019057984034635573,-0.0016223599347766752,0.005682245538851754,-0.001406105953731734,0.006004253103656167,0.00444924018616142,-0.0015917827108377677,-0.001322145174591778,-0.0016474109052517576,0.01269011612682546,-0.0010459617858399992,-0.0017393441169021146,-0.0008080439384807355,-0.0014908558437890058,-0.0014798345128543369,0.006266805655039769,-0.0017108416660738437,-0.0018534352324927814,-0.001948371290484289,-0.0013283173793551789,-0.0009979918919063916,-0.0015553557163818928,0.006177100628997248,-0.0019734792473324104,-0.001686725097744124,-0.0012716953421965348,-0.001429194240198876,-0.001647410905251735,-0.001376704545543765,-0.0017995655163989591,-0.0012124455586421284,0.0059209190578094605,-0.0015394823144689533,-0.001905798403463551,-0.0010061452014104293,0.006421538228266178,-0.0019057984034635653,1.0
