disease,symptom_cough,symptom_dry_cough,symptom_productive_cough,symptom_shortness_of_breath,symptom_wheezing,symptom_chest_tightness,symptom_sore_throat,symptom_runny_nose,symptom_nasal_congestion,symptom_sinus_pain,symptom_loss_of_smell,symptom_loss_of_taste,symptom_pleuritic_chest_pain,symptom_hemoptysis,symptom_exercise_dyspnea,symptom_orthopnea,symptom_chest_pain,symptom_exertional_chest_pain,symptom_palpitations,symptom_orthopnea_symptom,symptom_paroxysmal_nocturnal_dyspnea,symptom_leg_swelling,symptom_exercise_intolerance,symptom_syncope,symptom_fatigue_on_exertion,symptom_resting_tachycardia,symptom_bradycardia,symptom_clammy_skin,symptom_cyanosis,symptom_peripheral_edema,symptom_claudication,symptom_headache,symptom_migraine_symptom,symptom_dizziness,symptom_vertigo,symptom_seizures_symptom,symptom_focal_weakness,symptom_numbness,symptom_tingling,symptom_vision_blur,symptom_double_vision,symptom_speech_difficulty,symptom_confusion_symptom,symptom_memory_loss_symptom,symptom_tremor_symptom,symptom_gait_instability_symptom,symptom_ataxia_symptom,symptom_paresthesia,symptom_facial_droop,symptom_photophobia,symptom_phonophobia,symptom_muscle_weakness,symptom_spasticity,symptom_nausea,symptom_vomiting,symptom_diarrhea,symptom_constipation,symptom_abdominal_pain,symptom_abdominal_bloating,symptom_heartburn,symptom_loss_of_appetite,symptom_gi_bleeding,symptom_dark_stools,symptom_jaundice_symptom,symptom_dysphagia,symptom_early_satiety,symptom_hematemesis,symptom_melena,symptom_weight_loss_unintentional,symptom_weight_gain_symptom,symptom_bitter_regurgitation,symptom_fatigue,symptom_fever,symptom_chills,symptom_night_sweats,symptom_unintentional_weight_loss,symptom_polyuria,symptom_polydipsia,symptom_polyphagia,symptom_heat_intolerance_symptom,symptom_cold_intolerance_symptom,symptom_hair_loss_symptom,symptom_muscle_cramps_symptom,symptom_joint_pain_symptom,symptom_myalgia,symptom_arthralgia,symptom_photosensitivity_symptom,symptom_facial_puffiness,symptom_cold_extremities,symptom_hot_flashes,symptom_low_back_pain,symptom_neck_pain,symptom_joint_swelling,symptom_morning_stiffness,symptom_reduced_range_of_motion,symptom_muscle_weakness_msk,symptom_bone_pain,symptom_limp,symptom_spine_rigidity,symptom_tendon_tenderness,symptom_enthesitis,symptom_rash_maculopapular,symptom_rash_psoriasiform,symptom_urticaria,symptom_ecchymosis,symptom_petechiae,symptom_alopecia_patchy,symptom_hyperpigmentation,symptom_hypopigmentation,symptom_photosensitive_rash_derm,symptom_livedo_reticularis,symptom_digital_ulcers,symptom_skin_thickening,symptom_telangiectasia,symptom_pruritus,symptom_easy_bruising,symptom_frequent_nosebleeds,symptom_prolonged_bleeding,symptom_fatigue_anemia,symptom_shortness_of_breath_on_exertion,symptom_pallor,symptom_recurrent_infections,symptom_night_sweats_heme,symptom_lymph_node_swelling,symptom_splenomegaly_symptom,symptom_low_mood,symptom_anhedonia,symptom_insomnia,symptom_hypersomnia,symptom_anxiety_symptom,symptom_panic_attacks,symptom_obsessions,symptom_compulsions,symptom_social_withdrawal,symptom_suicidal_ideation,rare_symptom_digital_clubbing,rare_symptom_butterfly_rash,rare_symptom_malar_rash,rare_symptom_raynaud_phenomenon,rare_symptom_erythema_nodosum,rare_symptom_oral_ulcers,rare_symptom_hematuria,rare_symptom_proteinuria,rare_symptom_bloody_sputum_rare,rare_symptom_neuropathic_pain_rare,rare_symptom_foot_drop_rare,rare_symptom_optic_neuritis_rare,rare_symptom_spastic_paraparesis_rare,rare_symptom_bronchiectasis_rare,rare_symptom_steatorrhea_rare,rare_symptom_massive_splenomegaly_rare,rare_symptom_portal_hypertension_signs_rare,rare_symptom_hemolytic_anemia_rare,rare_symptom_pancytopenia_rare,rare_symptom_bone_fractures_pathologic_rare,rare_symptom_bone_marrow_failure_rare,rare_symptom_hepatosplenomegaly_rare,rare_symptom_arrhythmia_persistent_rare,rare_symptom_cardiomyopathy_rare,rare_symptom_dysautonomia_rare,rare_symptom_skin_calcifications_rare,rare_symptom_angiokeratomas_rare,rare_symptom_kyphoscoliosis_rare,rare_symptom_lens_dislocation_rare,rare_symptom_tall_stature_rare,rare_symptom_hyperextensible_skin_rare,rare_symptom_joint_hypermobility_rare,rare_symptom_macroglossia_rare,rare_symptom_hearing_loss_early_onset_rare,rare_symptom_developmental_delay_rare,rare_symptom_proximal_muscle_weakness_rare,rare_symptom_bulbar_symptoms_rare,rare_symptom_respiratory_failure_rare,rare_symptom_renal_cysts_rare
Acute_Gastroenteritis,0.0,0.0,0.0,0.0,0.0,0.0,0.0,0.0,0.0,0.0,0.3333333333333333,0.0,0.0,0.0,0.3333333333333333,0.0,0.0,0.0,0.3333333333333333,0.0,0.3333333333333333,0.0,0.3333333333333333,0.0,0.0,0.3333333333333333,0.0,0.0,0.0,0.3333333333333333,0.0,0.3333333333333333,0.3333333333333333,0.3333333333333333,0.3333333333333333,0.3333333333333333,0.3333333333333333,0.3333333333333333,0.3333333333333333,0.3333333333333333,0.3333333333333333,0.0,0.6666666666666666,0.6666666666666666,0.3333333333333333,0.0,0.3333333333333333,0.0,0.0,0.3333333333333333,0.0,0.3333333333333333,0.6666666666666666,0.0,0.0,0.0,0.3333333333333333,0.3333333333333333,1.0,0.0,0.3333333333333333,0.3333333333333333,0.0,0.0,0.3333333333333333,0.0,0.0,0.0,0.6666666666666666,0.0,0.0,0.3333333333333333,0.0,0.3333333333333333,0.0,0.0,0.3333333333333333,0.3333333333333333,0.3333333333333333,0.0,0.6666666666666666,0.3333333333333333,0.0,0.0,0.0,0.0,0.0,0.0,0.3333333333333333,0.0,1.0,1.0,0.6666666666666666,0.0,0.3333333333333333,0.6666666666666666,1.0,1.0,0.6666666666666666,0.6666666666666666,0.6666666666666666,0.3333333333333333,0.3333333333333333,0.3333333333333333,0.0,0.3333333333333333,0.3333333333333333,0.3333333333333333,0.6666666666666666,0.3333333333333333,0.6666666666666666,0.6666666666666666,0.0,0.3333333333333333,0.3333333333333333,0.0,0.3333333333333333,0.6666666666666666,0.3333333333333333,0.3333333333333333,0.3333333333333333,0.0,0.3333333333333333,0.3333333333333333,0.3333333333333333,0.6666666666666666,0.3333333333333333,0.3333333333333333,0.0,0.6666666666666666,0.6666666666666666,0.6666666666666666,0.6666666666666666,0.3333333333333333,0.3333333333333333,0.0,0.0,0.0,0.0,0.0,0.0,0.0,0.0,0.0,0.3333333333333333,0.0,0.0,0.0,0.0,0.0,0.0,0.0,0.0,0.0,0.0,0.0,0.0,0.0,0.0,0.0,0.0,0.0,0.0,0.0,0.0,0.0,0.0,0.0,0.0,0.0,0.0,0.0,0.0,0.0
Amyotrophic_Lateral_Sclerosis,0.16,0.2,0.18,0.18,0.14,0.16,0.18,0.18,0.16,0.18,0.18,0.26,0.12,0.12,0.2,0.28,0.18,0.14,0.12,0.18,0.08,0.18,0.16,0.22,0.18,0.18,0.16,0.12,0.14,0.28,0.08,0.14,0.24,0.26,0.16,0.14,0.26,0.16,0.2,0.22,0.1,0.22,0.26,0.26,0.28,0.16,0.24,0.24,0.28,0.22,0.18,0.24,0.18,0.06,0.0,0.06,0.1,0.1,0.12,0.1,0.08,0.1,0.1,0.12,0.04,0.18,0.06,0.12,0.06,0.02,0.14,0.34,0.36,0.34,0.32,0.32,0.32,0.26,0.32,0.32,0.38,0.3,0.3,0.34,0.3,0.36,0.28,0.28,0.46,0.3,0.14,0.14,0.16,0.14,0.16,0.18,0.18,0.16,0.16,0.16,0.16,0.1,0.06,0.1,0.04,0.12,0.08,0.04,0.08,0.04,0.18,0.14,0.06,0.12,0.04,0.16,0.1,0.1,0.14,0.22,0.08,0.18,0.08,0.1,0.12,0.32,0.28,0.16,0.32,0.2,0.24,0.2,0.22,0.16,0.1,0.0,0.0,0.0,0.0,0.0,0.02,0.0,0.0,0.0,0.0,0.0,0.0,0.0,0.0,0.0,0.0,0.0,0.0,0.0,0.0,0.0,0.0,0.0,0.0,0.02,0.0,0.0,0.0,0.02,0.0,0.0,0.0,0.0,0.0,0.0,0.0,0.3,0.72,0.02
Asthma,0.2319323784926039,0.2113641699929561,0.23052359708851844,0.1952101432261094,0.20061047194177037,0.2174219300305236,0.22996008452688424,0.2522188307114346,0.22883305940361587,0.19380136182202395,0.1986851373561869,0.21460436722235265,0.20770133834233387,0.2190185489551538,0.21164592627377318,0.20281756280817093,0.2550833528997417,0.26419347264616105,0.2496360648039446,0.21145808875322847,0.24940126790326367,0.23986851373561868,0.22681380605776003,0.23653439774594975,0.26334820380370977,0.23052359708851844,0.20502465367457148,0.23883540737262268,0.2406198638177976,0.24179384832120215,0.26250293496125854,0.36022540502465367,0.30119746419347265,0.300258276590749,0.300258276590749,0.30706738671049544,0.3312514674806293,0.3566095327541676,0.2937778821319559,0.30011739845034047,0.31462784691242074,0.3339751115285278,0.2837285747828129,0.31796196290208967,0.2833528997417234,0.3110589340220709,0.3045315801831416,0.301291382953745,0.3216717539328481,0.3354308523127495,0.3218595914533928,0.31354778116928855,0.3438365813571261,0.32740079830946234,0.3266964076074196,0.3266964076074196,0.3335524771073022,0.2994130077482977,0.32632073256633015,0.2930734914299131,0.28466776238553654,0.3070204273303592,0.3300774829772247,0.3084292087344447,0.3540267668466776,0.27954918995069267,0.3112937309227518,0.34552711904202865,0.2975815919229866,0.34172340925099787,0.3145808875322846,0.2823667527588636,0.2810049307349143,0.2988964545667997,0.265977929091336,0.2511857243484386,0.2651796196290209,0.26250293496125854,0.2487907959614933,0.28109884949518665,0.2764029114815684,0.28617046254989437,0.30119746419347265,0.2837285747828129,0.31969945996712845,0.2722704860295844,0.2635830007043907,0.27194177036863115,0.3037332707208265,0.25503639351960555,0.28917586287861,0.2792204742897394,0.263395163183846,0.32571026062455977,0.30171401737497067,0.30875792439539795,0.23705095092744777,0.26949988260154967,0.29222822258746184,0.2655083352899742,0.28635830007043905,0.11622446583705096,0.12223526649448227,0.13087579243953978,0.11335994364874384,0.1287626203334116,0.14421225639821555,0.1293261328950458,0.13890584644282694,0.13425686780934493,0.1474524536276121,0.13627612115520074,0.13829537450105658,0.11904202864522188,0.1321436957032167,0.15135008217891524,0.16999295609297957,0.13843625264146514,0.17271660014087814,0.15820615167879784,0.18605306409955388,0.16510918055881663,0.1438365813571261,0.15712608593566565,0.1480629255693825,0.1285278234327307,0.16158722704860295,0.1770838224935431,0.17036863113406903,0.17774125381544964,0.14548015966189246,0.14623150974407137,0.1696172810518901,0.14609063160366284,0.1720591688189716,0.00032871566095327544,0.002301009626672928,0.0024418877670814745,0.002723644047898568,0.0013148626438131018,0.0015496595444940127,0.0029584409485794785,0.0019722939657196526,0.0013148626438131018,0.0014557407842216482,0.0005635125616341864,0.00046959380136182204,0.0017374970650387415,4.6959380136182205e-05,0.0013148626438131018,0.0019722939657196526,0.0015966189246301948,0.0017374970650387415,0.003662831650622212,0.0030523597088518433,0.0012679032636769194,0.0007983094623150974,0.002019253345855835,0.0023949283869452924,0.0038506691711669406,0.0007983094623150974,0.001831415825311106,0.0016905376849025593,0.002535806527353839,0.0010800657431321906,0.0015496595444940127,0.0017374970650387415,0.002301009626672928,0.00277060342803475,0.0030993190889880254,0.0009861469828598263,0.0015496595444940127,0.0031462784691242075,0.0008922282225874618
COPD,0.21553398058252426,0.2121359223300971,0.23640776699029126,0.24660194174757283,0.2941747572815534,0.23980582524271846,0.24757281553398058,0.1883495145631068,0.20970873786407768,0.22718446601941747,0.2611650485436893,0.20533980582524272,0.2587378640776699,0.19611650485436893,0.17475728155339806,0.22330097087378642,0.20485436893203884,0.2354368932038835,0.2004854368932039,0.2087378640776699,0.20776699029126214,0.23155339805825242,0.2912621359223301,0.20339805825242718,0.20242718446601943,0.1786407766990291,0.21941747572815534,0.2446601941747573,0.24320388349514563,0.21941747572815534,0.2262135922330097,0.13203883495145632,0.16747572815533981,0.09563106796116505,0.11359223300970873,0.0912621359223301,0.15194174757281553,0.11941747572815534,0.12864077669902912,0.10339805825242719,0.13058252427184466,0.11165048543689321,0.15485436893203883,0.11213592233009709,0.19271844660194173,0.15679611650485437,0.11067961165048544,0.10242718446601942,0.1436893203883495,0.09223300970873786,0.11310679611650486,0.10776699029126213,0.12087378640776698,0.06165048543689321,0.10388349514563107,0.09077669902912622,0.06941747572815533,0.08300970873786408,0.06359223300970873,0.09902912621359224,0.06553398058252427,0.062135922330097085,0.032524271844660196,0.08009708737864078,0.07135922330097087,0.09514563106796116,0.11553398058252427,0.08349514563106795,0.08640776699029126,0.13203883495145632,0.06941747572815533,0.2538834951456311,0.21844660194174756,0.23058252427184467,0.2820388349514563,0.2849514563106796,0.23155339805825242,0.21844660194174756,0.40679611650485437,0.2087378640776699,0.21019417475728155,0.19854368932038835,0.1859223300970874,0.2320388349514563,0.2616504854368932,0.18932038834951456,0.16213592233009708,0.22961165048543689,0.2320388349514563,0.26601941747572816,0.10825242718446602,0.13640776699029125,0.1553398058252427,0.08883495145631068,0.11747572815533981,0.10242718446601942,0.11359223300970873,0.11310679611650486,0.14466019417475728,0.09466019417475728,0.1087378640776699,0.20242718446601943,0.1825242718446602,0.17718446601941748,0.1436893203883495,0.18349514563106797,0.1825242718446602,0.27864077669902915,0.15776699029126215,0.13737864077669903,0.21941747572815534,0.23689320388349513,0.1970873786407767,0.229126213592233,0.21844660194174756,0.11844660194174757,0.14757281553398058,0.12233009708737864,0.09514563106796116,0.07718446601941747,0.10194174757281553,0.16747572815533981,0.09805825242718447,0.10339805825242719,0.10776699029126213,0.3155339805825243,0.29514563106796116,0.4854368932038835,0.32281553398058255,0.28689320388349515,0.3339805825242718,0.3179611650485437,0.3,0.28689320388349515,0.3718446601941748,0.0,0.000970873786407767,0.000970873786407767,0.0033980582524271844,0.0004854368932038835,0.0014563106796116505,0.003883495145631068,0.0033980582524271844,0.000970873786407767,0.0033980582524271844,0.0014563106796116505,0.001941747572815534,0.002912621359223301,0.0004854368932038835,0.001941747572815534,0.000970873786407767,0.0004854368932038835,0.003883495145631068,0.0014563106796116505,0.0014563106796116505,0.0014563106796116505,0.0,0.0014563106796116505,0.0014563106796116505,0.0024271844660194173,0.0014563106796116505,0.000970873786407767,0.000970873786407767,0.0033980582524271844,0.0014563106796116505,0.001941747572815534,0.000970873786407767,0.0033980582524271844,0.005825242718446602,0.002912621359223301,0.0,0.0004854368932038835,0.005339805825242718,0.0004854368932038835
COVID19,0.3694048204623709,0.25922282341367436,0.2292179045745204,0.21249385145105756,0.2159370388588293,0.23315297589768816,0.2538121003443187,0.23856369896704377,0.2188883423512051,0.23266109198229218,0.24299065420560748,0.25184456468273486,0.2233152975897688,0.3320216428922774,0.23266109198229218,0.23807181505164782,0.13625184456468273,0.12887358583374323,0.17117560255779635,0.1721593703885883,0.1455976389572061,0.13625184456468273,0.17904574520413183,0.17707820954254797,0.1883915395966552,0.2956222331529759,0.1721593703885883,0.17757009345794392,0.21003443187407772,0.2321692080668962,0.1411706837186424,0.11067388096409247,0.08903098868666995,0.07968519429414658,0.08165272995573045,0.028037383177570093,0.09690113133300542,0.06542056074766354,0.08804722085587802,0.06246925725528775,0.05558288243974422,0.06099360550909985,0.08853910477127398,0.08558780127889817,0.09394982784062961,0.07525823905558288,0.08263649778652238,0.05017215937038859,0.10083620265617314,0.09493359567142154,0.056074766355140186,0.07230693556320708,0.05263157894736842,0.2892277422528283,0.25922282341367436,0.28627643876045256,0.2597147073290703,0.2661091982292179,0.2597147073290703,0.26414166256763405,0.2410231185440236,0.35071323167732416,0.27889818002951305,0.2970978848991638,0.24594195769798327,0.37579931136251843,0.4131824889326119,0.23807181505164782,0.31382193802262665,0.27151992129857355,0.25528775209050664,0.14904082636497787,0.2365961633054599,0.1426463354648303,0.19478603049680276,0.14904082636497787,0.1721593703885883,0.1603541564190851,0.23856369896704377,0.19183472700442694,0.19429414658140678,0.16428922774225282,0.17560255779636005,0.22725036891293654,0.18347270044269554,0.1957697983275947,0.16379734382685687,0.20954254795868174,0.15937038858829317,0.18298081652729956,0.15937038858829317,0.14313821938022628,0.14510575504181014,0.14510575504181014,0.1805213969503197,0.15395966551893753,0.21741269060501722,0.1736350221347762,0.1633054599114609,0.14166256763403837,0.20265617314313822,0.23462862764387604,0.15100836202656173,0.12690605017215936,0.11854402361042794,0.1455976389572061,0.22036399409739302,0.12887358583374323,0.16379734382685687,0.19675356615838663,0.15543531726512544,0.12297097884899164,0.15838662075750123,0.1396950319724545,0.205607476635514,0.22036399409739302,0.18150516478111164,0.14461387112641416,0.17904574520413183,0.17461878996556812,0.1839645843580915,0.15395966551893753,0.20609936055091,0.15150024594195768,0.25528775209050664,0.1982292179045745,0.19380226266601083,0.22528283325135268,0.15641908509591737,0.3708804722085588,0.18691588785046728,0.2267584849975406,0.13920314805705852,0.1824889326119036,0.18002951303492376,0.0,0.002459419576979833,0.002951303492375799,0.001967535661583866,0.0,0.000983767830791933,0.004918839153959666,0.0014756517461878996,0.0004918839153959665,0.0014756517461878996,0.002951303492375799,0.0004918839153959665,0.0014756517461878996,0.0,0.001967535661583866,0.001967535661583866,0.003935071323167732,0.0014756517461878996,0.0014756517461878996,0.002459419576979833,0.0014756517461878996,0.0004918839153959665,0.002951303492375799,0.005902606984751598,0.0054107230693556324,0.002459419576979833,0.0,0.0004918839153959665,0.0014756517461878996,0.001967535661583866,0.002951303492375799,0.000983767830791933,0.001967535661583866,0.001967535661583866,0.003935071323167732,0.0004918839153959665,0.0,0.000983767830791933,0.002459419576979833
Chronic_Kidney_Disease,0.34448227518525937,0.3108351692369317,0.3052273182455438,0.41337873022231125,0.4720608852393351,0.3983577007810935,0.3575005007009814,0.2962147005808131,0.33987582615661927,0.39875826156619265,0.3581013418786301,0.3136390947326257,0.3717204085720008,0.41658321650310437,0.4462247146004406,0.349289004606449,0.2068896455037052,0.2729821750450631,0.23392749849789707,0.18365711996795514,0.22591628279591427,0.24654516322851994,0.2303224514320048,0.2008812337272181,0.24834768676146604,0.1996795513719207,0.3482876026437012,0.28159423192469457,0.26477067895053075,0.18866412978169436,0.24754656519126778,0.10334468255557781,0.12317244141798518,0.09973963548968556,0.09873823352693771,0.10634888844382134,0.10134187863008212,0.11736431003404767,0.11135589825756058,0.1099539355097136,0.13258561986781495,0.1714400160224314,0.11115561786501102,0.0799118766272782,0.1367915081113559,0.11836571199679552,0.11536150610855198,0.15681954736631284,0.126977768876427,0.08071299819747647,0.13118365711996796,0.10875225315441618,0.08932505507710795,0.21409973963548967,0.19787702783897457,0.21430002002803925,0.3244542359303024,0.26857600640897256,0.24414179851792508,0.20128179451231723,0.22331263769276988,0.2291207690767074,0.23132385339475264,0.21970759062687764,0.22351291808531945,0.2375325455637893,0.18025235329461245,0.2112958141397957,0.24754656519126778,0.20708992589625475,0.23392749849789707,0.16983777288203486,0.20849188864410173,0.1624273983577008,0.18926497095934308,0.18305627879030642,0.2022831964750651,0.22892048868415782,0.17704786701381936,0.2435409573402764,0.2643701181654316,0.22130983376727417,0.2389345083116363,0.2199078710194272,0.16663328660124174,0.21029441217704786,0.19947927097937113,0.3240536751452033,0.1486080512717805,0.19146805527738833,0.18485880232325255,0.1912677748848388,0.20428600040056077,0.20108151411976768,0.2990186260765071,0.1766473062287202,0.2086921690366513,0.2219106749449229,0.2132986180652914,0.2283196475065091,0.2028840376527138,0.1007410374524334,0.08752253154416183,0.10274384137792911,0.07230122171039455,0.10614860805127178,0.1151612257160024,0.06388944522331264,0.08632084918886442,0.07951131584217905,0.11155617865011015,0.10654916883637092,0.0759062687762868,0.1243741237732826,0.08812337272181053,0.07550570799118766,0.11035449629481274,0.09673542960144202,0.14219907871019427,0.06469056679351091,0.0975365511716403,0.09012617664730622,0.15361506108551973,0.10194271980773083,0.12157019827758862,0.13999599439214902,0.15962347286200682,0.10174243941518125,0.1458041257760865,0.10875225315441618,0.12136991788503905,0.10054075705988384,0.1432004806729421,0.10915281393951533,0.09993991588223512,0.0002002803925495694,0.0036050470658922492,0.0018025235329461246,0.0014019627478469858,0.0022030843180452634,0.002002803925495694,0.002403364710594833,0.0026036451031444022,0.0008011215701982776,0.0026036451031444022,0.0004005607850991388,0.0018025235329461246,0.0016022431403965552,0.0,0.0022030843180452634,0.0022030843180452634,0.0018025235329461246,0.0026036451031444022,0.0012016823552974164,0.0012016823552974164,0.0006008411776487082,0.0004005607850991388,0.0014019627478469858,0.0014019627478469858,0.0022030843180452634,0.0016022431403965552,0.0018025235329461246,0.0016022431403965552,0.0018025235329461246,0.0032044862807931104,0.004406168636090527,0.001001401962747847,0.004406168636090527,0.0016022431403965552,0.0018025235329461246,0.0002002803925495694,0.0012016823552974164,0.0008011215701982776,0.0004005607850991388
Chronic_Liver_Disease,0.6,0.8,1.0,0.4,0.4,0.6,0.8,0.8,0.4,0.4,0.8,0.6,0.6,0.6,0.8,1.0,0.2,0.2,0.2,0.4,0.6,0.2,0.8,0.2,0.4,0.4,0.2,0.6,0.4,0.6,0.4,0.0,0.0,0.0,0.0,0.0,0.0,0.2,0.2,0.0,0.2,0.4,0.0,0.0,0.4,0.0,0.0,0.0,0.4,1.0,0.0,0.0,0.0,0.2,0.0,0.0,0.0,0.2,0.0,0.0,0.2,0.0,0.2,0.0,0.0,0.2,0.0,0.0,0.0,0.0,0.0,0.0,0.0,0.2,0.2,0.0,0.2,0.2,0.2,0.0,0.2,0.2,0.2,0.2,0.0,0.4,1.0,0.2,0.2,0.2,0.2,0.2,0.2,0.0,0.2,0.2,0.2,0.4,0.4,0.4,0.2,0.0,0.2,0.4,0.0,0.2,0.2,0.0,0.6,0.2,0.0,0.2,0.2,0.0,0.2,0.0,0.0,0.0,0.0,0.0,0.0,0.0,0.0,0.0,0.0,0.4,0.6,0.8,0.4,0.6,0.8,0.6,0.4,0.2,0.8,0.0,0.0,0.0,0.0,0.0,0.0,0.0,0.0,0.0,0.0,0.0,0.0,0.0,0.0,0.0,0.0,0.0,0.0,0.0,0.0,0.0,0.0,0.0,0.0,0.0,0.0,0.0,0.0,0.0,0.0,0.0,0.0,0.0,0.0,0.0,0.0,0.0,0.0,0.0
Cirrhosis,0.6666666666666666,0.7777777777777778,0.7222222222222222,0.8333333333333334,0.6111111111111112,0.5,0.7222222222222222,0.4444444444444444,0.6666666666666666,0.7222222222222222,0.8333333333333334,0.6666666666666666,0.6666666666666666,0.7222222222222222,0.7222222222222222,0.5555555555555556,0.2777777777777778,0.16666666666666666,0.1111111111111111,0.2222222222222222,0.2222222222222222,0.3888888888888889,0.2777777777777778,0.1111111111111111,0.2777777777777778,0.5555555555555556,0.16666666666666666,0.4444444444444444,0.16666666666666666,0.2777777777777778,0.2777777777777778,0.05555555555555555,0.05555555555555555,0.05555555555555555,0.16666666666666666,0.0,0.05555555555555555,0.2222222222222222,0.05555555555555555,0.16666666666666666,0.05555555555555555,0.16666666666666666,0.1111111111111111,0.16666666666666666,0.1111111111111111,0.05555555555555555,0.05555555555555555,0.16666666666666666,0.05555555555555555,0.1111111111111111,0.0,0.1111111111111111,0.05555555555555555,0.1111111111111111,0.1111111111111111,0.1111111111111111,0.0,0.05555555555555555,0.0,0.05555555555555555,0.1111111111111111,0.16666666666666666,0.0,0.0,0.0,0.05555555555555555,0.16666666666666666,0.05555555555555555,0.1111111111111111,0.1111111111111111,0.05555555555555555,0.5555555555555556,0.5,0.4444444444444444,0.6111111111111112,0.7222222222222222,0.3888888888888889,0.6111111111111112,0.2222222222222222,0.3333333333333333,0.6666666666666666,0.7222222222222222,0.5555555555555556,0.4444444444444444,0.6111111111111112,0.7222222222222222,0.6666666666666666,0.2777777777777778,0.3888888888888889,0.5555555555555556,0.3333333333333333,0.3888888888888889,0.3888888888888889,0.4444444444444444,0.2777777777777778,0.4444444444444444,0.3888888888888889,0.6111111111111112,0.3888888888888889,0.3333333333333333,0.2222222222222222,0.5,0.3888888888888889,0.4444444444444444,0.5555555555555556,0.3888888888888889,0.4444444444444444,0.4444444444444444,0.4444444444444444,0.5,0.3333333333333333,0.5555555555555556,0.3888888888888889,0.6111111111111112,0.4444444444444444,0.1111111111111111,0.05555555555555555,0.05555555555555555,0.0,0.0,0.05555555555555555,0.0,0.05555555555555555,0.05555555555555555,0.0,0.5,0.5,0.2777777777777778,0.16666666666666666,0.3888888888888889,0.4444444444444444,0.3888888888888889,0.3333333333333333,0.4444444444444444,0.5555555555555556,0.0,0.0,0.0,0.0,0.0,0.0,0.0,0.0,0.0,0.0,0.0,0.0,0.0,0.0,0.0,0.0,0.0,0.0,0.0,0.05555555555555555,0.0,0.0,0.0,0.05555555555555555,0.0,0.0,0.0,0.0,0.0,0.0,0.0,0.0,0.0,0.0,0.0,0.05555555555555555,0.0,0.0,0.0
Common_Cold,0.3926654740608229,0.39847942754919496,0.5241502683363148,0.3631484794275492,0.3761180679785331,0.38416815742397137,0.4293381037567084,0.43738819320214667,0.3886404293381038,0.2956171735241503,0.3689624329159213,0.3761180679785331,0.4364937388193202,0.33944543828264756,0.3694096601073345,0.39937388193202145,0.12656529516994633,0.12164579606440072,0.1252236135957066,0.17307692307692307,0.11225402504472272,0.11001788908765653,0.148479427549195,0.21064400715563505,0.19141323792486584,0.13640429338103757,0.12432915921288014,0.12432915921288014,0.15295169946332737,0.16994633273703041,0.11001788908765653,0.17665474060822897,0.24150268336314848,0.21198568872987478,0.24239713774597496,0.19007155635062611,0.23568872987477638,0.21645796064400716,0.17486583184257604,0.2204830053667263,0.23255813953488372,0.2562611806797853,0.19275491949910556,0.25894454382826476,0.21511627906976744,0.15608228980322003,0.35196779964221825,0.19007155635062611,0.1771019677996422,0.19230769230769232,0.26565295169946335,0.16905187835420393,0.24955277280858676,0.046958855098389984,0.06663685152057246,0.07155635062611806,0.12075134168157424,0.09928443649373882,0.07737030411449015,0.06976744186046512,0.07334525939177101,0.11583184257602862,0.10688729874776387,0.09660107334525939,0.1001788908765653,0.10107334525939177,0.08005366726296959,0.06708407871198568,0.08765652951699464,0.08273703041144902,0.0755813953488372,0.11091234347048301,0.19141323792486584,0.1050983899821109,0.12924865831842575,0.1274597495527728,0.1001788908765653,0.1413237924865832,0.15742397137745975,0.11806797853309481,0.14982110912343471,0.10778175313059034,0.11449016100178891,0.1073345259391771,0.14579606440071557,0.10957066189624329,0.08139534883720931,0.19588550983899822,0.11449016100178891,0.129695885509839,0.3085867620751342,0.3170840787119857,0.3291592128801431,0.2750447227191413,0.27772808586762077,0.3470483005366726,0.3300536672629696,0.34481216457960645,0.2938282647584973,0.24552772808586762,0.31932021466905186,0.1319320214669052,0.12790697674418605,0.12343470483005367,0.12209302325581395,0.13998211091234347,0.06708407871198568,0.139087656529517,0.09615384615384616,0.3694096601073345,0.1050983899821109,0.1413237924865832,0.11046511627906977,0.10286225402504472,0.10867620751341682,0.1073345259391771,0.11583184257602862,0.09525939177101968,0.07021466905187836,0.06440071556350627,0.10778175313059034,0.09570661896243292,0.07155635062611806,0.059033989266547404,0.08318425760286226,0.1073345259391771,0.09973166368515206,0.11225402504472272,0.11896243291592129,0.1283542039355993,0.12343470483005367,0.11359570661896243,0.12119856887298748,0.08586762075134168,0.12254025044722719,0.0,0.004025044722719142,0.0013416815742397137,0.0022361359570661895,0.004025044722719142,0.0008944543828264759,0.005366726296958855,0.0022361359570661895,0.0013416815742397137,0.0035778175313059034,0.0008944543828264759,0.0,0.004025044722719142,0.0,0.0026833631484794273,0.0017889087656529517,0.0035778175313059034,0.0004472271914132379,0.0013416815742397137,0.004472271914132379,0.0013416815742397137,0.0004472271914132379,0.0013416815742397137,0.0026833631484794273,0.0031305903398926656,0.0013416815742397137,0.0004472271914132379,0.0017889087656529517,0.0013416815742397137,0.0008944543828264759,0.0031305903398926656,0.0004472271914132379,0.0013416815742397137,0.0013416815742397137,0.004025044722719142,0.0,0.0022361359570661895,0.0026833631484794273,0.0017889087656529517
Coronary_Artery_Disease,0.1822125813449024,0.055314533622559656,0.05639913232104121,0.057483731019522775,0.0878524945770065,0.12039045553145336,0.07809110629067245,0.05856832971800434,0.11496746203904555,0.0770065075921909,0.17136659436008678,0.07917570498915401,0.1616052060737527,0.08026030368763558,0.04121475054229935,0.0878524945770065,0.19522776572668113,0.272234273318872,0.21475054229934923,0.2754880694143167,0.31453362255965295,0.3481561822125813,0.39045553145336226,0.2039045553145336,0.2668112798264642,0.3004338394793926,0.31019522776572667,0.26572668112798264,0.2928416485900217,0.272234273318872,0.20065075921908893,0.2039045553145336,0.07809110629067245,0.0509761388286334,0.1334056399132321,0.12147505422993492,0.1399132321041215,0.06832971800433839,0.07917570498915401,0.1019522776572668,0.09002169197396963,0.044468546637744036,0.113882863340564,0.08026030368763558,0.07049891540130152,0.06399132321041215,0.11062906724511931,0.10737527114967461,0.0737527114967462,0.0824295010845987,0.09219088937093275,0.0650759219088937,0.21691973969631237,0.10629067245119306,0.06073752711496746,0.07158351409978309,0.06073752711496746,0.14099783080260303,0.09761388286334056,0.0878524945770065,0.03579175704989154,0.09219088937093275,0.1561822125813449,0.1475054229934924,0.13449023861171366,0.09978308026030369,0.11822125813449023,0.10412147505422993,0.057483731019522775,0.052060737527114966,0.05639913232104121,0.04772234273318872,0.13232104121475055,0.09761388286334056,0.0824295010845987,0.08351409978308026,0.06290672451193059,0.08026030368763558,0.10629067245119306,0.09978308026030369,0.2017353579175705,0.11279826464208242,0.0509761388286334,0.06182212581344902,0.11062906724511931,0.1052060737527115,0.1334056399132321,0.12581344902386118,0.12472885032537961,0.0770065075921909,0.06832971800433839,0.07158351409978309,0.12039045553145336,0.05422993492407809,0.0596529284164859,0.03036876355748373,0.17245119305856832,0.09761388286334056,0.04772234273318872,0.08568329718004339,0.10737527114967461,0.12689804772234273,0.06724511930585683,0.11279826464208242,0.13449023861171366,0.12472885032537961,0.18655097613882862,0.14099783080260303,0.16594360086767895,0.11713665943600868,0.11822125813449023,0.1052060737527115,0.1561822125813449,0.17245119305856832,0.16052060737527116,0.29392624728850325,0.1399132321041215,0.15075921908893708,0.24945770065075923,0.1420824295010846,0.11605206073752712,0.15835140997830802,0.2787418655097614,0.19739696312364424,0.10737527114967461,0.10737527114967461,0.17462039045553146,0.08459869848156182,0.07917570498915401,0.09002169197396963,0.039045553145336226,0.09544468546637744,0.07158351409978309,0.09544468546637744,0.09002169197396963,0.0,0.0,0.0032537960954446853,0.004338394793926247,0.0032537960954446853,0.0010845986984815619,0.0021691973969631237,0.0010845986984815619,0.0,0.0010845986984815619,0.0,0.0,0.005422993492407809,0.0,0.0,0.0,0.0032537960954446853,0.0032537960954446853,0.0021691973969631237,0.0021691973969631237,0.0,0.0,0.0032537960954446853,0.0021691973969631237,0.0021691973969631237,0.0021691973969631237,0.0,0.0,0.0010845986984815619,0.0010845986984815619,0.0010845986984815619,0.0010845986984815619,0.0010845986984815619,0.0032537960954446853,0.007592190889370932,0.0021691973969631237,0.0010845986984815619,0.004338394793926247,0.0
Crohn_Disease,0.25,0.0,0.0,0.25,0.25,0.5,0.25,0.0,0.25,0.5,0.25,0.25,0.5,0.5,0.25,0.25,0.0,0.0,0.25,0.25,0.0,0.5,0.0,0.0,0.0,0.5,0.0,0.25,0.0,0.0,0.0,0.5,0.0,0.25,0.25,0.25,0.25,0.25,0.25,0.25,0.25,0.25,0.25,0.0,0.25,0.0,0.25,0.5,0.25,0.25,0.25,0.25,0.25,0.0,0.0,0.25,0.5,0.0,0.0,0.0,0.0,0.0,0.0,0.0,0.0,0.0,0.0,0.0,0.0,0.25,0.0,0.0,0.0,0.0,0.0,0.0,0.0,0.25,0.25,0.0,0.0,0.0,0.0,0.0,0.0,0.25,0.0,0.0,0.25,0.0,1.0,0.5,1.0,0.75,1.0,1.0,0.75,0.75,0.75,0.5,1.0,0.0,0.25,0.0,0.25,0.0,0.0,0.25,0.25,0.25,0.25,0.0,0.25,0.25,0.0,0.0,0.5,0.5,0.0,0.25,0.0,0.25,0.25,0.25,0.25,0.0,0.0,0.0,0.0,0.0,0.0,0.0,0.0,0.0,0.25,0.0,0.0,0.0,0.0,0.0,0.0,0.0,0.0,0.0,0.0,0.0,0.0,0.0,0.0,0.0,0.0,0.0,0.0,0.0,0.25,0.0,0.0,0.0,0.0,0.0,0.0,0.0,0.0,0.0,0.0,0.0,0.0,0.0,0.0,0.0,0.0,0.0,0.0,0.0
Cystic_Fibrosis,0.2926829268292683,0.32926829268292684,0.29878048780487804,0.3048780487804878,0.3048780487804878,0.3048780487804878,0.3048780487804878,0.2804878048780488,0.2804878048780488,0.3231707317073171,0.3231707317073171,0.32926829268292684,0.27439024390243905,0.32926829268292684,0.31097560975609756,0.2804878048780488,0.21951219512195122,0.2073170731707317,0.2682926829268293,0.21341463414634146,0.23780487804878048,0.2621951219512195,0.21951219512195122,0.24390243902439024,0.20121951219512196,0.22560975609756098,0.22560975609756098,0.2073170731707317,0.24390243902439024,0.24390243902439024,0.23780487804878048,0.18902439024390244,0.1951219512195122,0.20121951219512196,0.23780487804878048,0.2073170731707317,0.1951219512195122,0.16463414634146342,0.15853658536585366,0.16463414634146342,0.17682926829268292,0.18292682926829268,0.18902439024390244,0.17073170731707318,0.20121951219512196,0.2073170731707317,0.21341463414634146,0.18292682926829268,0.16463414634146342,0.24390243902439024,0.17073170731707318,0.18902439024390244,0.16463414634146342,0.2073170731707317,0.18902439024390244,0.16463414634146342,0.22560975609756098,0.22560975609756098,0.21341463414634146,0.21341463414634146,0.23170731707317074,0.2073170731707317,0.16463414634146342,0.16463414634146342,0.23170731707317074,0.1951219512195122,0.21341463414634146,0.23170731707317074,0.24390243902439024,0.21341463414634146,0.23170731707317074,0.23170731707317074,0.18902439024390244,0.2621951219512195,0.21341463414634146,0.23170731707317074,0.24390243902439024,0.23780487804878048,0.22560975609756098,0.23170731707317074,0.21951219512195122,0.23170731707317074,0.2073170731707317,0.23780487804878048,0.18292682926829268,0.18902439024390244,0.25609756097560976,0.29878048780487804,0.3048780487804878,0.18292682926829268,0.17682926829268292,0.1524390243902439,0.14634146341463414,0.20121951219512196,0.1524390243902439,0.15853658536585366,0.15853658536585366,0.18902439024390244,0.16463414634146342,0.18292682926829268,0.13414634146341464,0.18292682926829268,0.21341463414634146,0.18292682926829268,0.1402439024390244,0.1524390243902439,0.1951219512195122,0.21341463414634146,0.21951219512195122,0.18292682926829268,0.1524390243902439,0.13414634146341464,0.17073170731707318,0.17682926829268292,0.1951219512195122,0.11585365853658537,0.11585365853658537,0.13414634146341464,0.10975609756097561,0.11585365853658537,0.10365853658536585,0.1951219512195122,0.11585365853658537,0.11585365853658537,0.12195121951219512,0.17073170731707318,0.15853658536585366,0.14634146341463414,0.14634146341463414,0.12804878048780488,0.17073170731707318,0.16463414634146342,0.13414634146341464,0.18292682926829268,0.16463414634146342,0.6829268292682927,0.0,0.0,0.0,0.0,0.006097560975609756,0.0,0.006097560975609756,0.0,0.0,0.0,0.0,0.012195121951219513,0.3170731707317073,0.0,0.006097560975609756,0.0,0.0,0.0,0.0,0.0,0.006097560975609756,0.0,0.0,0.0,0.0,0.0,0.0,0.006097560975609756,0.0,0.0,0.006097560975609756,0.0,0.0,0.006097560975609756,0.0,0.006097560975609756,0.0,0.0
Dengue,0.35294117647058826,0.5294117647058824,0.47058823529411764,0.29411764705882354,0.23529411764705882,0.17647058823529413,0.23529411764705882,0.47058823529411764,0.4117647058823529,0.5294117647058824,0.29411764705882354,0.29411764705882354,0.35294117647058826,0.23529411764705882,0.23529411764705882,0.47058823529411764,0.29411764705882354,0.29411764705882354,0.6470588235294118,0.5882352941176471,0.058823529411764705,0.29411764705882354,0.17647058823529413,0.17647058823529413,0.11764705882352941,0.35294117647058826,0.35294117647058826,0.23529411764705882,0.11764705882352941,0.4117647058823529,0.29411764705882354,0.8235294117647058,0.6470588235294118,0.9411764705882353,0.6470588235294118,0.5882352941176471,0.8235294117647058,0.5294117647058824,0.7647058823529411,0.6470588235294118,0.5882352941176471,0.5882352941176471,0.6470588235294118,0.6470588235294118,0.7058823529411765,0.6470588235294118,0.7647058823529411,0.7647058823529411,0.6470588235294118,0.6470588235294118,0.7647058823529411,0.5882352941176471,0.7058823529411765,0.4117647058823529,0.29411764705882354,0.5294117647058824,0.5882352941176471,0.5882352941176471,0.6470588235294118,0.47058823529411764,0.4117647058823529,0.5294117647058824,0.7647058823529411,0.47058823529411764,0.47058823529411764,0.47058823529411764,0.5294117647058824,0.47058823529411764,0.5294117647058824,0.5294117647058824,0.5294117647058824,0.23529411764705882,0.47058823529411764,0.17647058823529413,0.35294117647058826,0.23529411764705882,0.5294117647058824,0.47058823529411764,0.23529411764705882,0.29411764705882354,0.29411764705882354,0.35294117647058826,0.35294117647058826,0.35294117647058826,0.35294117647058826,0.058823529411764705,0.23529411764705882,0.4117647058823529,0.35294117647058826,0.17647058823529413,0.058823529411764705,0.058823529411764705,0.058823529411764705,0.17647058823529413,0.0,0.0,0.11764705882352941,0.11764705882352941,0.058823529411764705,0.17647058823529413,0.0,0.11764705882352941,0.17647058823529413,0.17647058823529413,0.11764705882352941,0.058823529411764705,0.058823529411764705,0.058823529411764705,0.058823529411764705,0.058823529411764705,0.0,0.11764705882352941,0.17647058823529413,0.29411764705882354,0.11764705882352941,0.29411764705882354,0.17647058823529413,0.23529411764705882,0.17647058823529413,0.11764705882352941,0.058823529411764705,0.17647058823529413,0.4117647058823529,0.11764705882352941,0.47058823529411764,0.17647058823529413,0.17647058823529413,0.058823529411764705,0.058823529411764705,0.11764705882352941,0.17647058823529413,0.0,0.11764705882352941,0.058823529411764705,0.058823529411764705,0.0,0.0,0.0,0.0,0.0,0.0,0.0,0.0,0.0,0.0,0.0,0.0,0.0,0.0,0.0,0.0,0.0,0.0,0.0,0.0,0.0,0.0,0.0,0.0,0.0,0.0,0.0,0.0,0.0,0.0,0.0,0.0,0.0,0.0,0.0,0.0,0.0,0.058823529411764705,0.0
Depression,0.23739767341663076,0.21800947867298578,0.23825937096079275,0.2020680741059888,0.3076260232658337,0.2972856527358897,0.24601464885825075,0.24644549763033174,0.17750969409737183,0.2175786299009048,0.26195605342524775,0.2158552348125808,0.2098233520034468,0.2003446790176648,0.1951744937526928,0.2886686772942697,0.16070659198621284,0.1977595863851788,0.12537699267557087,0.14476518741921585,0.19000430848772082,0.14045669969840585,0.17492460146488584,0.15682895303748384,0.11676001723395088,0.14562688496337786,0.12106850495476087,0.1943127962085308,0.11632916846186989,0.2098233520034468,0.15165876777251186,0.08530805687203792,0.1008186126669539,0.07927617406290392,0.15984489444205083,0.07669108143041792,0.11977595863851788,0.0947867298578199,0.09090909090909091,0.08573890564411892,0.15165876777251186,0.03317535545023697,0.07152089616544594,0.11202068074105989,0.05988797931925894,0.17147781128823783,0.07367514002585093,0.1034037052994399,0.12063765618267988,0.15381301163291686,0.0913399396811719,0.10943558810857389,0.11546747091770788,0.08444635932787592,0.12968548039638086,0.07022834984920293,0.12494614390348988,0.09607927617406291,0.10641964670400689,0.11848341232227488,0.07453683757001292,0.0943558810857389,0.06764325721671693,0.1038345540715209,0.12537699267557087,0.12236105127100388,0.09090909090909091,0.10900473933649289,0.13356311934510987,0.058595433003015944,0.06462731581214994,0.4067212408444636,0.3834554071520896,0.3455407152089617,0.3937957776820336,0.3864713485566566,0.4635932787591555,0.5105557949159845,0.4110297285652736,0.2602326583369237,0.4080137871607066,0.47264110297285655,0.4709177078845325,0.3748384317104696,0.44679017664799653,0.45239121068504956,0.35846617837139166,0.41232227488151657,0.3778543731150366,0.42050840155105557,0.1016803102111159,0.11029728565273589,0.17449375269280482,0.0883239982766049,0.08272296423955192,0.08358466178371392,0.13183972425678586,0.11676001723395088,0.12322274881516587,0.22059457130547178,0.15596725549332185,0.043084877208099955,0.0947867298578199,0.11029728565273589,0.034898750538560966,0.0913399396811719,0.09694097371822491,0.046100818612666954,0.1055579491598449,0.07712193020249893,0.07410598879793193,0.09694097371822491,0.11546747091770788,0.08487720809995691,0.11460577337354588,0.08487720809995691,0.08315381301163291,0.0965101249461439,0.05902628177509694,0.06074967686342094,0.058595433003015944,0.10512710038776389,0.07539853511417492,0.0965101249461439,0.10211115898319689,0.20809995691512279,0.22921154674709177,0.2804825506247307,0.21887117621714777,0.19388194743644982,0.2020680741059888,0.23093494183541577,0.17707884532529083,0.2214562688496338,0.2003446790176648,0.0,0.00904782421370099,0.0017233950883239983,0.0025850926324859974,0.0034467901766479965,0.003015941404566997,0.003015941404566997,0.0008616975441619991,0.00043084877208099956,0.0017233950883239983,0.00043084877208099956,0.002154243860404998,0.0025850926324859974,0.0,0.002154243860404998,0.0025850926324859974,0.0025850926324859974,0.002154243860404998,0.0034467901766479965,0.003877638948728996,0.0008616975441619991,0.0008616975441619991,0.0012925463162429987,0.003015941404566997,0.002154243860404998,0.004739336492890996,0.0008616975441619991,0.002154243860404998,0.00043084877208099956,0.00043084877208099956,0.005170185264971995,0.0017233950883239983,0.0034467901766479965,0.0012925463162429987,0.0008616975441619991,0.0,0.003015941404566997,0.0025850926324859974,0.00043084877208099956
Ehlers_Danlos_Syndrome,0.125,0.16666666666666666,0.16666666666666666,0.20833333333333334,0.16666666666666666,0.125,0.25,0.20833333333333334,0.2916666666666667,0.25,0.3333333333333333,0.4166666666666667,0.3333333333333333,0.25,0.25,0.25,0.08333333333333333,0.125,0.125,0.25,0.125,0.2916666666666667,0.20833333333333334,0.2916666666666667,0.25,0.16666666666666666,0.125,0.25,0.20833333333333334,0.16666666666666666,0.125,0.08333333333333333,0.08333333333333333,0.125,0.16666666666666666,0.125,0.20833333333333334,0.08333333333333333,0.125,0.041666666666666664,0.125,0.041666666666666664,0.041666666666666664,0.08333333333333333,0.16666666666666666,0.16666666666666666,0.25,0.16666666666666666,0.4166666666666667,0.16666666666666666,0.125,0.16666666666666666,0.20833333333333334,0.08333333333333333,0.125,0.0,0.041666666666666664,0.08333333333333333,0.0,0.041666666666666664,0.0,0.25,0.16666666666666666,0.125,0.08333333333333333,0.08333333333333333,0.08333333333333333,0.041666666666666664,0.20833333333333334,0.08333333333333333,0.08333333333333333,0.2916666666666667,0.2916666666666667,0.2916666666666667,0.2916666666666667,0.375,0.2916666666666667,0.3333333333333333,0.3333333333333333,0.375,0.25,0.25,0.25,0.2916666666666667,0.20833333333333334,0.16666666666666666,0.20833333333333334,0.4583333333333333,0.25,0.375,0.125,0.16666666666666666,0.16666666666666666,0.20833333333333334,0.041666666666666664,0.08333333333333333,0.16666666666666666,0.08333333333333333,0.125,0.16666666666666666,0.08333333333333333,0.16666666666666666,0.041666666666666664,0.16666666666666666,0.041666666666666664,0.25,0.20833333333333334,0.08333333333333333,0.125,0.16666666666666666,0.25,0.08333333333333333,0.08333333333333333,0.125,0.16666666666666666,0.041666666666666664,0.041666666666666664,0.041666666666666664,0.041666666666666664,0.125,0.041666666666666664,0.20833333333333334,0.0,0.125,0.041666666666666664,0.08333333333333333,0.125,0.125,0.041666666666666664,0.08333333333333333,0.0,0.08333333333333333,0.0,0.08333333333333333,0.08333333333333333,0.0,0.0,0.0,0.0,0.0,0.041666666666666664,0.0,0.0,0.0,0.0,0.0,0.0,0.0,0.0,0.041666666666666664,0.0,0.0,0.0,0.0,0.0,0.0,0.0,0.0,0.0,0.0,0.0,0.0,0.0,0.0,0.0,0.7083333333333334,0.2916666666666667,0.0,0.0,0.0,0.0,0.0,0.0,0.0
Epilepsy,0.3770491803278688,0.32786885245901637,0.36885245901639346,0.3907103825136612,0.40437158469945356,0.41530054644808745,0.34153005464480873,0.39344262295081966,0.3907103825136612,0.3743169398907104,0.3797814207650273,0.42896174863387976,0.34153005464480873,0.4371584699453552,0.33879781420765026,0.35792349726775957,0.644808743169399,0.6666666666666666,0.7103825136612022,0.6721311475409836,0.6229508196721312,0.6311475409836066,0.6775956284153005,0.6147540983606558,0.6967213114754098,0.6010928961748634,0.6311475409836066,0.6420765027322405,0.953551912568306,0.7349726775956285,0.6092896174863388,0.08469945355191257,0.08196721311475409,0.04918032786885246,0.04918032786885246,0.07103825136612021,0.09289617486338798,0.13387978142076504,0.08743169398907104,0.10382513661202186,0.08469945355191257,0.1092896174863388,0.12021857923497267,0.1092896174863388,0.06284153005464481,0.0546448087431694,0.07103825136612021,0.08196721311475409,0.13934426229508196,0.09016393442622951,0.10109289617486339,0.11475409836065574,0.05737704918032787,0.1557377049180328,0.08743169398907104,0.10382513661202186,0.09289617486338798,0.15027322404371585,0.16120218579234974,0.17759562841530055,0.16939890710382513,0.11202185792349727,0.09289617486338798,0.12021857923497267,0.11748633879781421,0.1284153005464481,0.11748633879781421,0.10109289617486339,0.13114754098360656,0.07650273224043716,0.16666666666666666,0.7868852459016393,0.9808743169398907,0.8087431693989071,0.726775956284153,0.8469945355191257,0.8333333333333334,0.8114754098360656,0.7131147540983607,0.8415300546448088,0.8907103825136612,0.7704918032786885,0.7896174863387978,0.7513661202185792,0.7868852459016393,0.7786885245901639,0.819672131147541,0.7595628415300546,0.7868852459016393,0.7950819672131147,0.2185792349726776,0.2459016393442623,0.2650273224043716,0.17759562841530055,0.16120218579234974,0.16120218579234974,0.2459016393442623,0.23224043715846995,0.19398907103825136,0.23770491803278687,0.23224043715846995,0.030054644808743168,0.09562841530054644,0.03825136612021858,0.040983606557377046,0.12021857923497267,0.07103825136612021,0.09016393442622951,0.09562841530054644,0.09836065573770492,0.14207650273224043,0.01639344262295082,0.08196721311475409,0.08469945355191257,0.04371584699453552,0.15027322404371585,0.19672131147540983,0.18032786885245902,0.16666666666666666,0.19672131147540983,0.16666666666666666,0.18032786885245902,0.13114754098360656,0.12568306010928962,0.1721311475409836,0.2923497267759563,0.27049180327868855,0.24043715846994534,0.273224043715847,0.41530054644808745,0.24863387978142076,0.2459016393442623,0.30327868852459017,0.25956284153005466,0.23497267759562843,0.0,0.0,0.00273224043715847,0.00273224043715847,0.0,0.00273224043715847,0.00273224043715847,0.0,0.0,0.0,0.0,0.0,0.01092896174863388,0.0,0.0,0.0,0.00273224043715847,0.00273224043715847,0.0,0.00273224043715847,0.0,0.0,0.0,0.00273224043715847,0.00546448087431694,0.0,0.0,0.01092896174863388,0.0,0.0,0.0,0.0,0.0,0.0,0.0,0.0,0.00273224043715847,0.0,0.00273224043715847
Fanconi_Anemia,1.0,0.25,0.25,0.25,0.0,0.25,0.5,0.25,0.25,0.5,0.5,0.0,0.25,0.0,0.25,0.25,0.0,0.0,0.0,0.25,0.0,0.25,0.0,0.25,0.0,0.0,0.0,0.0,0.0,0.0,0.0,0.5,0.0,0.25,0.0,0.0,0.0,0.0,0.25,0.0,0.0,0.75,0.0,0.0,0.0,0.25,0.0,0.0,0.25,0.0,0.0,0.0,0.0,0.25,0.25,0.0,0.0,0.0,0.0,0.25,0.25,0.0,0.0,0.25,0.25,0.25,0.0,0.0,0.5,0.0,0.25,0.25,0.0,0.25,0.0,0.0,0.0,0.0,0.0,0.0,0.0,0.0,0.0,0.0,0.0,0.25,0.0,0.25,0.25,0.0,0.5,0.25,0.25,0.25,0.5,0.0,0.25,0.25,0.25,0.25,0.0,0.0,0.5,0.0,0.0,0.0,0.0,0.0,0.25,0.25,0.0,0.0,0.0,0.0,0.0,0.25,0.25,0.0,0.25,0.25,0.25,0.25,0.25,0.25,0.0,0.0,0.0,0.0,0.0,0.0,0.0,0.0,0.0,0.25,0.0,0.0,0.0,0.0,0.0,0.0,0.0,0.0,0.0,0.0,0.0,0.0,0.0,0.0,0.0,0.0,0.0,0.0,0.0,0.5,0.0,0.5,0.0,0.0,0.0,0.0,0.0,0.0,0.0,0.0,0.0,0.0,0.0,0.0,0.0,0.0,0.0,0.0,0.0,0.0
Flu,0.19599303135888502,0.1678281068524971,0.18815331010452963,0.16579558652729384,0.16434378629500582,0.21196283391405343,0.20180023228803717,0.20963995354239257,0.21515679442508712,0.20267131242741,0.1524390243902439,0.15476190476190477,0.15127758420441348,0.17857142857142858,0.18728222996515678,0.2587108013937282,0.11556329849012775,0.07926829268292683,0.08768873403019745,0.11149825783972125,0.12804878048780488,0.12427409988385599,0.10743321718931476,0.14343786295005806,0.1297909407665505,0.10598141695702672,0.12166085946573751,0.17044134727061555,0.12049941927990708,0.101335656213705,0.11672473867595819,0.09872241579558652,0.12456445993031359,0.07781649245063879,0.07346109175377467,0.07229965156794425,0.08826945412311266,0.07520325203252033,0.08797909407665505,0.10888501742160278,0.08652729384436701,0.08507549361207897,0.078397212543554,0.09378629500580721,0.08885017421602788,0.09523809523809523,0.07607433217189315,0.07055749128919861,0.11062717770034843,0.06445993031358885,0.08391405342624855,0.10307781649245064,0.06794425087108014,0.18583042973286876,0.13095238095238096,0.1986062717770035,0.20557491289198607,0.18437862950058073,0.18234610917537747,0.15824622531939606,0.20092915214866433,0.2677119628339141,0.12630662020905922,0.19367015098722415,0.1803135888501742,0.21689895470383275,0.19192799070847852,0.1991869918699187,0.1332752613240418,0.2073170731707317,0.2038327526132404,0.4529616724738676,0.4912891986062718,0.40040650406504064,0.5026132404181185,0.4686411149825784,0.4247967479674797,0.44860627177700346,0.5156794425087108,0.4451219512195122,0.5046457607433217,0.3885017421602787,0.3699186991869919,0.4326364692218351,0.5389082462253194,0.46777003484320556,0.41986062717770034,0.35423925667828104,0.4335075493612079,0.3719512195121951,0.1991869918699187,0.12630662020905922,0.109465737514518,0.13182346109175377,0.07578397212543554,0.09204413472706155,0.12427409988385599,0.13182346109175377,0.13472706155632985,0.12659698025551683,0.13153310104529617,0.08478513356562137,0.10278745644599303,0.10017421602787456,0.20441347270615565,0.08739837398373984,0.0743321718931475,0.06968641114982578,0.11091753774680604,0.06736353077816493,0.06736353077816493,0.10278745644599303,0.07984901277584204,0.10830429732868757,0.1135307781649245,0.21602787456445993,0.20644599303135888,0.20557491289198607,0.13617886178861788,0.1530197444831591,0.1480836236933798,0.14721254355400698,0.21167247386759583,0.16927990708478513,0.22444831591173053,0.21051103368176538,0.20121951219512196,0.24128919860627177,0.25232288037166084,0.1750871080139373,0.29471544715447157,0.2148664343786295,0.13066202090592335,0.20528455284552846,0.2456445993031359,0.0,0.0040650406504065045,0.002613240418118467,0.0008710801393728223,0.0014518002322880372,0.0020325203252032522,0.004936120789779327,0.0008710801393728223,0.0014518002322880372,0.0029036004645760743,0.0014518002322880372,0.0017421602787456446,0.0014518002322880372,0.0,0.0011614401858304297,0.0008710801393728223,0.0014518002322880372,0.0040650406504065045,0.0014518002322880372,0.003484320557491289,0.0005807200929152149,0.0014518002322880372,0.0023228803716608595,0.0011614401858304297,0.003193960511033682,0.003484320557491289,0.0,0.0023228803716608595,0.0017421602787456446,0.0014518002322880372,0.003774680603948897,0.00029036004645760743,0.0020325203252032522,0.0005807200929152149,0.0011614401858304297,0.0005807200929152149,0.0017421602787456446,0.0020325203252032522,0.0011614401858304297
Gastritis,0.20740239223651546,0.17580681561724215,0.19183028661701648,0.24531708417964343,0.21597833446174677,0.17309862333559017,0.1593319792371925,0.17648386368765515,0.2092078537576168,0.2211690363349131,0.23064770932069512,0.18934777702550215,0.17603249830737983,0.1809975174904085,0.29835251636199506,0.2320018054615211,0.42744301512074023,0.34190927555856465,0.3570300157977883,0.4741593319792372,0.3698939291356353,0.32588580455879035,0.37689009252990296,0.40803430376890093,0.3832092078537576,0.40803430376890093,0.42338072669826227,0.3969758519521553,0.37959828481155494,0.4513653802753329,0.3960731211916046,0.09343263371699391,0.1263823064770932,0.11690363349131122,0.1257052584066802,0.10629654705484089,0.10178289325208756,0.09230422026630558,0.07695779733694426,0.08598510494245092,0.09049875874520424,0.07582938388625593,0.10561949898442789,0.15730083502595352,0.07492665312570526,0.09365831640713157,0.06905890318212593,0.07266982622432859,0.1002031144211239,0.10968178740690589,0.08214849921011058,0.15752651771609116,0.07695779733694426,0.21417287294064546,0.18393139246219814,0.2719476416158881,0.12457684495599188,0.15368991198375084,0.1525614985330625,0.16903633491311215,0.14172872940645453,0.17174452719476416,0.13021891220943355,0.2110133152787181,0.17558113292710448,0.2110133152787181,0.1796434213495825,0.1518844504626495,0.1814488828706838,0.14375987361769352,0.2058226134055518,0.15684946964567817,0.09320695102685624,0.11374407582938388,0.05484089370345294,0.15368991198375084,0.11622658542089821,0.09704355675919657,0.08733920108327692,0.06431956668923494,0.10471676822387722,0.05754908598510494,0.1002031144211239,0.08169713382983525,0.1069735951252539,0.11870909501241254,0.11712931618144888,0.09568946061837057,0.07312119160460392,0.12525389302640488,0.1909275558564658,0.22297449785601445,0.23651545926427442,0.24599413225005642,0.1997291807718348,0.22342586323628977,0.2651771609117581,0.19070187316632814,0.2218460844053261,0.2064996614759648,0.1909275558564658,0.11284134506883323,0.14917625818099753,0.12796208530805686,0.14962762356127285,0.18077183480027081,0.12119160460392688,0.11803204694199955,0.09252990295644324,0.12954186413902052,0.12141728729406455,0.10403972015346423,0.1963439404197698,0.14624238320920785,0.13744075829383887,0.14917625818099753,0.1780636425186188,0.1446626043782442,0.13337846987136087,0.10607086436470323,0.06951026856240126,0.11983750846310089,0.18731663281426314,0.1351839313924622,0.08327691266079891,0.10313698939291356,0.05935454750620627,0.08034303768900926,0.12773640261791921,0.13540961408259986,0.05529225908372828,0.06928458587226359,0.07560370119611826,0.07018731663281426,0.07989167230873392,0.0,0.001579778830963665,0.001579778830963665,0.004062288422477996,0.0004513653802753329,0.002031144211238998,0.0022568269013766643,0.0013540961408259986,0.002482509591514331,0.002031144211238998,0.0006770480704129993,0.0009027307605506658,0.003385240352064997,0.0,0.002482509591514331,0.004062288422477996,0.002031144211238998,0.002933874971789664,0.002933874971789664,0.0018054615211013315,0.001579778830963665,0.0004513653802753329,0.004062288422477996,0.001579778830963665,0.0038366057323403293,0.001579778830963665,0.002031144211238998,0.002708192281651997,0.001579778830963665,0.0011284134506883321,0.002482509591514331,0.00022568269013766644,0.0018054615211013315,0.0013540961408259986,0.005190701873166328,0.0013540961408259986,0.0022568269013766643,0.001579778830963665,0.002031144211238998
Gaucher_Disease,0.08333333333333333,0.0,0.08333333333333333,0.16666666666666666,0.0,0.08333333333333333,0.08333333333333333,0.0,0.08333333333333333,0.0,0.25,0.08333333333333333,0.0,0.08333333333333333,0.08333333333333333,0.16666666666666666,0.5,0.4166666666666667,0.5,0.5833333333333334,0.4166666666666667,0.4166666666666667,0.5833333333333334,0.5,0.5,0.3333333333333333,0.4166666666666667,0.5,0.4166666666666667,0.4166666666666667,0.4166666666666667,0.08333333333333333,0.25,0.25,0.3333333333333333,0.25,0.4166666666666667,0.25,0.08333333333333333,0.08333333333333333,0.08333333333333333,0.08333333333333333,0.0,0.08333333333333333,0.08333333333333333,0.16666666666666666,0.16666666666666666,0.08333333333333333,0.0,0.08333333333333333,0.3333333333333333,0.08333333333333333,0.08333333333333333,0.3333333333333333,0.0,0.08333333333333333,0.0,0.16666666666666666,0.0,0.16666666666666666,0.0,0.16666666666666666,0.16666666666666666,0.08333333333333333,0.0,0.16666666666666666,0.08333333333333333,0.0,0.0,0.16666666666666666,0.16666666666666666,0.16666666666666666,0.0,0.08333333333333333,0.25,0.16666666666666666,0.0,0.08333333333333333,0.0,0.08333333333333333,0.0,0.0,0.08333333333333333,0.0,0.0,0.08333333333333333,0.0,0.16666666666666666,0.0,0.16666666666666666,0.08333333333333333,0.25,0.16666666666666666,0.08333333333333333,0.08333333333333333,0.0,0.16666666666666666,0.0,0.16666666666666666,0.08333333333333333,0.0,0.08333333333333333,0.08333333333333333,0.08333333333333333,0.0,0.0,0.08333333333333333,0.08333333333333333,0.0,0.08333333333333333,0.0,0.08333333333333333,0.16666666666666666,0.0,0.08333333333333333,0.0,0.16666666666666666,0.16666666666666666,0.0,0.0,0.0,0.08333333333333333,0.0,0.16666666666666666,0.16666666666666666,0.3333333333333333,0.5833333333333334,0.5833333333333334,0.4166666666666667,0.4166666666666667,0.4166666666666667,0.4166666666666667,0.4166666666666667,0.3333333333333333,0.3333333333333333,0.0,0.0,0.0,0.0,0.0,0.0,0.0,0.0,0.0,0.0,0.0,0.0,0.0,0.0,0.0,0.5,0.0,0.0,0.0,0.0,0.0,0.5,0.0,0.0,0.0,0.0,0.0,0.0,0.0,0.08333333333333333,0.0,0.0,0.0,0.0,0.08333333333333333,0.0,0.0,0.0,0.0
Generalized_Anxiety_Disorder,0.5684210526315789,0.6105263157894737,0.5368421052631579,0.7052631578947368,0.5789473684210527,0.6105263157894737,0.6,0.6842105263157895,0.6526315789473685,0.5789473684210527,0.5368421052631579,0.7894736842105263,0.6421052631578947,0.5578947368421052,0.49473684210526314,0.6210526315789474,0.37894736842105264,0.4,0.4,0.4105263157894737,0.42105263157894735,0.43157894736842106,0.4105263157894737,0.6105263157894737,0.4,0.45263157894736844,0.37894736842105264,0.35789473684210527,0.37894736842105264,0.45263157894736844,0.47368421052631576,0.3368421052631579,0.35789473684210527,0.18947368421052632,0.2631578947368421,0.24210526315789474,0.22105263157894736,0.29473684210526313,0.3368421052631579,0.3157894736842105,0.5789473684210527,0.28421052631578947,0.2631578947368421,0.25263157894736843,0.3473684210526316,0.24210526315789474,0.2631578947368421,0.30526315789473685,0.25263157894736843,0.29473684210526313,0.24210526315789474,0.16842105263157894,0.25263157894736843,0.5473684210526316,0.47368421052631576,0.4421052631578947,0.3368421052631579,0.6631578947368421,0.42105263157894735,0.4842105263157895,0.4631578947368421,0.6526315789473685,0.3684210526315789,0.3894736842105263,0.5684210526315789,0.4631578947368421,0.3894736842105263,0.42105263157894735,0.25263157894736843,0.42105263157894735,0.3684210526315789,0.3894736842105263,0.2631578947368421,0.23157894736842105,0.22105263157894736,0.2631578947368421,0.25263157894736843,0.24210526315789474,0.23157894736842105,0.24210526315789474,0.24210526315789474,0.17894736842105263,0.21052631578947367,0.25263157894736843,0.17894736842105263,0.28421052631578947,0.23157894736842105,0.21052631578947367,0.21052631578947367,0.28421052631578947,0.15789473684210525,0.14736842105263157,0.14736842105263157,0.17894736842105263,0.10526315789473684,0.2,0.18947368421052632,0.1368421052631579,0.07368421052631578,0.2,0.15789473684210525,0.08421052631578947,0.16842105263157894,0.1368421052631579,0.12631578947368421,0.08421052631578947,0.06315789473684211,0.042105263157894736,0.14736842105263157,0.2,0.15789473684210525,0.1368421052631579,0.17894736842105263,0.07368421052631578,0.06315789473684211,0.4842105263157895,0.16842105263157894,0.15789473684210525,0.2,0.12631578947368421,0.18947368421052632,0.23157894736842105,0.14736842105263157,0.22105263157894736,0.14736842105263157,0.29473684210526313,0.22105263157894736,0.11578947368421053,0.17894736842105263,0.1368421052631579,0.3263157894736842,0.18947368421052632,0.18947368421052632,0.18947368421052632,0.17894736842105263,0.0,0.0,0.0,0.010526315789473684,0.010526315789473684,0.0,0.010526315789473684,0.010526315789473684,0.0,0.0,0.0,0.0,0.0,0.0,0.0,0.0,0.0,0.0,0.0,0.0,0.0,0.0,0.0,0.0,0.0,0.010526315789473684,0.010526315789473684,0.0,0.0,0.0,0.0,0.0,0.0,0.0,0.0,0.0,0.010526315789473684,0.0,0.021052631578947368
Hypertension,0.20643594414086217,0.15057680631451123,0.19247115968427445,0.1700060716454159,0.17547055251973284,0.17911353976927746,0.18761384335154827,0.18154219793564055,0.20643594414086217,0.172434729811779,0.143290831815422,0.2938676381299332,0.2040072859744991,0.1809350333940498,0.20218579234972678,0.14207650273224043,0.0862173649058895,0.16150576806314512,0.06132361870066788,0.0904675166970249,0.09593199757134184,0.10868245294474803,0.09411050394656952,0.08196721311475409,0.0947176684881603,0.16636308439587127,0.07285974499089254,0.1050394656952034,0.1050394656952034,0.1111111111111111,0.09350333940497875,0.0922890103217972,0.09350333940497875,0.08075288403157256,0.15239829993928355,0.1111111111111111,0.07407407407407407,0.1092896174863388,0.06557377049180328,0.14025500910746813,0.13296903460837886,0.09168184578020644,0.10989678202792957,0.0904675166970249,0.12568306010928962,0.11900425015179114,0.13904068002428657,0.143290831815422,0.12750455373406194,0.0947176684881603,0.09168184578020644,0.06375227686703097,0.1153612629022465,0.16939890710382513,0.1384335154826958,0.11050394656952034,0.18761384335154827,0.1979356405585914,0.11475409836065574,0.1111111111111111,0.08561020036429873,0.1196114146933819,0.11718275652701882,0.11232544019429265,0.15179113539769276,0.07528840315725562,0.13782635094110504,0.12143290831815422,0.2987249544626594,0.11900425015179114,0.16150576806314512,0.19672131147540983,0.172434729811779,0.1845780206435944,0.15664845173041894,0.14025500910746813,0.14996964177292046,0.15361262902246509,0.21554341226472373,0.16393442622950818,0.17729204614450517,0.21736490588949606,0.23497267759562843,0.22404371584699453,0.1760777170613236,0.17122040072859745,0.17729204614450517,0.14511232544019428,0.2629022465088039,0.3612629022465088,0.30783242258652094,0.3339404978749241,0.30297510625379476,0.25258044930176077,0.32665452337583484,0.28536733454766244,0.3193685488767456,0.30601092896174864,0.3594414086217365,0.4304796599878567,0.37158469945355194,0.19854280510018216,0.2204007285974499,0.1809350333940498,0.17304189435336975,0.20279295689131754,0.21918639951426835,0.19186399514268368,0.17304189435336975,0.143290831815422,0.1596842744383728,0.15907710989678203,0.1742562234365513,0.2204007285974499,0.10989678202792957,0.11475409836065574,0.14511232544019428,0.08318154219793564,0.07407407407407407,0.10807528840315725,0.04796599878567092,0.14389799635701275,0.06860959319975714,0.16150576806314512,0.07285974499089254,0.13357619914996965,0.1760777170613236,0.10746812386156648,0.12750455373406194,0.16454159077109898,0.10746812386156648,0.14268366727383122,0.10200364298724955,0.1177899210686096,0.17729204614450517,0.0,0.006071645415907711,0.0006071645415907711,0.0036429872495446266,0.0024286581663630845,0.0030358227079538553,0.004857316332726169,0.0006071645415907711,0.0012143290831815423,0.0018214936247723133,0.0006071645415907711,0.0018214936247723133,0.004250151791135397,0.0,0.0024286581663630845,0.0012143290831815423,0.00546448087431694,0.0036429872495446266,0.0030358227079538553,0.0018214936247723133,0.0012143290831815423,0.0006071645415907711,0.004250151791135397,0.0012143290831815423,0.0006071645415907711,0.004857316332726169,0.0006071645415907711,0.0018214936247723133,0.0012143290831815423,0.0012143290831815423,0.0018214936247723133,0.0,0.0024286581663630845,0.0024286581663630845,0.0024286581663630845,0.0006071645415907711,0.0006071645415907711,0.0006071645415907711,0.0036429872495446266
Hyperthyroidism,0.20573183213920163,0.2202475109332837,0.22322508607053132,0.21243137619800875,0.21736298501907508,0.20619707825439657,0.16590676467851492,0.20210291244068113,0.20089327254117428,0.22583046431562295,0.21736298501907508,0.18758723364659904,0.25653670791848887,0.22285288917837537,0.19642690983530287,0.18693588908532613,0.36205452684470085,0.39815762538382804,0.36586954498929936,0.31599516144040196,0.37991997766818647,0.32055457336931237,0.31366893086442726,0.3126453894109984,0.3172978505629478,0.34325858379082536,0.32436959151391087,0.32930120033497723,0.3045501070066065,0.3219503117148972,0.3453056666976831,0.1759560807667256,0.20498743835488975,0.21187308085977483,0.17093142272262027,0.16069600818833163,0.16823299525448962,0.14897180608541918,0.2058248813622406,0.20545268447008466,0.17856145901181725,0.19121615334511957,0.15762538382804503,0.19558946682795197,0.2766353400949102,0.16367358332557924,0.1834930678328836,0.19130920256815856,0.15967246673490276,0.16497627244812507,0.22015446171024472,0.195310319158835,0.20052107564901833,0.14162091746533917,0.17251325951428306,0.17130361961477622,0.14115567135014423,0.16339443565646228,0.12905927235507583,0.16879129059272355,0.14413324648739184,0.14683167395552246,0.11463664278403275,0.16804689680841164,0.15176328277658882,0.16962873360007444,0.14776216618591234,0.1436680003721969,0.1659998139015539,0.14031822834279334,0.15818367916627896,0.24462640736949848,0.2209919047175956,0.263143202754257,0.26444589187680284,0.2074067181539034,0.28007816134735275,0.2669582208988555,0.2742160602958965,0.32157811482274123,0.23253000837443008,0.26286405508514005,0.21829347724946496,0.270401042151298,0.2367172234111845,0.2833348841537173,0.2727272727272727,0.25979343072485345,0.25988647994789243,0.29878105517818926,0.2507676560900716,0.25839769237926863,0.21633944356564622,0.2008002233181353,0.21633944356564622,0.19149530101423654,0.19940448497255048,0.19912533730343351,0.20359170000930493,0.24602214571508327,0.17707267144319344,0.18544710151670232,0.2308551223597283,0.20926770261468317,0.22015446171024472,0.17911975435005117,0.1773518191123104,0.16311528798734531,0.22685400576905182,0.2067553735926305,0.2155950497813343,0.18972736577649577,0.19354238392109427,0.18293477249464968,0.18926211966130083,0.1481343630780683,0.12235972829626873,0.12198753140411278,0.12096398995068391,0.1496231506466921,0.16851214292360658,0.12217362985019076,0.13222294593840142,0.13845724388201358,0.1714897180608542,0.29645482460221456,0.29049967432771934,0.26267795663906207,0.28845259142086166,0.22480692286219411,0.2834279333767563,0.323346050060482,0.3028752209919047,0.34856238950404766,0.2774727831022611,0.0,0.0026984274681306412,0.0013957383455848143,0.0020470829068577278,0.0012096398995068392,0.0024192797990136784,0.0031636735833255793,0.0026053782450916533,0.0011165906764678516,0.0016748860147017773,0.0004652461151949381,0.0013026891225458267,0.0012096398995068392,0.00018609844607797525,0.002233181352935703,0.002233181352935703,0.0012096398995068392,0.00195403368381874,0.003721968921559505,0.0036289196985205175,0.0004652461151949381,0.000744393784311901,0.0011165906764678516,0.0024192797990136784,0.0017679352377407648,0.002233181352935703,0.0006513445612729133,0.0011165906764678516,0.001488787568623802,0.0004652461151949381,0.003256722806364567,0.0006513445612729133,0.0021401321298967152,0.0012096398995068392,0.0016748860147017773,0.0003721968921559505,0.0023262305759746906,0.0018609844607797525,0.000744393784311901
Hypothyroidism,0.08674985145573381,0.1289364230540701,0.1384432560903149,0.13963161021984552,0.08318478906714201,0.12834224598930483,0.1711229946524064,0.11705288175876412,0.10695187165775401,0.1586452762923351,0.1443850267379679,0.11764705882352941,0.09685086155674391,0.15210932857991682,0.18122400475341652,0.21093285799168152,0.1836007130124777,0.12834224598930483,0.19726678550207963,0.11348781937017231,0.11467617349970291,0.20796197266785502,0.14854426619132502,0.1711229946524064,0.13903743315508021,0.1628045157456922,0.1657754010695187,0.1889483065953654,0.14260249554367202,0.1408199643493761,0.10576351752822341,0.09566250742721331,0.0843731431966726,0.0689245395127748,0.16339869281045752,0.10101010101010101,0.0873440285204991,0.23054070112893643,0.10101010101010101,0.12477718360071301,0.10576351752822341,0.08972073677956031,0.0814022578728461,0.11170528817587641,0.10101010101010101,0.08199643493761141,0.1378490790255496,0.13666072489601902,0.11824123588829472,0.08674985145573381,0.0944741532976827,0.0944741532976827,0.1538918597742127,0.08912655971479501,0.0707070707070707,0.10754604872251931,0.06001188354129531,0.04634581105169341,0.046939988116458706,0.0754604872251931,0.0689245395127748,0.08021390374331551,0.06417112299465241,0.053475935828877004,0.08318478906714201,0.08377896613190731,0.10041592394533572,0.08496732026143791,0.0457516339869281,0.035056446821152706,0.0974450386215092,0.18122400475341652,0.12715389185977422,0.12180629827688651,0.1051693404634581,0.1111111111111111,0.09387997623291741,0.0873440285204991,0.07130124777183601,0.10398098633392751,0.13725490196078433,0.0796197266785502,0.14795008912655971,0.18478906714200832,0.07130124777183601,0.11467617349970291,0.1259655377302436,0.10992275698158051,0.1319073083778966,0.1378490790255496,0.33095662507427215,0.31610219845513965,0.33571004159239454,0.3404634581105169,0.3422459893048128,0.31610219845513965,0.40938799762329176,0.37551990493166965,0.32620320855614976,0.41532976827094475,0.31907308377896615,0.17884729649435532,0.21390374331550802,0.1538918597742127,0.14022578728461083,0.10932857991681522,0.11051693404634581,0.1259655377302436,0.11764705882352941,0.1051693404634581,0.1473559120617944,0.16696375519904932,0.12299465240641712,0.10576351752822341,0.1527035056446821,0.18122400475341652,0.1657754010695187,0.22281639928698752,0.17290552584670232,0.20974450386215093,0.25846702317290554,0.1919191919191919,0.2133095662507427,0.24658348187759951,0.24242424242424243,0.27510398098633393,0.2549019607843137,0.22162804515745693,0.1925133689839572,0.1711229946524064,0.23410576351752824,0.2650029708853238,0.17231134878193702,0.19607843137254902,0.20380273321449793,0.0,0.0005941770647653001,0.0005941770647653001,0.0029708853238265003,0.0011883541295306002,0.0005941770647653001,0.0023767082590612004,0.0041592394533571005,0.0,0.0005941770647653001,0.0011883541295306002,0.0005941770647653001,0.0041592394533571005,0.0,0.0029708853238265003,0.0,0.0005941770647653001,0.0017825311942959,0.0,0.0,0.0017825311942959,0.0,0.0023767082590612004,0.0005941770647653001,0.0053475935828877,0.0023767082590612004,0.0,0.0017825311942959,0.0005941770647653001,0.0023767082590612004,0.0053475935828877,0.0029708853238265003,0.0011883541295306002,0.0029708853238265003,0.0005941770647653001,0.0017825311942959,0.0017825311942959,0.0023767082590612004,0.0023767082590612004
Inflammatory_Bowel_Disease,0.2857142857142857,0.0,0.21428571428571427,0.2857142857142857,0.21428571428571427,0.14285714285714285,0.14285714285714285,0.2857142857142857,0.14285714285714285,0.2857142857142857,0.42857142857142855,0.21428571428571427,0.07142857142857142,0.14285714285714285,0.21428571428571427,0.21428571428571427,0.14285714285714285,0.0,0.07142857142857142,0.0,0.0,0.07142857142857142,0.07142857142857142,0.07142857142857142,0.0,0.07142857142857142,0.2857142857142857,0.0,0.07142857142857142,0.35714285714285715,0.0,0.5,0.7142857142857143,0.6428571428571429,0.5,0.42857142857142855,0.42857142857142855,0.5,0.5714285714285714,0.5714285714285714,0.42857142857142855,1.0,0.6428571428571429,0.7142857142857143,0.6428571428571429,0.5714285714285714,0.7142857142857143,0.6428571428571429,0.6428571428571429,0.2857142857142857,0.7142857142857143,0.7857142857142857,0.5,0.35714285714285715,0.35714285714285715,0.21428571428571427,0.14285714285714285,0.35714285714285715,0.35714285714285715,0.14285714285714285,0.21428571428571427,0.42857142857142855,0.21428571428571427,0.5,0.2857142857142857,0.42857142857142855,0.9285714285714286,0.21428571428571427,0.35714285714285715,0.21428571428571427,0.2857142857142857,0.35714285714285715,0.2857142857142857,0.21428571428571427,0.2857142857142857,0.2857142857142857,0.21428571428571427,0.21428571428571427,0.21428571428571427,0.2857142857142857,0.14285714285714285,0.42857142857142855,0.35714285714285715,0.2857142857142857,0.35714285714285715,0.35714285714285715,0.35714285714285715,0.5,0.21428571428571427,0.2857142857142857,0.42857142857142855,0.42857142857142855,0.7142857142857143,0.2857142857142857,0.7142857142857143,0.35714285714285715,0.5714285714285714,0.5,0.5714285714285714,0.35714285714285715,0.35714285714285715,0.0,0.07142857142857142,0.07142857142857142,0.0,0.07142857142857142,0.0,0.2857142857142857,0.0,0.07142857142857142,0.07142857142857142,0.07142857142857142,0.0,0.0,0.0,0.0,0.0,0.0,0.0,0.07142857142857142,0.07142857142857142,0.21428571428571427,0.0,0.0,0.07142857142857142,0.14285714285714285,0.07142857142857142,0.14285714285714285,0.21428571428571427,0.07142857142857142,0.07142857142857142,0.21428571428571427,0.07142857142857142,0.07142857142857142,0.07142857142857142,0.0,0.0,0.0,0.0,0.0,0.0,0.0,0.0,0.0,0.0,0.0,0.0,0.0,0.0,0.07142857142857142,0.0,0.0,0.0,0.0,0.07142857142857142,0.0,0.0,0.0,0.0,0.0,0.0,0.0,0.0,0.07142857142857142,0.0,0.07142857142857142,0.0,0.0,0.0,0.0,0.0,0.0,0.0,0.0
Irritable_Bowel_Syndrome,0.2007092984594924,0.265654438656766,0.27363404632605565,0.24304555026044553,0.23805829546713952,0.21932838302116814,0.22387232627729137,0.2800620636152056,0.17366729469134434,0.24803280505375153,0.2572315194502937,0.2508035021611437,0.23772581181425245,0.2206583176327164,0.21578189072370607,0.225423916657431,0.2255347445417267,0.19561121578189072,0.24182644353319296,0.2537958550371273,0.23606339354981715,0.3057741327718054,0.2789537847722487,0.3118696664080683,0.22032583397982933,0.2266430233846836,0.27551812035908235,0.24758949351656878,0.2194392109054638,0.22043666186412503,0.23085448298791977,0.1809819350548598,0.2167793416823673,0.3084340019949019,0.20946470131885184,0.22775130222764048,0.2432672060290369,0.22232073589715173,0.2554582733015627,0.22908123683918874,0.1928405186744985,0.23506594259115593,0.28504931840851155,0.23473345893826886,0.2294137204920758,0.26199711847500834,0.1840851158151391,0.2274188185747534,0.21700099745095866,0.20625069267427684,0.19749528981491743,0.2492519117810041,0.23107613875651115,0.1879640917654882,0.21833093206250692,0.1523883409065721,0.16180871107170564,0.17255901584838745,0.18729912445971406,0.18829657541837527,0.17156156488972626,0.21722265321955003,0.17765709852598913,0.18153607447633824,0.1553806937825557,0.18962651002992353,0.1996010196165355,0.1721157043112047,0.19350548598027265,0.16557685913775905,0.17754627064169345,0.3683918873988696,0.3709409287376704,0.35941482877091874,0.3798071594813255,0.35830654992796185,0.35753075473789203,0.36229635376260666,0.4064058517122908,0.4172669843732683,0.35963648453951014,0.3681702316302782,0.3816912335143522,0.3445638922752965,0.2976836972182201,0.3586390335808489,0.4372160035464923,0.35575750858916105,0.38523772581181426,0.39044663637371163,0.17754627064169345,0.20048764269090102,0.14518452842735233,0.1633603014518453,0.1515017178322066,0.18840740330267094,0.1466252909231963,0.15249916879086778,0.1967194946248476,0.19040230521999335,0.17898703313753742,0.18740995234400976,0.15671062839410396,0.17045328604676938,0.20181757730244929,0.14496287265876096,0.2137869888063837,0.1917322398315416,0.1622520226088884,0.15704311204699103,0.15371827551812037,0.1718940485426133,0.1849717388895046,0.167017621633603,0.20226088883963206,0.12911448520447744,0.09741771029591045,0.13088773135320847,0.13221766596475673,0.1464036351546049,0.12368391887398869,0.16169788318740996,0.14618197938601352,0.1294469688573645,0.10728139199822675,0.12933614097306884,0.12091322176659648,0.10739221988252244,0.1472902582289704,0.14762274188185748,0.1393106505596808,0.12102404965089217,0.16247367837747978,0.1393106505596808,0.15925966973290479,0.0001108278842956888,0.0016624182644353318,0.0017732461487310208,0.0018840740330267095,0.0013299346115482657,0.0033248365288706637,0.002216557685913776,0.0016624182644353318,0.0019949019173223985,0.002216557685913776,0.0006649673057741328,0.0003324836528870664,0.002549041338800842,0.0,0.000554139421478444,0.0004433115371827552,0.0035464922974620416,0.0023273855702094647,0.0009974509586611992,0.0018840740330267095,0.0008866230743655104,0.0004433115371827552,0.0016624182644353318,0.0014407624958439544,0.0029923528759835975,0.0028815249916879088,0.0012191067272525767,0.0014407624958439544,0.001108278842956888,0.0009974509586611992,0.002216557685913776,0.0007757951900698216,0.0016624182644353318,0.00277069710739222,0.005319738446193063,0.0009974509586611992,0.002105729801618087,0.0023273855702094647,0.0028815249916879088
Marfan_Syndrome,0.13793103448275862,0.3448275862068966,0.1724137931034483,0.27586206896551724,0.1724137931034483,0.27586206896551724,0.27586206896551724,0.20689655172413793,0.2413793103448276,0.3103448275862069,0.2413793103448276,0.1724137931034483,0.2413793103448276,0.3103448275862069,0.20689655172413793,0.2413793103448276,0.034482758620689655,0.1724137931034483,0.13793103448275862,0.10344827586206896,0.10344827586206896,0.13793103448275862,0.10344827586206896,0.13793103448275862,0.1724137931034483,0.13793103448275862,0.06896551724137931,0.10344827586206896,0.10344827586206896,0.06896551724137931,0.06896551724137931,0.10344827586206896,0.13793103448275862,0.06896551724137931,0.06896551724137931,0.10344827586206896,0.06896551724137931,0.034482758620689655,0.13793103448275862,0.034482758620689655,0.06896551724137931,0.10344827586206896,0.10344827586206896,0.10344827586206896,0.034482758620689655,0.06896551724137931,0.06896551724137931,0.10344827586206896,0.0,0.06896551724137931,0.1724137931034483,0.06896551724137931,0.034482758620689655,0.27586206896551724,0.13793103448275862,0.2413793103448276,0.2413793103448276,0.2413793103448276,0.13793103448275862,0.2413793103448276,0.3448275862068966,0.2413793103448276,0.1724137931034483,0.27586206896551724,0.27586206896551724,0.1724137931034483,0.1724137931034483,0.1724137931034483,0.1724137931034483,0.27586206896551724,0.13793103448275862,0.1724137931034483,0.1724137931034483,0.10344827586206896,0.2413793103448276,0.20689655172413793,0.10344827586206896,0.27586206896551724,0.2413793103448276,0.27586206896551724,0.2413793103448276,0.20689655172413793,0.2413793103448276,0.2413793103448276,0.20689655172413793,0.2413793103448276,0.13793103448275862,0.1724137931034483,0.20689655172413793,0.1724137931034483,0.1724137931034483,0.1724137931034483,0.2413793103448276,0.3103448275862069,0.3103448275862069,0.2413793103448276,0.20689655172413793,0.1724137931034483,0.3103448275862069,0.27586206896551724,0.3448275862068966,0.10344827586206896,0.1724137931034483,0.10344827586206896,0.10344827586206896,0.1724137931034483,0.13793103448275862,0.06896551724137931,0.20689655172413793,0.1724137931034483,0.1724137931034483,0.1724137931034483,0.13793103448275862,0.1724137931034483,0.1724137931034483,0.034482758620689655,0.13793103448275862,0.13793103448275862,0.13793103448275862,0.13793103448275862,0.034482758620689655,0.10344827586206896,0.06896551724137931,0.034482758620689655,0.06896551724137931,0.06896551724137931,0.10344827586206896,0.13793103448275862,0.10344827586206896,0.10344827586206896,0.1724137931034483,0.10344827586206896,0.13793103448275862,0.20689655172413793,0.20689655172413793,0.0,0.0,0.0,0.0,0.0,0.0,0.0,0.0,0.0,0.0,0.0,0.0,0.0,0.0,0.0,0.0,0.0,0.0,0.0,0.0,0.0,0.0,0.0,0.0,0.0,0.0,0.0,0.20689655172413793,0.5862068965517241,0.2413793103448276,0.0,0.0,0.0,0.0,0.0,0.0,0.0,0.0,0.0
Metabolic_Syndrome,1.0,0.0,0.0,0.0,0.0,0.0,0.0,0.0,0.0,0.0,0.0,1.0,0.0,0.0,0.0,0.0,1.0,1.0,0.0,1.0,1.0,1.0,0.0,0.0,1.0,1.0,1.0,1.0,1.0,1.0,0.0,0.0,1.0,1.0,1.0,1.0,1.0,1.0,1.0,0.0,1.0,1.0,1.0,1.0,1.0,1.0,0.0,1.0,1.0,1.0,1.0,1.0,1.0,0.0,0.0,0.0,0.0,0.0,0.0,0.0,0.0,0.0,0.0,0.0,0.0,0.0,1.0,0.0,0.0,0.0,0.0,1.0,0.0,1.0,0.0,1.0,1.0,1.0,1.0,0.0,1.0,0.0,0.0,1.0,1.0,1.0,1.0,1.0,1.0,0.0,0.0,0.0,0.0,0.0,1.0,0.0,0.0,0.0,0.0,0.0,0.0,0.0,0.0,0.0,0.0,1.0,0.0,0.0,0.0,0.0,0.0,0.0,0.0,0.0,0.0,1.0,0.0,0.0,0.0,0.0,0.0,0.0,0.0,1.0,0.0,0.0,0.0,1.0,0.0,0.0,0.0,0.0,0.0,0.0,0.0,0.0,0.0,0.0,0.0,0.0,0.0,0.0,0.0,0.0,0.0,0.0,0.0,0.0,0.0,0.0,0.0,0.0,0.0,0.0,0.0,0.0,0.0,0.0,0.0,0.0,0.0,0.0,0.0,0.0,0.0,0.0,0.0,0.0,0.0,0.0,0.0,0.0,0.0,0.0
Migraine,0.05353319057815846,0.055674518201284794,0.03640256959314775,0.07066381156316917,0.05353319057815846,0.03640256959314775,0.06638115631691649,0.08779443254817987,0.02569593147751606,0.09207708779443255,0.07494646680942184,0.042826552462526764,0.06423982869379015,0.04068522483940043,0.019271948608137045,0.08137044967880086,0.07066381156316917,0.13276231263383298,0.11563169164882227,0.17558886509635974,0.139186295503212,0.10492505353319058,0.07708779443254818,0.15845824411134904,0.10920770877944326,0.08565310492505353,0.22269807280513917,0.12633832976445397,0.22055674518201285,0.20342612419700215,0.11563169164882227,0.291220556745182,0.22269807280513917,0.13704496788008566,0.2012847965738758,0.23554603854389722,0.2762312633832976,0.15631691648822268,0.22055674518201285,0.2334047109207709,0.21627408993576017,0.24197002141327623,0.17130620985010706,0.26124197002141325,0.19914346895074947,0.07922912205567452,0.23554603854389722,0.1734475374732334,0.3233404710920771,0.24839400428265523,0.14132762312633834,0.2505353319057816,0.15631691648822268,0.09421841541755889,0.10706638115631692,0.047109207708779445,0.17558886509635974,0.17987152034261242,0.04925053533190578,0.12205567451820129,0.10706638115631692,0.15203426124197003,0.0728051391862955,0.07708779443254818,0.03640256959314775,0.06638115631691649,0.06423982869379015,0.13276231263383298,0.13276231263383298,0.07066381156316917,0.057815845824411134,0.09207708779443255,0.10492505353319058,0.23768736616702354,0.047109207708779445,0.06852248394004283,0.09421841541755889,0.09850107066381156,0.059957173447537475,0.05139186295503212,0.09635974304068523,0.1670235546038544,0.08993576017130621,0.10706638115631692,0.08565310492505353,0.08993576017130621,0.16916488222698073,0.07922912205567452,0.10492505353319058,0.06423982869379015,0.11563169164882227,0.12633832976445397,0.18629550321199143,0.139186295503212,0.13062098501070663,0.15417558886509636,0.18843683083511778,0.20556745182012848,0.2291220556745182,0.10706638115631692,0.14132762312633834,0.04068522483940043,0.07708779443254818,0.042826552462526764,0.047109207708779445,0.023554603854389723,0.04925053533190578,0.023554603854389723,0.047109207708779445,0.13704496788008566,0.09207708779443255,0.057815845824411134,0.044967880085653104,0.029978586723768737,0.0835117773019272,0.1284796573875803,0.09207708779443255,0.12419700214132762,0.03854389721627409,0.06638115631691649,0.047109207708779445,0.059957173447537475,0.032119914346895075,0.08137044967880086,0.14775160599571735,0.17130620985010706,0.17558886509635974,0.139186295503212,0.17558886509635974,0.139186295503212,0.11777301927194861,0.25910064239828695,0.07922912205567452,0.1734475374732334,0.09207708779443255,0.0,0.008565310492505354,0.0,0.004282655246252677,0.0021413276231263384,0.0,0.0,0.004282655246252677,0.0,0.004282655246252677,0.0021413276231263384,0.0,0.008565310492505354,0.0,0.0021413276231263384,0.0,0.0,0.0,0.004282655246252677,0.0,0.004282655246252677,0.0021413276231263384,0.0021413276231263384,0.0,0.006423982869379015,0.0,0.0021413276231263384,0.0,0.010706638115631691,0.006423982869379015,0.0021413276231263384,0.0021413276231263384,0.0021413276231263384,0.0021413276231263384,0.0,0.0,0.0021413276231263384,0.004282655246252677,0.0
Multiple_Sclerosis,0.8333333333333334,0.75,0.75,0.6666666666666666,0.8333333333333334,0.75,0.6666666666666666,0.3333333333333333,0.8333333333333334,0.5833333333333334,0.8333333333333334,0.8333333333333334,0.75,0.75,0.8333333333333334,1.0,0.3333333333333333,0.4166666666666667,0.25,0.5,0.4166666666666667,0.4166666666666667,0.4166666666666667,0.4166666666666667,0.4166666666666667,0.6666666666666666,0.4166666666666667,0.4166666666666667,0.3333333333333333,0.5,0.4166666666666667,0.5833333333333334,0.5,0.5833333333333334,0.8333333333333334,0.4166666666666667,0.4166666666666667,0.5,0.5,0.5,0.5833333333333334,0.3333333333333333,0.4166666666666667,0.5,0.4166666666666667,0.5,0.4166666666666667,0.5,0.4166666666666667,0.5833333333333334,0.5,0.5,0.16666666666666666,0.75,0.6666666666666666,0.75,0.9166666666666666,0.75,0.6666666666666666,0.6666666666666666,0.75,0.9166666666666666,0.8333333333333334,0.8333333333333334,0.75,0.9166666666666666,0.6666666666666666,0.75,0.75,0.6666666666666666,0.9166666666666666,0.16666666666666666,0.5833333333333334,0.4166666666666667,0.5,0.5,0.3333333333333333,0.6666666666666666,0.4166666666666667,0.5833333333333334,0.5833333333333334,0.5,0.5833333333333334,0.4166666666666667,0.5,0.5833333333333334,0.5833333333333334,0.4166666666666667,0.75,0.5,0.3333333333333333,0.5,0.4166666666666667,0.5,0.3333333333333333,0.25,0.4166666666666667,0.5833333333333334,0.3333333333333333,0.3333333333333333,0.5833333333333334,0.0,0.0,0.0,0.16666666666666666,0.0,0.0,0.08333333333333333,0.0,0.16666666666666666,0.08333333333333333,0.16666666666666666,0.0,0.0,0.08333333333333333,0.0,0.0,0.08333333333333333,0.0,0.08333333333333333,0.08333333333333333,0.0,0.0,0.16666666666666666,0.25,0.5,0.5,0.3333333333333333,0.5,0.5,0.5833333333333334,0.3333333333333333,0.75,0.3333333333333333,0.5,0.0,0.0,0.0,0.0,0.0,0.0,0.0,0.0,0.0,0.0,0.0,0.0,0.0,0.0,0.0,0.0,0.0,0.0,0.0,0.0,0.0,0.0,0.0,0.0,0.0,0.08333333333333333,0.0,0.0,0.0,0.0,0.0,0.0,0.0,0.0,0.0,0.0,0.0,0.0,0.0
Niemann_Pick_Disease,0.0,0.14285714285714285,0.07142857142857142,0.14285714285714285,0.07142857142857142,0.07142857142857142,0.14285714285714285,0.07142857142857142,0.2857142857142857,0.14285714285714285,0.2857142857142857,0.07142857142857142,0.0,0.21428571428571427,0.21428571428571427,0.07142857142857142,0.35714285714285715,0.14285714285714285,0.35714285714285715,0.42857142857142855,0.2857142857142857,0.2857142857142857,0.2857142857142857,0.07142857142857142,0.5,0.2857142857142857,0.35714285714285715,0.42857142857142855,0.2857142857142857,0.21428571428571427,0.2857142857142857,0.35714285714285715,0.35714285714285715,0.2857142857142857,0.2857142857142857,0.5,0.35714285714285715,0.42857142857142855,0.5714285714285714,0.5714285714285714,0.42857142857142855,0.42857142857142855,0.42857142857142855,0.5714285714285714,0.42857142857142855,0.42857142857142855,0.35714285714285715,0.6428571428571429,0.42857142857142855,0.2857142857142857,0.35714285714285715,0.42857142857142855,0.2857142857142857,0.07142857142857142,0.14285714285714285,0.07142857142857142,0.07142857142857142,0.07142857142857142,0.07142857142857142,0.07142857142857142,0.14285714285714285,0.14285714285714285,0.21428571428571427,0.21428571428571427,0.14285714285714285,0.07142857142857142,0.14285714285714285,0.14285714285714285,0.21428571428571427,0.35714285714285715,0.07142857142857142,0.2857142857142857,0.21428571428571427,0.0,0.0,0.07142857142857142,0.0,0.0,0.0,0.07142857142857142,0.07142857142857142,0.07142857142857142,0.21428571428571427,0.0,0.0,0.07142857142857142,0.07142857142857142,0.07142857142857142,0.0,0.14285714285714285,0.21428571428571427,0.07142857142857142,0.07142857142857142,0.14285714285714285,0.07142857142857142,0.07142857142857142,0.0,0.07142857142857142,0.21428571428571427,0.07142857142857142,0.07142857142857142,0.14285714285714285,0.14285714285714285,0.14285714285714285,0.21428571428571427,0.14285714285714285,0.21428571428571427,0.21428571428571427,0.21428571428571427,0.21428571428571427,0.21428571428571427,0.14285714285714285,0.07142857142857142,0.35714285714285715,0.07142857142857142,0.0,0.0,0.0,0.0,0.0,0.14285714285714285,0.07142857142857142,0.07142857142857142,0.0,0.0,0.21428571428571427,0.21428571428571427,0.07142857142857142,0.2857142857142857,0.07142857142857142,0.07142857142857142,0.2857142857142857,0.0,0.21428571428571427,0.0,0.0,0.0,0.0,0.0,0.0,0.0,0.0,0.0,0.0,0.0,0.0,0.0,0.0,0.0,0.0,0.0,0.0,0.0,0.0,0.0,0.0,0.07142857142857142,0.0,0.0,0.0,0.0,0.0,0.0,0.0,0.0,0.0,0.0,0.0,0.0,0.9285714285714286,0.0,0.0,0.0,0.0
Obesity,0.4178021138418439,0.4144912772188972,0.3943715777409907,0.4158920157901439,0.4516745192919903,0.4026486692983573,0.45065580033108366,0.40048389150643066,0.4307907805934038,0.4189481726728639,0.4809626894180568,0.41640137527059723,0.41856615306252387,0.3866038456640774,0.4528205781230103,0.45103781994142367,0.15433592257735898,0.16910734751050555,0.20603590984337197,0.21456768114096525,0.1567553801095123,0.15077040621418566,0.17585636062651216,0.17114478543231887,0.1416019355660257,0.22781102763275182,0.16083025595313893,0.1587928180313256,0.22602826945116516,0.16465045205653892,0.17216350439322553,0.21023812555711194,0.24742136763020503,0.2402903349038584,0.27696421749649813,0.36317330956322424,0.28091175347001146,0.2425824525658984,0.23774353750159175,0.27225264230230484,0.2590092958105183,0.24003565516363173,0.2637208710047116,0.20998344581688527,0.21329428243983192,0.22959378581433848,0.26295683178403156,0.24907678594167834,0.248567426461225,0.2363427989303451,0.23685215841079843,0.2728893416528715,0.21533172036164522,0.09525022284477269,0.07780466063924615,0.10811154972621928,0.09066598752069273,0.10327263466191265,0.10059849738953267,0.12288297465936585,0.0752578632369795,0.09002928817012606,0.08519037310581944,0.08251623583343945,0.10913026868712594,0.08760983063797274,0.11295046479052591,0.10645613141474596,0.09512288297465936,0.07754998089901949,0.07793200050935949,0.3284095250222845,0.37921813319750414,0.3398701133324844,0.3892779829364574,0.3321023812555711,0.3365592767095378,0.3575703552782376,0.2621927925633516,0.3236979498280912,0.29071692346873806,0.3368139564497644,0.29504647905259135,0.33082898255443777,0.31796765567299123,0.3284095250222845,0.344709028396791,0.3654654272252642,0.28906150515726475,0.3121100216477779,0.18655290971603208,0.11205908569973258,0.18527951101489876,0.15191646504520565,0.12275563478925251,0.20361645231121864,0.19151916465045205,0.20730930854450527,0.14873296829237234,0.1521711447854323,0.16401375270597224,0.2363427989303451,0.16999872660129886,0.1752196612759455,0.19062778555965873,0.18795364828727876,0.17916719724945881,0.23647013880045842,0.1819686743919521,0.20017827581815867,0.18400611231376543,0.19470266140328538,0.15904749777155228,0.20832802750541193,0.19584872023430536,0.09550490258499936,0.09792436011715268,0.14631351076021903,0.12746720998344582,0.10047115751941933,0.10212657583089266,0.08850120972876607,0.11536992232267923,0.1297593276454858,0.1261938112823125,0.18909970711829874,0.148223608811919,0.14949700751305234,0.13281548452820577,0.1778937985483255,0.14758690946135236,0.16847064815993887,0.17585636062651216,0.19024576594931872,0.15662804023939897,0.00025467974022666496,0.0020374379218133197,0.0026741372723799823,0.0024194575321533174,0.0019100980516999872,0.0012733987011333248,0.0026741372723799823,0.0019100980516999872,0.0008913790907933274,0.0014007385712466573,0.0006366993505666624,0.0007640392206799949,0.0033108366229466445,0.0,0.0019100980516999872,0.0012733987011333248,0.0012733987011333248,0.0020374379218133197,0.0017827581815866547,0.0019100980516999872,0.0014007385712466573,0.0006366993505666624,0.0010187189609066599,0.0025467974022666496,0.0031834967528333123,0.0024194575321533174,0.0014007385712466573,0.0014007385712466573,0.0024194575321533174,0.0014007385712466573,0.0017827581815866547,0.0007640392206799949,0.0020374379218133197,0.0011460588310199923,0.0025467974022666496,0.0010187189609066599,0.0015280784413599898,0.0030561568827199796,0.0007640392206799949
Osteoarthritis,0.3022983114446529,0.3595215759849906,0.2647748592870544,0.34380863039399623,0.2657129455909944,0.2732176360225141,0.2621951219512195,0.22560975609756098,0.3531894934333959,0.2687617260787992,0.29620075046904315,0.32926829268292684,0.2722795497185741,0.275093808630394,0.2929174484052533,0.34169793621013134,0.17143527204502815,0.08137898686679175,0.100140712945591,0.1852720450281426,0.09357410881801126,0.09920262664165103,0.1294559099437148,0.12312382739212008,0.10412757973733583,0.09333958724202626,0.1526735459662289,0.12617260787992496,0.10318949343339587,0.1200750469043152,0.12711069418386492,0.08325515947467167,0.05956848030018762,0.0926360225140713,0.09873358348968105,0.099906191369606,0.09357410881801126,0.07598499061913697,0.07551594746716699,0.11327392120075047,0.0724671669793621,0.07106003752345216,0.13860225140712945,0.12171669793621014,0.09920262664165103,0.06801125703564728,0.10623827392120075,0.07739212007504691,0.08231707317073171,0.0623827392120075,0.06214821763602251,0.08442776735459662,0.12875234521575984,0.22678236397748594,0.199812382739212,0.2026266416510319,0.199812382739212,0.24577861163227016,0.19652908067542213,0.34169793621013134,0.2122420262664165,0.23803939962476547,0.31941838649155724,0.2422607879924953,0.21435272045028142,0.2300656660412758,0.20684803001876173,0.22795497185741087,0.2101313320825516,0.2227954971857411,0.3123827392120075,0.3074577861163227,0.26852720450281425,0.3102720450281426,0.3968105065666041,0.38672607879924953,0.3621013133208255,0.27626641651031897,0.33090994371482174,0.28377110694183866,0.28635084427767354,0.2950281425891182,0.40290806754221387,0.36092870544090055,0.27087242026266417,0.2696998123827392,0.299718574108818,0.29432457786116323,0.351313320825516,0.32176360225140715,0.09826454033771106,0.08114446529080675,0.07270168855534709,0.0799718574108818,0.1301594746716698,0.08560037523452158,0.10576923076923077,0.12148217636022514,0.07621951219512195,0.09568480300187618,0.15666041275797374,0.12359287054409006,0.1378986866791745,0.1974671669793621,0.10881801125703565,0.1353189493433396,0.08911819887429644,0.16885553470919323,0.18808630393996248,0.15900562851782363,0.125234521575985,0.15830206378986866,0.1301594746716698,0.1700281425891182,0.13203564727954972,0.249765478424015,0.199812382739212,0.17354596622889307,0.14118198874296436,0.18785178236397748,0.13109756097560976,0.16557223264540338,0.1374296435272045,0.1475140712945591,0.174953095684803,0.20145403377110693,0.17378048780487804,0.14446529080675422,0.18574108818011256,0.1674484052532833,0.125,0.17847091932457787,0.15619136960600374,0.14892120075046905,0.18925891181988744,0.00023452157598499062,0.003283302063789869,0.0016416510318949344,0.0011726078799249532,0.0014071294559099437,0.0025797373358348967,0.003517823639774859,0.0014071294559099437,0.0023452157598499064,0.001876172607879925,0.00023452157598499062,0.0009380863039399625,0.0021106941838649157,0.0,0.003283302063789869,0.0009380863039399625,0.0016416510318949344,0.003048780487804878,0.0028142589118198874,0.001876172607879925,0.00046904315196998124,0.0014071294559099437,0.0014071294559099437,0.0007035647279549719,0.0023452157598499064,0.003283302063789869,0.0011726078799249532,0.0007035647279549719,0.0011726078799249532,0.0007035647279549719,0.0025797373358348967,0.0014071294559099437,0.00023452157598499062,0.0009380863039399625,0.0011726078799249532,0.00023452157598499062,0.0011726078799249532,0.0028142589118198874,0.0009380863039399625
Osteopetrosis,0.08695652173913043,0.2826086956521739,0.10869565217391304,0.15217391304347827,0.1956521739130435,0.06521739130434782,0.13043478260869565,0.13043478260869565,0.13043478260869565,0.13043478260869565,0.06521739130434782,0.08695652173913043,0.1956521739130435,0.1956521739130435,0.1956521739130435,0.13043478260869565,0.15217391304347827,0.21739130434782608,0.21739130434782608,0.1956521739130435,0.2608695652173913,0.17391304347826086,0.21739130434782608,0.21739130434782608,0.1956521739130435,0.21739130434782608,0.2608695652173913,0.2826086956521739,0.2608695652173913,0.2608695652173913,0.17391304347826086,0.15217391304347827,0.17391304347826086,0.17391304347826086,0.21739130434782608,0.17391304347826086,0.15217391304347827,0.15217391304347827,0.17391304347826086,0.17391304347826086,0.10869565217391304,0.21739130434782608,0.13043478260869565,0.10869565217391304,0.13043478260869565,0.08695652173913043,0.15217391304347827,0.1956521739130435,0.2608695652173913,0.15217391304347827,0.17391304347826086,0.1956521739130435,0.08695652173913043,0.15217391304347827,0.06521739130434782,0.08695652173913043,0.06521739130434782,0.08695652173913043,0.08695652173913043,0.043478260869565216,0.021739130434782608,0.0,0.043478260869565216,0.043478260869565216,0.021739130434782608,0.06521739130434782,0.043478260869565216,0.021739130434782608,0.0,0.10869565217391304,0.021739130434782608,0.43478260869565216,0.45652173913043476,0.32608695652173914,0.3695652173913043,0.391304347826087,0.3695652173913043,0.43478260869565216,0.5217391304347826,0.45652173913043476,0.32608695652173914,0.3695652173913043,0.41304347826086957,0.4782608695652174,0.30434782608695654,0.41304347826086957,0.34782608695652173,0.32608695652173914,0.41304347826086957,0.5217391304347826,0.08695652173913043,0.13043478260869565,0.13043478260869565,0.13043478260869565,0.08695652173913043,0.06521739130434782,0.15217391304347827,0.21739130434782608,0.06521739130434782,0.17391304347826086,0.15217391304347827,0.15217391304347827,0.10869565217391304,0.17391304347826086,0.06521739130434782,0.30434782608695654,0.08695652173913043,0.21739130434782608,0.17391304347826086,0.13043478260869565,0.13043478260869565,0.21739130434782608,0.13043478260869565,0.1956521739130435,0.13043478260869565,0.06521739130434782,0.08695652173913043,0.13043478260869565,0.043478260869565216,0.13043478260869565,0.08695652173913043,0.13043478260869565,0.10869565217391304,0.13043478260869565,0.13043478260869565,0.2608695652173913,0.2608695652173913,0.21739130434782608,0.2391304347826087,0.2826086956521739,0.30434782608695654,0.1956521739130435,0.30434782608695654,0.15217391304347827,0.21739130434782608,0.0,0.0,0.021739130434782608,0.0,0.0,0.0,0.021739130434782608,0.0,0.0,0.0,0.0,0.0,0.0,0.0,0.0,0.0,0.0,0.021739130434782608,0.0,0.782608695652174,0.0,0.2391304347826087,0.0,0.0,0.0,0.0,0.0,0.0,0.0,0.0,0.0,0.0,0.0,0.021739130434782608,0.0,0.0,0.0,0.0,0.0
Peptic_Ulcer_Disease,0.20740486801508398,0.16420980459376072,0.18289338361330135,0.21854645183407612,0.1906067877956805,0.22300308536167296,0.1984916009598903,0.18409324648611589,0.21254713747000342,0.22797394583476174,0.19163524168666438,0.2156324991429551,0.20071991772368872,0.18015083990401096,0.17895097703119645,0.18426465546794651,0.11261570106273569,0.10473088789852589,0.15375385670209119,0.12752828248200207,0.09410353102502571,0.11655810764484059,0.12649982859101816,0.08998971546109016,0.11707233459033253,0.13575591360987316,0.09993143640726775,0.1247857387727117,0.1244429208090504,0.11501542680836475,0.09821734658896127,0.14038395611930066,0.14106959204662325,0.12529996571820362,0.13352759684607474,0.10181693520740487,0.13969832019197806,0.1033596160438807,0.14964004113815563,0.15032567706547822,0.15221117586561536,0.1258141926636956,0.14775454233801852,0.12941378128213918,0.14604045251971204,0.14981145011998628,0.11895783339046966,0.1527254028111073,0.16609530339389783,0.17792252314021254,0.18049365786767227,0.13884127528282483,0.12084333219060679,0.43897840246828934,0.5541652382584847,0.43863558450462803,0.5126842646554679,0.48680150839904013,0.4302365443949263,0.4832019197805965,0.6412410010284539,0.40641069592046625,0.6486115872471717,0.542852245457662,0.46040452519712033,0.4852588275625643,0.5207404868015084,0.5425094274940007,0.49417209461775796,0.4768597874528625,0.4556050737058622,0.18152211175865615,0.19249228659581763,0.2056907781967775,0.17432293452176895,0.16815221117586562,0.1935207404868015,0.2038052793966404,0.24271511827219747,0.1834076105587933,0.2260884470346246,0.23483030510798766,0.19403496743229345,0.1945491943777854,0.21683236201576964,0.22180322248885842,0.19574905725059993,0.17038052793966404,0.20911895783339046,0.17535138841275283,0.1770654782310593,0.20089132670551937,0.18546451834076105,0.1863215632499143,0.1576962632841961,0.16506684950291395,0.2320877613986973,0.15443949262941378,0.13575591360987316,0.14638327048337332,0.1530682207747686,0.13832704833733286,0.09376071306136441,0.11124442920809051,0.08673294480630785,0.12170037709976003,0.09530339389784025,0.14535481659238944,0.11244429208090503,0.08347617415152554,0.11518683579019541,0.07936235858758998,0.09633184778882413,0.11295851902639699,0.10987315735344531,0.15289681179293796,0.1316420980459376,0.1559821734658896,0.13729859444634898,0.12872814535481658,0.198148782996229,0.16712375728488174,0.14175522797394582,0.13524168666438122,0.14261227288309908,0.27305450805622217,0.19249228659581763,0.21906067877956806,0.21546109016112444,0.2418580733630442,0.23517312307164895,0.2274597188892698,0.2562564278368186,0.2535138841275283,0.23277339732601987,0.00034281796366129587,0.0029139526911210146,0.0011998628728145354,0.002571134727459719,0.0015426808364758314,0.0015426808364758314,0.002571134727459719,0.002228316763798423,0.0008570449091532396,0.002056907781967775,0.00017140898183064793,0.0013712718546451835,0.0018854988001371271,0.00017140898183064793,0.002056907781967775,0.002228316763798423,0.0017140898183064792,0.0017140898183064792,0.0018854988001371271,0.002571134727459719,0.002228316763798423,0.00034281796366129587,0.0013712718546451835,0.0011998628728145354,0.0017140898183064792,0.0015426808364758314,0.0030853616729516627,0.0013712718546451835,0.0010284538909838875,0.002056907781967775,0.0015426808364758314,0.0011998628728145354,0.002742543709290367,0.0013712718546451835,0.0029139526911210146,0.0018854988001371271,0.0008570449091532396,0.0023997257456290708,0.0015426808364758314
Pneumonia,0.3676266748806407,0.40443554597258585,0.3160326505467426,0.4198367472662868,0.33836439242260896,0.3874942245495149,0.39365470506699524,0.3699368550746958,0.3406745726166641,0.4013553057138457,0.35145541352225473,0.4695826274449407,0.3967349453257354,0.34159864469428614,0.34375481287540427,0.35499768981980595,0.20468196519328508,0.18435237948559988,0.21823502233174188,0.254119821346065,0.23810257200061605,0.25165562913907286,0.2222393346681041,0.22208532265516712,0.2778376713383644,0.24611119667334053,0.22069921453873403,0.19282304019713536,0.2305559833667026,0.26721084244571075,0.23995071615586017,0.16525488988141074,0.18389034344678884,0.18265824734329278,0.19728938857230863,0.22146927460341906,0.15863237332511937,0.1646388418296627,0.2456491606345295,0.18235022331741876,0.1966733405205606,0.17079932234714307,0.17880794701986755,0.20344986908978901,0.17541968273525335,0.18866471584783612,0.23117203141845064,0.21423070999537963,0.18897273987371016,0.20421992915447404,0.17819189896811952,0.1493916525488988,0.16356075773910364,0.3115663021715694,0.30448174957646695,0.29570306483905745,0.24949946095795472,0.26289850608347454,0.3753272755274911,0.26289850608347454,0.39812105344216847,0.31295241028800247,0.24164484829816726,0.28569228399815183,0.2476513168027106,0.33651624826736487,0.2866163560757739,0.2610503619282304,0.32465732327121516,0.32234714307716,0.3488372093023256,0.1373787155398121,0.1372247035268751,0.15647620514400123,0.11427691359926075,0.254427845371939,0.13676266748806407,0.13460649930694593,0.11427691359926075,0.0813183428307408,0.14846758047127676,0.12998613891883568,0.10703834899122132,0.1202833821038041,0.14015093177267826,0.11658709379331587,0.12105344216848914,0.15509009702756815,0.10950254119821345,0.16340674572616665,0.11119667334052057,0.14785153241952873,0.1726474665023872,0.1221315262590482,0.17511165870937934,0.1746496226705683,0.16525488988141074,0.203295857076852,0.17649776682581242,0.1489296165100878,0.2173109502541198,0.10981056522408748,0.12459571846604035,0.0864007392576621,0.15863237332511937,0.12351763437548129,0.11704912983212691,0.10195595256430001,0.084860619128292,0.09517942399507162,0.1084244571076544,0.07577391036500847,0.1306021869705837,0.11766517788387494,0.09132912367164639,0.04882180810103188,0.09071307561989836,0.11627906976744186,0.09009702756815031,0.07515786231326044,0.07561989835207146,0.10272601262898506,0.08362852302479594,0.06822732173109503,0.10488218081010318,0.21407669798244264,0.24349299245341136,0.22932388726320654,0.16864315416602496,0.21269058986600956,0.2605883258894194,0.23656245187124594,0.2002156168181118,0.1932850762359464,0.2136146619436316,0.00046203603881102723,0.0050823964269213,0.004466348375173263,0.0023101801940551363,0.0013861081164330818,0.002002156168181118,0.002002156168181118,0.0016941321423071,0.0016941321423071,0.0041583243492992455,0.0010780840905590637,0.0006160480517480363,0.0015401201293700909,0.0,0.0021561681811181274,0.0007700600646850454,0.0023101801940551363,0.0027722162328661635,0.002002156168181118,0.0016941321423071,0.002926228245803173,0.0010780840905590637,0.0016941321423071,0.001848144155244109,0.0032342522716771907,0.0027722162328661635,0.0009240720776220545,0.00030802402587401816,0.0009240720776220545,0.0023101801940551363,0.001848144155244109,0.0010780840905590637,0.0012320961034960726,0.0010780840905590637,0.0027722162328661635,0.0006160480517480363,0.001848144155244109,0.0015401201293700909,0.0009240720776220545
Polycystic_Ovary_Syndrome,0.07692307692307693,0.11923076923076924,0.10604395604395604,0.08791208791208792,0.07912087912087912,0.11483516483516483,0.07692307692307693,0.12912087912087913,0.11318681318681319,0.0978021978021978,0.0912087912087912,0.12912087912087913,0.08791208791208792,0.12417582417582418,0.13846153846153847,0.0945054945054945,0.0543956043956044,0.08516483516483517,0.06593406593406594,0.08626373626373626,0.06868131868131869,0.07692307692307693,0.13681318681318683,0.07582417582417582,0.09505494505494505,0.04230769230769231,0.06043956043956044,0.09285714285714286,0.13131868131868132,0.08186813186813187,0.07857142857142857,0.054945054945054944,0.11153846153846154,0.12252747252747252,0.10274725274725274,0.13681318681318683,0.10604395604395604,0.12967032967032968,0.15714285714285714,0.13241758241758242,0.09945054945054944,0.128021978021978,0.11318681318681319,0.15384615384615385,0.14285714285714285,0.189010989010989,0.13681318681318683,0.09065934065934066,0.0989010989010989,0.11098901098901098,0.12362637362637363,0.08901098901098901,0.08516483516483517,0.24065934065934066,0.21153846153846154,0.25,0.25384615384615383,0.2945054945054945,0.24285714285714285,0.2554945054945055,0.2945054945054945,0.2510989010989011,0.2763736263736264,0.22967032967032966,0.2917582417582418,0.21318681318681318,0.2098901098901099,0.3346153846153846,0.2857142857142857,0.39615384615384613,0.24395604395604395,0.06483516483516484,0.09230769230769231,0.08846153846153847,0.07527472527472527,0.06428571428571428,0.08241758241758242,0.09010989010989011,0.07032967032967033,0.08626373626373626,0.1010989010989011,0.1445054945054945,0.11263736263736264,0.08626373626373626,0.18076923076923077,0.08461538461538462,0.11208791208791209,0.14835164835164835,0.14505494505494507,0.06208791208791209,0.21868131868131868,0.18461538461538463,0.21043956043956044,0.3208791208791209,0.22857142857142856,0.22692307692307692,0.2967032967032967,0.3120879120879121,0.23626373626373626,0.2774725274725275,0.23406593406593407,0.21043956043956044,0.3346153846153846,0.2549450549450549,0.27802197802197803,0.28516483516483515,0.2087912087912088,0.2478021978021978,0.2725274725274725,0.25659340659340657,0.24615384615384617,0.31043956043956045,0.29395604395604397,0.3263736263736264,0.28076923076923077,0.08461538461538462,0.06428571428571428,0.06263736263736264,0.10164835164835165,0.09505494505494505,0.046703296703296704,0.054945054945054944,0.06703296703296703,0.12032967032967033,0.08021978021978023,0.2752747252747253,0.26373626373626374,0.3335164835164835,0.21373626373626373,0.2549450549450549,0.2906593406593407,0.2763736263736264,0.2412087912087912,0.2434065934065934,0.23186813186813188,0.0,0.002197802197802198,0.0027472527472527475,0.001098901098901099,0.001098901098901099,0.0016483516483516484,0.007142857142857143,0.001098901098901099,0.0005494505494505495,0.0032967032967032967,0.0,0.0005494505494505495,0.001098901098901099,0.0,0.002197802197802198,0.002197802197802198,0.001098901098901099,0.006593406593406593,0.007142857142857143,0.0027472527472527475,0.002197802197802198,0.001098901098901099,0.0016483516483516484,0.001098901098901099,0.0032967032967032967,0.001098901098901099,0.0005494505494505495,0.0005494505494505495,0.0032967032967032967,0.0005494505494505495,0.0027472527472527475,0.0005494505494505495,0.004945054945054945,0.001098901098901099,0.005494505494505495,0.0,0.002197802197802198,0.001098901098901099,0.0005494505494505495
Psoriasis,0.5,0.0,0.5,0.5,0.5,1.0,0.0,0.5,1.0,1.0,1.0,1.0,1.0,1.0,0.5,1.0,0.0,0.0,0.5,0.0,0.5,0.5,0.0,0.0,0.5,0.0,0.5,0.5,0.0,0.0,0.5,0.0,0.0,0.0,0.0,0.0,0.5,0.0,0.0,0.5,0.0,0.0,0.0,0.0,0.0,0.0,0.0,0.0,0.0,0.5,0.0,0.5,0.0,0.5,0.0,0.5,0.0,0.0,0.0,1.0,0.0,0.0,0.0,0.0,0.5,0.0,0.0,0.0,0.0,1.0,0.0,0.5,0.5,0.5,0.5,0.5,0.5,0.5,0.5,0.5,0.5,0.5,0.5,0.5,0.5,0.5,0.5,0.5,0.5,0.5,0.5,0.5,0.5,0.5,1.0,0.0,0.5,0.5,0.5,0.5,0.0,0.0,0.0,0.0,0.0,0.0,0.0,0.0,0.0,0.0,0.0,0.0,0.0,0.0,0.0,0.0,0.5,0.0,0.0,0.0,0.0,0.0,0.5,0.0,0.0,0.5,0.0,0.0,0.5,0.0,0.0,0.0,0.0,0.0,0.0,0.0,0.0,0.0,0.0,0.0,0.0,0.0,0.0,0.0,0.0,0.0,0.0,0.0,0.0,0.0,0.0,0.0,0.0,0.0,0.0,0.0,0.0,0.0,0.0,0.0,0.0,0.0,0.0,0.0,0.0,0.0,0.0,0.0,0.0,0.0,0.0,0.0,0.0,0.0
Spinal_Muscular_Atrophy,0.058823529411764705,0.11764705882352941,0.11764705882352941,0.058823529411764705,0.11764705882352941,0.17647058823529413,0.11764705882352941,0.17647058823529413,0.17647058823529413,0.23529411764705882,0.058823529411764705,0.11764705882352941,0.058823529411764705,0.058823529411764705,0.11764705882352941,0.17647058823529413,0.11764705882352941,0.058823529411764705,0.17647058823529413,0.11764705882352941,0.17647058823529413,0.058823529411764705,0.17647058823529413,0.23529411764705882,0.23529411764705882,0.11764705882352941,0.17647058823529413,0.23529411764705882,0.35294117647058826,0.17647058823529413,0.23529411764705882,0.17647058823529413,0.11764705882352941,0.23529411764705882,0.11764705882352941,0.23529411764705882,0.35294117647058826,0.11764705882352941,0.29411764705882354,0.23529411764705882,0.17647058823529413,0.058823529411764705,0.23529411764705882,0.23529411764705882,0.17647058823529413,0.11764705882352941,0.17647058823529413,0.17647058823529413,0.17647058823529413,0.17647058823529413,0.23529411764705882,0.23529411764705882,0.11764705882352941,0.058823529411764705,0.058823529411764705,0.058823529411764705,0.17647058823529413,0.35294117647058826,0.11764705882352941,0.058823529411764705,0.0,0.23529411764705882,0.058823529411764705,0.0,0.058823529411764705,0.23529411764705882,0.058823529411764705,0.058823529411764705,0.11764705882352941,0.0,0.17647058823529413,0.35294117647058826,0.23529411764705882,0.23529411764705882,0.11764705882352941,0.17647058823529413,0.058823529411764705,0.058823529411764705,0.11764705882352941,0.23529411764705882,0.058823529411764705,0.11764705882352941,0.058823529411764705,0.058823529411764705,0.29411764705882354,0.23529411764705882,0.058823529411764705,0.17647058823529413,0.11764705882352941,0.11764705882352941,0.17647058823529413,0.11764705882352941,0.11764705882352941,0.11764705882352941,0.11764705882352941,0.11764705882352941,0.11764705882352941,0.11764705882352941,0.11764705882352941,0.17647058823529413,0.058823529411764705,0.11764705882352941,0.11764705882352941,0.0,0.058823529411764705,0.058823529411764705,0.17647058823529413,0.058823529411764705,0.0,0.0,0.058823529411764705,0.058823529411764705,0.23529411764705882,0.058823529411764705,0.11764705882352941,0.058823529411764705,0.17647058823529413,0.058823529411764705,0.0,0.058823529411764705,0.11764705882352941,0.058823529411764705,0.11764705882352941,0.17647058823529413,0.11764705882352941,0.17647058823529413,0.23529411764705882,0.29411764705882354,0.17647058823529413,0.35294117647058826,0.11764705882352941,0.23529411764705882,0.29411764705882354,0.29411764705882354,0.23529411764705882,0.0,0.0,0.0,0.0,0.0,0.0,0.0,0.0,0.0,0.058823529411764705,0.0,0.0,0.0,0.0,0.0,0.0,0.0,0.0,0.0,0.0,0.0,0.0,0.0,0.0,0.0,0.0,0.0,0.0,0.0,0.0,0.0,0.0,0.0,0.0,0.5882352941176471,0.4117647058823529,0.0,0.0,0.0
Stroke,0.34375,0.25,0.3125,0.375,0.203125,0.359375,0.3125,0.359375,0.3125,0.296875,0.390625,0.421875,0.34375,0.421875,0.421875,0.34375,0.421875,0.375,0.296875,0.40625,0.46875,0.46875,0.59375,0.515625,0.40625,0.53125,0.390625,0.421875,0.5,0.40625,0.328125,0.3125,0.4375,0.46875,0.4375,0.484375,0.5,0.484375,0.515625,0.375,0.546875,0.46875,0.390625,0.65625,0.453125,0.5,0.3125,0.375,0.453125,0.421875,0.4375,0.484375,0.34375,0.21875,0.1875,0.265625,0.203125,0.359375,0.140625,0.3125,0.265625,0.25,0.1875,0.28125,0.265625,0.28125,0.34375,0.265625,0.25,0.265625,0.265625,0.25,0.265625,0.359375,0.296875,0.3125,0.265625,0.34375,0.140625,0.1875,0.359375,0.484375,0.296875,0.28125,0.421875,0.296875,0.171875,0.15625,0.375,0.265625,0.1875,0.328125,0.328125,0.359375,0.265625,0.28125,0.40625,0.4375,0.421875,0.4375,0.4375,0.109375,0.09375,0.28125,0.078125,0.078125,0.09375,0.0625,0.078125,0.078125,0.15625,0.09375,0.015625,0.171875,0.0625,0.25,0.296875,0.1875,0.09375,0.140625,0.125,0.125,0.140625,0.125,0.09375,0.109375,0.171875,0.484375,0.109375,0.140625,0.203125,0.171875,0.140625,0.109375,0.078125,0.0,0.0,0.0,0.0,0.0,0.0,0.015625,0.015625,0.0,0.0,0.0,0.0,0.015625,0.0,0.015625,0.015625,0.0,0.0,0.0,0.0,0.015625,0.015625,0.0,0.0,0.015625,0.0,0.0,0.0,0.015625,0.0,0.0,0.0,0.0,0.0,0.0,0.0,0.0,0.0,0.0
Systemic_Lupus_Erythematosus,0.34615384615384615,0.34615384615384615,0.358974358974359,0.28846153846153844,0.5576923076923077,0.36538461538461536,0.3333333333333333,0.3076923076923077,0.41025641025641024,0.38461538461538464,0.4166666666666667,0.4230769230769231,0.32051282051282054,0.3269230769230769,0.4358974358974359,0.36538461538461536,0.36538461538461536,0.41025641025641024,0.4423076923076923,0.3974358974358974,0.48717948717948717,0.38461538461538464,0.42948717948717946,0.42948717948717946,0.3974358974358974,0.4166666666666667,0.3717948717948718,0.41025641025641024,0.40384615384615385,0.4230769230769231,0.33974358974358976,0.8653846153846154,0.7884615384615384,0.8205128205128205,0.6794871794871795,0.7628205128205128,0.7884615384615384,0.6666666666666666,0.7756410256410257,0.8910256410256411,0.75,0.6089743589743589,0.7435897435897436,0.6987179487179487,0.6666666666666666,0.717948717948718,0.7307692307692307,0.6858974358974359,0.7564102564102564,0.7307692307692307,0.7371794871794872,0.6794871794871795,0.6794871794871795,0.14102564102564102,0.14743589743589744,0.2692307692307692,0.1858974358974359,0.3141025641025641,0.1346153846153846,0.16666666666666666,0.1346153846153846,0.17307692307692307,0.16666666666666666,0.16025641025641027,0.20512820512820512,0.2692307692307692,0.14743589743589744,0.08333333333333333,0.15384615384615385,0.14102564102564102,0.1282051282051282,0.19230769230769232,0.17307692307692307,0.2564102564102564,0.15384615384615385,0.19230769230769232,0.22435897435897437,0.16666666666666666,0.11538461538461539,0.20512820512820512,0.19230769230769232,0.08974358974358974,0.24358974358974358,0.16666666666666666,0.16025641025641027,0.17307692307692307,0.20512820512820512,0.12179487179487179,0.16666666666666666,0.12179487179487179,0.22435897435897437,0.14743589743589744,0.23717948717948717,0.17307692307692307,0.23076923076923078,0.19230769230769232,0.34615384615384615,0.2564102564102564,0.14743589743589744,0.14102564102564102,0.21794871794871795,0.057692307692307696,0.08974358974358974,0.10256410256410256,0.02564102564102564,0.03205128205128205,0.03205128205128205,0.08333333333333333,0.04487179487179487,0.09615384615384616,0.04487179487179487,0.038461538461538464,0.057692307692307696,0.07692307692307693,0.10256410256410256,0.27564102564102566,0.22435897435897437,0.23717948717948717,0.23076923076923078,0.24358974358974358,0.24358974358974358,0.23076923076923078,0.23076923076923078,0.5961538461538461,0.23076923076923078,0.38461538461538464,0.3333333333333333,0.32051282051282054,0.3717948717948718,0.3333333333333333,0.36538461538461536,0.28846153846153844,0.30128205128205127,0.26282051282051283,0.3333333333333333,0.0,0.0,0.0,0.0,0.01282051282051282,0.0,0.00641025641025641,0.0,0.0,0.0,0.00641025641025641,0.0,0.0,0.0,0.0,0.00641025641025641,0.0,0.00641025641025641,0.00641025641025641,0.00641025641025641,0.0,0.0,0.0,0.0,0.0,0.0,0.0,0.0,0.00641025641025641,0.00641025641025641,0.0,0.0,0.00641025641025641,0.01282051282051282,0.0,0.0,0.0,0.00641025641025641,0.0
Tuberculosis,0.7164179104477612,0.582089552238806,0.7164179104477612,0.7611940298507462,0.6865671641791045,0.7164179104477612,0.835820895522388,0.582089552238806,0.6567164179104478,0.746268656716418,0.7014925373134329,0.7014925373134329,0.6567164179104478,0.6865671641791045,0.5671641791044776,0.6268656716417911,0.13432835820895522,0.22388059701492538,0.029850746268656716,0.16417910447761194,0.1791044776119403,0.11940298507462686,0.2537313432835821,0.08955223880597014,0.16417910447761194,0.11940298507462686,0.11940298507462686,0.1044776119402985,0.13432835820895522,0.1044776119402985,0.1044776119402985,0.5223880597014925,0.40298507462686567,0.5223880597014925,0.582089552238806,0.5074626865671642,0.6119402985074627,0.3582089552238806,0.6119402985074627,0.4626865671641791,0.582089552238806,0.5223880597014925,0.6865671641791045,0.5373134328358209,0.5074626865671642,0.6268656716417911,0.582089552238806,0.5970149253731343,0.582089552238806,0.5223880597014925,0.5223880597014925,0.5522388059701493,0.5373134328358209,0.5074626865671642,0.47761194029850745,0.5074626865671642,0.5522388059701493,0.417910447761194,0.44776119402985076,0.47761194029850745,0.43283582089552236,0.6716417910447762,0.44776119402985076,0.3880597014925373,0.417910447761194,0.3880597014925373,0.31343283582089554,0.417910447761194,0.373134328358209,0.34328358208955223,0.5373134328358209,0.19402985074626866,0.208955223880597,0.08955223880597014,0.1044776119402985,0.08955223880597014,0.3880597014925373,0.11940298507462686,0.07462686567164178,0.07462686567164178,0.2537313432835821,0.16417910447761194,0.07462686567164178,0.11940298507462686,0.1791044776119403,0.16417910447761194,0.07462686567164178,0.13432835820895522,0.16417910447761194,0.14925373134328357,0.19402985074626866,0.16417910447761194,0.11940298507462686,0.029850746268656716,0.2537313432835821,0.08955223880597014,0.208955223880597,0.14925373134328357,0.2537313432835821,0.16417910447761194,0.14925373134328357,0.14925373134328357,0.1044776119402985,0.1791044776119403,0.11940298507462686,0.19402985074626866,0.1791044776119403,0.19402985074626866,0.2835820895522388,0.1044776119402985,0.13432835820895522,0.1044776119402985,0.14925373134328357,0.23880597014925373,0.19402985074626866,0.1044776119402985,0.22388059701492538,0.14925373134328357,0.208955223880597,0.13432835820895522,0.1044776119402985,0.14925373134328357,0.22388059701492538,0.23880597014925373,0.1044776119402985,0.6417910447761194,0.5671641791044776,0.6268656716417911,0.4925373134328358,0.582089552238806,0.5522388059701493,0.5970149253731343,0.7313432835820896,0.5373134328358209,0.5074626865671642,0.0,0.0,0.0,0.014925373134328358,0.0,0.0,0.0,0.0,0.0,0.0,0.0,0.0,0.0,0.0,0.0,0.0,0.014925373134328358,0.0,0.0,0.0,0.0,0.0,0.014925373134328358,0.0,0.0,0.0,0.0,0.0,0.0,0.0,0.0,0.0,0.0,0.0,0.0,0.0,0.0,0.0,0.0
Type2_Diabetes,0.22122542469937012,0.2469937010879939,0.2567283832792518,0.20690971559457913,0.21168161862950946,0.2538652414582936,0.26455430425653753,0.23210536361901127,0.3006298912006108,0.23363237259018896,0.23458675319717504,0.17675128841381943,0.22866959343386142,0.32238976903989314,0.23878602786791372,0.2238976903989311,0.12540561175796908,0.11395304447413629,0.1084176369536171,0.11185340713876694,0.12845962970032448,0.1402939492269517,0.13170452376407712,0.11872494750906662,0.10727238022523382,0.09181141439205956,0.1616720748234396,0.11796144302347776,0.08646688299293759,0.09734682191257873,0.10669975186104218,0.3325062034739454,0.3456766558503531,0.31437297194121017,0.34185913342240887,0.3277343004390151,0.2586371444932239,0.32563466310364575,0.3481580454285169,0.3176178660049628,0.3496850543996946,0.3262072914678374,0.3746898263027295,0.27696125214735634,0.3136094674556213,0.34109562893682,0.35426608131322773,0.3598014888337469,0.350066806642489,0.3754533307883184,0.30731055544951325,0.303493033021569,0.30215690017178853,0.3407138766940256,0.29929375835083033,0.29967551059362474,0.2979576255010498,0.3754533307883184,0.3655277724756633,0.3164726092765795,0.3059744225997328,0.30902844054208817,0.27657949990456193,0.28879557167398356,0.3206718839473182,0.31189158236304637,0.30253865241458294,0.2733346058408093,0.3370872303874785,0.3279251765604123,0.30941019278488263,0.17827829738499715,0.13647642679900746,0.16510784500858944,0.11738881465928612,0.20442832601641533,0.1574728001527009,0.1660622256155755,0.1691162435579309,0.162053827066234,0.14124832983393779,0.14353884329070432,0.15594579118152319,0.15823630463828975,0.13552204619202138,0.2036648215308265,0.18457720939110517,0.13342240885665202,0.17541515556403894,0.12597824012216072,0.15709104790990647,0.18457720939110517,0.21149074250811223,0.1924031303683909,0.19316663485397978,0.14105745371254055,0.23325062034739455,0.17255201374308074,0.176369536171025,0.17675128841381943,0.1778965451422027,0.22198892918495897,0.1992746707386906,0.2025195648024432,0.20194693643825157,0.21721702615002864,0.23802252338232488,0.179041801870586,0.2063370872303875,0.20003817522427944,0.20748234395877077,0.27467073869058983,0.18744035121206337,0.1792326779919832,0.1922122542469937,0.11891582363046382,0.13265890437106317,0.1679709868295476,0.18171406757014696,0.2553922504294713,0.10479099064707005,0.12254246993701089,0.09467455621301775,0.1578545523954953,0.08837564420690971,0.1475472418400458,0.16243557930902844,0.14525672838327924,0.15308264936056498,0.14792899408284024,0.20041992746707388,0.1446841000190876,0.17388814659286123,0.14659286123305976,0.13514029394922694,0.0,0.0017178850925749188,0.004581026913533117,0.002863141820958198,0.0026722656995609847,0.0034357701851498376,0.0022905134567665587,0.003054017942355411,0.003054017942355411,0.0020996373353693453,0.0001908761213972132,0.0003817522427944264,0.0017178850925749188,0.0,0.002863141820958198,0.0011452567283832794,0.001908761213972132,0.002863141820958198,0.0040083985493414775,0.0020996373353693453,0.000954380606986066,0.000954380606986066,0.0017178850925749188,0.0034357701851498376,0.001908761213972132,0.003626646306547051,0.0005726283641916397,0.0022905134567665587,0.0013361328497804924,0.0022905134567665587,0.0011452567283832794,0.0003817522427944264,0.0017178850925749188,0.0011452567283832794,0.0011452567283832794,0.0005726283641916397,0.001908761213972132,0.0017178850925749188,0.0020996373353693453
Typhoid_Fever,0.0,0.0,0.0,0.0,0.0,0.5,0.0,1.0,0.0,0.0,0.0,0.0,0.5,0.0,0.0,0.0,0.0,0.0,0.0,0.0,0.0,0.0,0.0,0.0,0.0,0.0,0.0,0.0,0.0,0.5,0.5,0.0,0.0,0.0,0.0,0.0,0.0,0.0,0.0,0.0,0.0,0.0,0.0,0.0,0.0,0.0,0.0,0.0,0.0,0.0,0.0,0.0,0.0,0.5,1.0,0.5,0.5,1.0,1.0,0.5,0.5,1.0,1.0,1.0,0.0,1.0,1.0,1.0,0.5,1.0,0.5,0.5,0.0,1.0,0.0,1.0,0.5,0.5,0.5,0.5,0.5,0.5,0.5,0.0,0.5,0.5,0.0,0.5,0.5,0.5,0.5,0.0,0.0,0.0,0.5,0.0,0.0,0.5,0.5,0.0,0.0,0.0,0.0,0.0,0.5,0.0,0.0,0.0,0.0,0.5,0.0,0.0,0.0,0.0,0.5,1.0,0.0,0.0,0.0,0.0,0.0,0.0,1.0,0.0,0.0,0.0,0.0,0.0,0.0,0.0,0.0,0.0,0.0,0.0,0.0,0.0,0.0,0.0,0.0,0.5,0.0,0.0,0.0,0.0,0.0,0.0,0.0,0.0,0.0,0.0,0.0,0.0,0.0,0.0,0.0,0.0,0.0,0.0,0.0,0.0,0.0,0.0,0.0,0.0,0.0,0.0,0.0,0.0,0.0,0.0,0.0,0.0,0.5,0.0
Ulcerative_Colitis,0.5714285714285714,0.8571428571428571,0.8571428571428571,0.42857142857142855,0.5714285714285714,0.8571428571428571,0.8571428571428571,0.5714285714285714,1.0,0.7142857142857143,0.7142857142857143,0.42857142857142855,0.5714285714285714,0.8571428571428571,0.2857142857142857,0.7142857142857143,0.14285714285714285,0.14285714285714285,0.0,0.2857142857142857,0.2857142857142857,0.2857142857142857,0.2857142857142857,0.14285714285714285,0.14285714285714285,0.2857142857142857,0.14285714285714285,0.2857142857142857,0.0,0.14285714285714285,0.14285714285714285,0.0,0.14285714285714285,0.0,0.0,0.0,0.14285714285714285,0.2857142857142857,0.2857142857142857,0.14285714285714285,0.0,0.2857142857142857,0.0,0.14285714285714285,0.14285714285714285,0.14285714285714285,0.0,0.14285714285714285,0.14285714285714285,0.14285714285714285,0.0,0.0,0.0,0.14285714285714285,0.0,0.0,0.0,0.0,0.0,0.0,0.0,0.0,0.14285714285714285,0.0,0.0,0.0,0.0,0.14285714285714285,0.14285714285714285,0.0,0.0,0.42857142857142855,0.7142857142857143,0.8571428571428571,0.7142857142857143,0.8571428571428571,0.7142857142857143,0.7142857142857143,0.5714285714285714,0.7142857142857143,0.8571428571428571,0.7142857142857143,0.42857142857142855,0.7142857142857143,0.8571428571428571,0.5714285714285714,0.7142857142857143,0.7142857142857143,0.7142857142857143,0.5714285714285714,0.14285714285714285,0.42857142857142855,0.2857142857142857,0.5714285714285714,0.42857142857142855,0.42857142857142855,0.5714285714285714,0.42857142857142855,0.42857142857142855,0.42857142857142855,0.5714285714285714,0.7142857142857143,0.8571428571428571,0.8571428571428571,0.5714285714285714,0.7142857142857143,0.7142857142857143,0.8571428571428571,0.8571428571428571,0.8571428571428571,0.8571428571428571,0.5714285714285714,0.8571428571428571,1.0,0.7142857142857143,0.0,0.2857142857142857,0.14285714285714285,0.0,0.0,0.14285714285714285,0.0,0.14285714285714285,0.14285714285714285,0.14285714285714285,0.0,0.0,0.14285714285714285,0.0,0.14285714285714285,0.0,0.0,0.0,0.0,0.14285714285714285,0.0,0.0,0.0,0.0,0.0,0.0,0.0,0.0,0.0,0.0,0.0,0.0,0.0,0.0,0.0,0.0,0.0,0.0,0.0,0.0,0.14285714285714285,0.0,0.0,0.0,0.0,0.0,0.0,0.0,0.0,0.0,0.0,0.0,0.0,0.0,0.0,0.0,0.0,0.0,0.0
Urinary_Tract_Infection,0.0,0.5,0.5,1.0,0.5,0.5,0.0,0.5,0.5,0.5,0.5,0.5,0.5,0.5,0.0,0.5,0.0,0.0,0.0,0.5,0.5,0.0,0.0,0.0,0.0,0.5,0.0,0.0,0.0,0.5,0.0,0.5,0.5,0.0,0.5,0.5,1.0,0.5,0.5,0.5,0.5,0.5,0.5,0.5,0.5,0.5,0.5,0.5,1.0,0.5,0.5,0.5,0.5,0.0,0.0,0.5,0.0,0.5,0.0,0.0,0.5,0.0,0.0,0.0,0.0,0.0,0.0,0.0,0.0,0.0,0.0,0.0,0.5,1.0,0.5,0.0,0.5,0.5,0.0,0.0,0.5,1.0,0.5,0.5,0.5,0.0,0.0,0.5,0.0,0.5,0.5,0.0,1.0,1.0,0.5,0.5,0.0,0.5,0.5,0.5,0.5,0.5,0.0,0.0,0.0,0.0,0.0,0.0,0.5,0.0,0.0,0.0,0.0,0.5,0.0,0.5,1.0,0.5,0.0,0.5,0.0,1.0,0.0,0.5,0.5,1.0,1.0,1.0,1.0,1.0,1.0,0.5,1.0,1.0,0.0,0.0,0.0,0.0,0.0,0.0,0.0,0.0,0.0,0.0,0.0,0.0,0.0,0.0,0.0,0.0,0.0,0.0,0.0,0.0,0.0,0.0,0.0,0.0,0.0,0.0,0.0,0.0,0.0,0.0,0.0,0.0,0.0,0.0,0.0,0.0,0.0,0.0,0.0,0.0
